Type,Phrase,Pronunciation,Sounds_Like,Bangla_Pronunciation,Meaning,Bangla_Meaning,Collocations,Bangla Collocation,Synonyms,Antonyms,CEFR_Level,Learner_Sublist,example sentence,Bangla example sentence,image prompt related to the example sentence,example sentence (3 sentences in an array)
Phrasal Verb,bring up,/brɪŋ ʌp/,BRING up,ব্রিং আপ,To mention or introduce a topic in conversation,কথোপকথনে কোনো বিষয় উল্লেখ বা পরিচয় করানো,"[{""phrase"": ""bring up a topic"", ""example_sentence"": ""You can bring up a topic in everyday situations.""}, {""phrase"": ""bring up an issue"", ""example_sentence"": ""Workers often bring up an issue during a busy day.""}, {""phrase"": ""bring up a question"", ""example_sentence"": ""Students should learn to bring up a question when it is useful.""}]","[{""phrase"": ""একটি বিষয় পরিচয় করানো"", ""example_sentence"": ""শিক্ষার্থীরা উদাহরণে একটি বিষয় পরিচয় করানো অনুশীলন করে।""}, {""phrase"": ""একটি সমস্যা পরিচয় করানো"", ""example_sentence"": ""শিক্ষার্থীরা উদাহরণে একটি সমস্যা পরিচয় করানো অনুশীলন করে।""}, {""phrase"": ""একটি প্রশ্ন পরিচয় করানো"", ""example_sentence"": ""শিক্ষার্থীরা উদাহরণে একটি প্রশ্ন পরিচয় করানো অনুশীলন করে।""}]",mention; raise; introduce; refer to,avoid mentioning; keep quiet about; hide; suppress,A2,01 - Communication & Discussion,"At dinner, Mia had to bring up the summer travel plan while the family was eating together.","রাতের খাবারের সময়, মিয়াকে কথোপকথনে পরিবার একসঙ্গে খাওয়ার সময় গ্রীষ্মের ভ্রমণ পরিকল্পনাটি উল্লেখ বা পরিচয় করানো প্রয়োজন হয়েছিল।","family dinner table in a warm kitchen, one person speaking about plans while others listen. Realistic contemporary setting, natural lighting, clear facial expressions, accurate everyday details, documentary photography style.","[""Please bring up the budget issue today."", ""Daniel wanted to bring up the class trip at lunch."", ""The teacher asked us to bring up one more point.""]"
Phrasal Verb,figure out,/fɪɡjɚ aʊt/,FIG-yer out,ফিগার আউট,To understand or solve something after thinking about it,ভেবে কোনো কিছু বোঝা বা সমাধান করা,"[{""phrase"": ""figure out the answer"", ""example_sentence"": ""You can figure out the answer in everyday situations.""}, {""phrase"": ""figure out a solution"", ""example_sentence"": ""Workers often figure out a solution during a busy day.""}, {""phrase"": ""figure out the problem"", ""example_sentence"": ""Students should learn to figure out the problem when it is useful.""}]","[{""phrase"": ""উত্তরটি সমাধান করা"", ""example_sentence"": ""শিক্ষার্থীরা উদাহরণে উত্তরটি সমাধান করা অনুশীলন করে।""}, {""phrase"": ""একটি সমাধান সমাধান করা"", ""example_sentence"": ""শিক্ষার্থীরা উদাহরণে একটি সমাধান সমাধান করা অনুশীলন করে।""}, {""phrase"": ""সমস্যাটি সমাধান করা"", ""example_sentence"": ""শিক্ষার্থীরা উদাহরণে সমস্যাটি সমাধান করা অনুশীলন করে।""}]",understand; work out; solve; make sense of,misunderstand; miss the point; fail to solve,A2,"02 - Thinking, Learning & Understanding","At her desk, Daniel had to figure out why the printer kept stopping before the report was due.","নিজের ডেস্কে, ড্যানিয়েলকে ভেবে রিপোর্ট জমা দেওয়ার আগে প্রিন্টারটি কেন বারবার বন্ধ হচ্ছিল বোঝা বা সমাধান করা প্রয়োজন হয়েছিল।","office desk with computer, stopped printer, young professional thinking and checking documents. Realistic contemporary setting, natural lighting, clear facial expressions, accurate everyday details, documentary photography style.","[""Aisha tried to figure out the last question alone."", ""We need to figure out why the app keeps freezing."", ""Lucas could not figure out the map until sunset.""]"
Phrasal Verb,look forward to,/lʊk fɔrwɚd tu/,LOOK FOR-werd too,লুক ফরওয়ার্ড টু,To feel excited or positive about something in the future,ভবিষ্যতের কোনো বিষয় নিয়ে আনন্দিত বা ইতিবাচক অনুভব করা,"[{""phrase"": ""look forward to the weekend"", ""example_sentence"": ""You can look forward to the weekend in everyday situations.""}, {""phrase"": ""look forward to the meeting"", ""example_sentence"": ""Workers often look forward to the meeting during a busy day.""}, {""phrase"": ""look forward to the trip"", ""example_sentence"": ""Students should learn to look forward to the trip when it is useful.""}]","[{""phrase"": ""সপ্তাহান্তটি ইতিবাচক অনুভব করা"", ""example_sentence"": ""শিক্ষার্থীরা উদাহরণে সপ্তাহান্তটি ইতিবাচক অনুভব করা অনুশীলন করে।""}, {""phrase"": ""মিটিংটি ইতিবাচক অনুভব করা"", ""example_sentence"": ""শিক্ষার্থীরা উদাহরণে মিটিংটি ইতিবাচক অনুভব করা অনুশীলন করে।""}, {""phrase"": ""ভ্রমণটি ইতিবাচক অনুভব করা"", ""example_sentence"": ""শিক্ষার্থীরা উদাহরণে ভ্রমণটি ইতিবাচক অনুভব করা অনুশীলন করে।""}]",anticipate; be eager for; await happily,dread; be anxious about; feel indifferent to,B1,"09 - Relationships, Feelings & Daily Life",Maya is looking forward to the school concert next Friday.,মায়া আগামী শুক্রবারের স্কুল কনসার্টের জন্য অধীর আগ্রহে অপেক্ষা করছে।,"Teenager in a tidy bedroom smiling at a wall calendar with the school concert date circled, music notes and a backpack nearby, warm natural light, realistic photography.","[""I look forward to our class trip every spring."", ""They are looking forward to the training day next week."", ""Sam is really looking forward to the holiday break.""]"
Phrasal Verb,carry on,/kæri ɑn/,CARRY on,ক্যারি অন,To continue doing something,কোনো কাজ চালিয়ে যাওয়া,"[{""phrase"": ""carry on on time"", ""example_sentence"": ""The team tried to carry on on time so the schedule stayed clear.""}, {""phrase"": ""carry on during the project"", ""example_sentence"": ""Things may carry on during the project when the workload increases.""}, {""phrase"": ""carry on without delay"", ""example_sentence"": ""Everyone was ready to carry on without delay after the announcement.""}]","[{""phrase"": ""সময়মতো কোনো কাজ চালিয়ে যাওয়া"", ""example_sentence"": ""শিক্ষার্থীরা উদাহরণে সময়মতো কোনো কাজ চালিয়ে যাওয়া অনুশীলন করে।""}, {""phrase"": ""প্রকল্প চলাকালে কোনো কাজ চালিয়ে যাওয়া"", ""example_sentence"": ""শিক্ষার্থীরা উদাহরণে প্রকল্প চলাকালে কোনো কাজ চালিয়ে যাওয়া অনুশীলন করে।""}, {""phrase"": ""দেরি না করে কোনো কাজ চালিয়ে যাওয়া"", ""example_sentence"": ""শিক্ষার্থীরা উদাহরণে দেরি না করে কোনো কাজ চালিয়ে যাওয়া অনুশীলন করে।""}]",continue; keep going; proceed; persist,stop; quit; give up; discontinue,A2,"05 - Time, Scheduling & Process","After the power cut, Lucas decided to carry on with the report.","বিদ্যুৎ চলে যাওয়ার পর, লুকাস রিপোর্টটি চালিয়ে যাওয়ার সিদ্ধান্ত নিয়েছিল।","office worker using a laptop near a window, continuing work after a brief outage. Realistic contemporary setting, natural lighting, clear facial expressions, accurate everyday details, documentary photography style.","[""Please carry on with your reading."", ""The workers carry on after the short break."", ""Ethan had to carry on despite the noise.""]"
Phrasal Verb,give up,/ɡɪv ʌp/,GIV up,গিভ আপ,To stop trying; to quit,চেষ্টা করা বন্ধ করা; ছেড়ে দেওয়া,"[{""phrase"": ""give up smoking"", ""example_sentence"": ""You can give up smoking in everyday situations.""}, {""phrase"": ""give up hope"", ""example_sentence"": ""Workers often give up hope during a busy day.""}, {""phrase"": ""give up the old plan"", ""example_sentence"": ""Students should learn to give up the old plan when it is useful.""}]","[{""phrase"": ""smoking চেষ্টা করা বন্ধ করা"", ""example_sentence"": ""শিক্ষার্থীরা উদাহরণে smoking চেষ্টা করা বন্ধ করা অনুশীলন করে।""}, {""phrase"": ""hope চেষ্টা করা বন্ধ করা"", ""example_sentence"": ""শিক্ষার্থীরা উদাহরণে hope চেষ্টা করা বন্ধ করা অনুশীলন করে।""}, {""phrase"": ""পুরোনো পরিকল্পনা চেষ্টা করা বন্ধ করা"", ""example_sentence"": ""শিক্ষার্থীরা উদাহরণে পুরোনো পরিকল্পনা চেষ্টা করা বন্ধ করা অনুশীলন করে।""}]",quit; stop trying; surrender; abandon,persist; keep trying; carry on; persevere,A2,"07 - Problems, Difficulty & Risk","After two hours, Sofia had to give up because it was not working.","দুই ঘণ্টা পর, সোফিয়াকে কারণ সেটি কাজ করছিল না চেষ্টা করা বন্ধ করা বা ছেড়ে দেওয়া প্রয়োজন হয়েছিল।","person in a garage looking tired beside a broken bicycle and tools. Realistic contemporary setting, natural lighting, clear facial expressions, accurate everyday details, documentary photography style.","[""After an hour, Ethan decided to give up."", ""Do not give up before you check the answer again."", ""The team refused to give up even after the setback.""]"
Phrasal Verb,put off,/pʊt ɔf/,PUT AWF,পুট অফ,To postpone or delay something,কোনো কিছু স্থগিত বা বিলম্বিত করা,"[{""phrase"": ""put off the meeting"", ""example_sentence"": ""You can put off the meeting in everyday situations.""}, {""phrase"": ""put off the decision"", ""example_sentence"": ""Workers often put off the decision during a busy day.""}, {""phrase"": ""put off the trip"", ""example_sentence"": ""Students should learn to put off the trip when it is useful.""}]","[{""phrase"": ""মিটিংটি বিলম্বিত করা"", ""example_sentence"": ""শিক্ষার্থীরা উদাহরণে মিটিংটি বিলম্বিত করা অনুশীলন করে।""}, {""phrase"": ""সিদ্ধান্তটি বিলম্বিত করা"", ""example_sentence"": ""শিক্ষার্থীরা উদাহরণে সিদ্ধান্তটি বিলম্বিত করা অনুশীলন করে।""}, {""phrase"": ""ভ্রমণটি বিলম্বিত করা"", ""example_sentence"": ""শিক্ষার্থীরা উদাহরণে ভ্রমণটি বিলম্বিত করা অনুশীলন করে।""}]",postpone; delay; defer; push back,do now; bring forward; move up; deal with immediately,A2,"05 - Time, Scheduling & Process","After the train strike, Ethan decided to put off the trip until next weekend.","ট্রেন ধর্মঘটের পর, ইথান ভ্রমণটি আগামী সপ্তাহান্ত পর্যন্ত স্থগিত বা বিলম্বিত করার সিদ্ধান্ত নিয়েছিল।","travelers at a station looking at delayed schedule board and adjusting plans. Realistic contemporary setting, natural lighting, clear facial expressions, accurate everyday details, documentary photography style.","[""We had to put off the match because of the rain."", ""Lina will put off the meeting until Tuesday."", ""They chose to put off the trip for one week.""]"
Phrasal Verb,take on,/teɪk ɑn/,TAYK on,টেইক অন,To accept responsibility for a task or challenge,কোনো কাজ বা চ্যালেঞ্জের দায়িত্ব গ্রহণ করা,"[{""phrase"": ""take on a new role"", ""example_sentence"": ""You can take on a new role in everyday situations.""}, {""phrase"": ""take on extra work"", ""example_sentence"": ""Workers often take on extra work during a busy day.""}, {""phrase"": ""take on a difficult task"", ""example_sentence"": ""Students should learn to take on a difficult task when it is useful.""}]","[{""phrase"": ""একটি নতুন দায়িত্ব চ্যালেঞ্জের দায়িত্ব গ্রহণ করা"", ""example_sentence"": ""শিক্ষার্থীরা উদাহরণে একটি নতুন দায়িত্ব চ্যালেঞ্জের দায়িত্ব গ্রহণ করা অনুশীলন করে।""}, {""phrase"": ""অতিরিক্ত কাজ চ্যালেঞ্জের দায়িত্ব গ্রহণ করা"", ""example_sentence"": ""শিক্ষার্থীরা উদাহরণে অতিরিক্ত কাজ চ্যালেঞ্জের দায়িত্ব গ্রহণ করা অনুশীলন করে।""}, {""phrase"": ""একটি কঠিন কাজ চ্যালেঞ্জের দায়িত্ব গ্রহণ করা"", ""example_sentence"": ""শিক্ষার্থীরা উদাহরণে একটি কঠিন কাজ চ্যালেঞ্জের দায়িত্ব গ্রহণ করা অনুশীলন করে।""}]",accept; undertake; assume responsibility; confront,refuse; reject; avoid; pass on,A2,"04 - Work, Responsibility & Productivity","When the manager got sick, Nina had to take on extra duties for the rest of the week.","ম্যানেজার অসুস্থ হলে, নিনাকে সপ্তাহের বাকি সময়ের জন্য অতিরিক্ত দায়িত্ব দায়িত্ব গ্রহণ করা প্রয়োজন হয়েছিল।","Busy office scene with a young professional taking on extra tasks, open laptop, printed schedules, coworkers asking questions, realistic workplace lighting.","[""She did not want to take on another late shift."", ""Our team can take on two new clients this month."", ""He was ready to take on more responsibility at work.""]"
Phrasal Verb,come up with,/kʌm ʌp wɪð/,KUM up with,কাম আপ উইথ,To produce or think of an idea or plan,কোনো ধারণা বা পরিকল্পনা তৈরি করা বা ভাবা,"[{""phrase"": ""come up with a plan"", ""example_sentence"": ""You can come up with a plan in everyday situations.""}, {""phrase"": ""come up with a solution"", ""example_sentence"": ""Workers often come up with a solution during a busy day.""}, {""phrase"": ""come up with a new idea"", ""example_sentence"": ""Students should learn to come up with a new idea when it is useful.""}]","[{""phrase"": ""একটি পরিকল্পনা পরিকল্পনা তৈরি করা"", ""example_sentence"": ""শিক্ষার্থীরা উদাহরণে একটি পরিকল্পনা পরিকল্পনা তৈরি করা অনুশীলন করে।""}, {""phrase"": ""একটি সমাধান পরিকল্পনা তৈরি করা"", ""example_sentence"": ""শিক্ষার্থীরা উদাহরণে একটি সমাধান পরিকল্পনা তৈরি করা অনুশীলন করে।""}, {""phrase"": ""একটি নতুন ধারণা পরিকল্পনা তৈরি করা"", ""example_sentence"": ""শিক্ষার্থীরা উদাহরণে একটি নতুন ধারণা পরিকল্পনা তৈরি করা অনুশীলন করে।""}]",think of; devise; invent; produce,copy; fail to produce; run out of ideas,B1,"03 - Plans, Decisions & Strategy","During the day, Omar had to come up with.","দিনের মধ্যে, ওমরকে কোনো ধারণা বা পরিকল্পনা তৈরি করা বা ভাবা প্রয়োজন হয়েছিল।","realistic daily-life scene matching the sentence, natural lighting, candid photography. Realistic contemporary setting, natural lighting, clear facial expressions, accurate everyday details, documentary photography style.","[""Chloe had to come up with before lunch."", ""We decided to come up with during the meeting."", ""They want to come up with this week.""]"
Phrasal Verb,go over,/ɡoʊ oʊvɚ/,GOH oh-ver,গো ওভার,To review or examine something carefully,কোনো কিছু মনোযোগ দিয়ে পর্যালোচনা বা পরীক্ষা করা,"[{""phrase"": ""go over the notes"", ""example_sentence"": ""You can go over the notes in everyday situations.""}, {""phrase"": ""go over the report"", ""example_sentence"": ""Workers often go over the report during a busy day.""}, {""phrase"": ""go over the details"", ""example_sentence"": ""Students should learn to go over the details when it is useful.""}]","[{""phrase"": ""notes পরীক্ষা করা"", ""example_sentence"": ""শিক্ষার্থীরা উদাহরণে notes পরীক্ষা করা অনুশীলন করে।""}, {""phrase"": ""রিপোর্টটি পরীক্ষা করা"", ""example_sentence"": ""শিক্ষার্থীরা উদাহরণে রিপোর্টটি পরীক্ষা করা অনুশীলন করে।""}, {""phrase"": ""বিস্তারিত বিষয়গুলো পরীক্ষা করা"", ""example_sentence"": ""শিক্ষার্থীরা উদাহরণে বিস্তারিত বিষয়গুলো পরীক্ষা করা অনুশীলন করে।""}]",review; examine; check; look through,skip; ignore; overlook,A2,"02 - Thinking, Learning & Understanding","In the library, Chloe had to go over the last math problem before the study group ended.","লাইব্রেরিতে, ক্লোইকে স্টাডি গ্রুপ শেষ হওয়ার আগে শেষ গণিত সমস্যাটি মনোযোগ দিয়ে পর্যালোচনা বা পরীক্ষা করা প্রয়োজন হয়েছিল।","quiet library table with books, notebook, calculator, student concentrating. Realistic contemporary setting, natural lighting, clear facial expressions, accurate everyday details, documentary photography style.","[""Hassan tried to go over the last question alone."", ""We need to go over why the app keeps freezing."", ""Nora could not go over the map until sunset.""]"
Phrasal Verb,set up,/sɛt ʌp/,SET up,সেট আপ,To establish or arrange something,কোনো কিছু স্থাপন বা আয়োজন করা,"[{""phrase"": ""set up a meeting"", ""example_sentence"": ""You can set up a meeting in everyday situations.""}, {""phrase"": ""set up an account"", ""example_sentence"": ""Workers often set up an account during a busy day.""}, {""phrase"": ""set up a new system"", ""example_sentence"": ""Students should learn to set up a new system when it is useful.""}]","[{""phrase"": ""একটি মিটিং আয়োজন করা"", ""example_sentence"": ""শিক্ষার্থীরা উদাহরণে একটি মিটিং আয়োজন করা অনুশীলন করে।""}, {""phrase"": ""একটি account আয়োজন করা"", ""example_sentence"": ""শিক্ষার্থীরা উদাহরণে একটি account আয়োজন করা অনুশীলন করে।""}, {""phrase"": ""একটি নতুন system আয়োজন করা"", ""example_sentence"": ""শিক্ষার্থীরা উদাহরণে একটি নতুন system আয়োজন করা অনুশীলন করে।""}]",arrange; establish; organize; create,dismantle; take down; close down; cancel,A2,"03 - Plans, Decisions & Strategy","In the hall, Hassan decided to set up the chairs in a straight line.","হলে, হাসান চেয়ারগুলো সোজা লাইনে স্থাপন বা আয়োজন করার সিদ্ধান্ত নিয়েছিল।","community hall with chairs being arranged neatly before an event. Realistic contemporary setting, natural lighting, clear facial expressions, accurate everyday details, documentary photography style.","[""Nora helped to set up the chairs before class."", ""We should set up the ideas more clearly."", ""The manager asked them to set up the files on the desk.""]"
Phrasal Verb,break down,/breɪk daʊn/,BRAYK DOWN,ব্রেইক ডাউন,To stop functioning; to analyze in detail,কাজ করা বন্ধ করা; বিশ্লেষণ করা মধ্যে বিস্তারিত,"[{""phrase"": ""break down a problem"", ""example_sentence"": ""You can break down a problem in everyday situations.""}, {""phrase"": ""break down the costs"", ""example_sentence"": ""Workers often break down the costs during a busy day.""}, {""phrase"": ""break down the process"", ""example_sentence"": ""Students should learn to break down the process when it is useful.""}]","[{""phrase"": ""একটি সমস্যা কাজ করা বন্ধ করা"", ""example_sentence"": ""শিক্ষার্থীরা উদাহরণে একটি সমস্যা কাজ করা বন্ধ করা অনুশীলন করে।""}, {""phrase"": ""খরচগুলো কাজ করা বন্ধ করা"", ""example_sentence"": ""শিক্ষার্থীরা উদাহরণে খরচগুলো কাজ করা বন্ধ করা অনুশীলন করে।""}, {""phrase"": ""প্রক্রিয়াটি কাজ করা বন্ধ করা"", ""example_sentence"": ""শিক্ষার্থীরা উদাহরণে প্রক্রিয়াটি কাজ করা বন্ধ করা অনুশীলন করে।""}]",stop working; fail; analyze in detail,function properly; work; combine; summarize,A2,"07 - Problems, Difficulty & Risk","At her desk, Nora had to break down why the printer kept stopping before the report was due.","নিজের ডেস্কে, নোরাকে রিপোর্ট জমা দেওয়ার আগে প্রিন্টারটি কেন বারবার বন্ধ হচ্ছিল কাজ করা বন্ধ করা বা বিশ্লেষণ করা মধ্যে বিস্তারিত প্রয়োজন হয়েছিল।","office desk with computer, stopped printer, young professional thinking and checking documents. Realistic contemporary setting, natural lighting, clear facial expressions, accurate everyday details, documentary photography style.","[""Ben tried to break down the last question alone."", ""We need to break down why the app keeps freezing."", ""Sara could not break down the map until sunset.""]"
Phrasal Verb,turn out,/tɝn aʊt/,TURN out,টার্ন আউট,To result in a particular way; to appear or attend,নির্দিষ্টভাবে ফলাফল হওয়া; উপস্থিত হওয়া বা অংশ নেওয়া,"[{""phrase"": ""turn out on time"", ""example_sentence"": ""The team tried to turn out on time so the schedule stayed clear.""}, {""phrase"": ""turn out during the project"", ""example_sentence"": ""Things may turn out during the project when the workload increases.""}, {""phrase"": ""turn out without delay"", ""example_sentence"": ""Everyone was ready to turn out without delay after the announcement.""}]","[{""phrase"": ""সময়মতো নির্দিষ্টভাবে ফলাফল হওয়া"", ""example_sentence"": ""শিক্ষার্থীরা উদাহরণে সময়মতো নির্দিষ্টভাবে ফলাফল হওয়া অনুশীলন করে।""}, {""phrase"": ""প্রকল্প চলাকালে নির্দিষ্টভাবে ফলাফল হওয়া"", ""example_sentence"": ""শিক্ষার্থীরা উদাহরণে প্রকল্প চলাকালে নির্দিষ্টভাবে ফলাফল হওয়া অনুশীলন করে।""}, {""phrase"": ""দেরি না করে নির্দিষ্টভাবে ফলাফল হওয়া"", ""example_sentence"": ""শিক্ষার্থীরা উদাহরণে দেরি না করে নির্দিষ্টভাবে ফলাফল হওয়া অনুশীলন করে।""}]",result; prove to be; appear; attend; produce,fail to happen; disappear; stay away; withhold,A2,"06 - Progress, Success & Results","After school, Ben had to turn out.","স্কুলের পর, বেনকে নির্দিষ্টভাবে ফলাফল হওয়া বা উপস্থিত হওয়া বা অংশ নেওয়া প্রয়োজন হয়েছিল।","realistic school scene matching the sentence, clear action and natural colors. Realistic contemporary setting, natural lighting, clear facial expressions, accurate everyday details, documentary photography style.","[""Sara had to turn out before lunch."", ""We decided to turn out during the meeting."", ""They want to turn out this week.""]"
Phrasal Verb,find out,/faɪnd aʊt/,FIND out,ফাইন্ড আউট,To discover or learn information,তথ্য আবিষ্কার করা বা জানা,"[{""phrase"": ""find out the truth"", ""example_sentence"": ""You can find out the truth in everyday situations.""}, {""phrase"": ""find out more information"", ""example_sentence"": ""Workers often find out more information during a busy day.""}, {""phrase"": ""find out the reason"", ""example_sentence"": ""Students should learn to find out the reason when it is useful.""}]","[{""phrase"": ""truth তথ্য আবিষ্কার করা"", ""example_sentence"": ""শিক্ষার্থীরা উদাহরণে truth তথ্য আবিষ্কার করা অনুশীলন করে।""}, {""phrase"": ""more তথ্য তথ্য আবিষ্কার করা"", ""example_sentence"": ""শিক্ষার্থীরা উদাহরণে more তথ্য তথ্য আবিষ্কার করা অনুশীলন করে।""}, {""phrase"": ""reason তথ্য আবিষ্কার করা"", ""example_sentence"": ""শিক্ষার্থীরা উদাহরণে reason তথ্য আবিষ্কার করা অনুশীলন করে।""}]",discover; learn; uncover; determine,remain unaware; ignore; overlook,A2,"02 - Thinking, Learning & Understanding","After the news spread, Sara had to find out.","খবরটি ছড়িয়ে পড়ার পর, সারাকে তথ্য আবিষ্কার করা বা জানা প্রয়োজন হয়েছিল।","people discussing information in a realistic office or school hallway. Realistic contemporary setting, natural lighting, clear facial expressions, accurate everyday details, documentary photography style.","[""Please find out with me after the call."", ""Leo tried to find out before rumors spread."", ""The update helped everyone find out.""]"
Phrasal Verb,point out,/pɔɪnt aʊt/,POINT out,পয়েন্ট আউট,To draw attention to something,কোনো বিষয়ের দিকে মনোযোগ আকর্ষণ করা,"[{""phrase"": ""point out a mistake"", ""example_sentence"": ""You can point out a mistake in everyday situations.""}, {""phrase"": ""point out the main problem"", ""example_sentence"": ""Workers often point out the main problem during a busy day.""}, {""phrase"": ""point out an important detail"", ""example_sentence"": ""Students should learn to point out an important detail when it is useful.""}]","[{""phrase"": ""একটি ভুল বিষয়ের দিকে মনোযোগ আকর্ষণ করা"", ""example_sentence"": ""শিক্ষার্থীরা উদাহরণে একটি ভুল বিষয়ের দিকে মনোযোগ আকর্ষণ করা অনুশীলন করে।""}, {""phrase"": ""main সমস্যা বিষয়ের দিকে মনোযোগ আকর্ষণ করা"", ""example_sentence"": ""শিক্ষার্থীরা উদাহরণে main সমস্যা বিষয়ের দিকে মনোযোগ আকর্ষণ করা অনুশীলন করে।""}, {""phrase"": ""একটি important detail বিষয়ের দিকে মনোযোগ আকর্ষণ করা"", ""example_sentence"": ""শিক্ষার্থীরা উদাহরণে একটি important detail বিষয়ের দিকে মনোযোগ আকর্ষণ করা অনুশীলন করে।""}]",indicate; highlight; draw attention to; mention,hide; ignore; fail to mention,A2,01 - Communication & Discussion,"During the meeting, Leo pointed out the missing date on the final schedule.","মিটিংয়ের সময়, লিও কোনো বিষয়ের দিকে মনোযোগ আকর্ষণ করা করেছিল।","Meeting room with a participant indicating a missing date on a printed schedule, realistic office scene.","[""Please point out any spelling mistakes you see."", ""The doctor pointed out one small change in the scan."", ""She politely pointed out the broken handle on the door.""]"
Phrasal Verb,work out,/wɝk aʊt/,WERK out,ওয়ার্ক আউট,To exercise; to solve a problem; to happen successfully,ব্যায়াম করা; সমাধান করা সমস্যা; ঘটা সফলভাবে,"[{""phrase"": ""work out a solution"", ""example_sentence"": ""You can work out a solution in everyday situations.""}, {""phrase"": ""work out the details"", ""example_sentence"": ""Workers often work out the details during a busy day.""}, {""phrase"": ""work out a schedule"", ""example_sentence"": ""Students should learn to work out a schedule when it is useful.""}]","[{""phrase"": ""একটি সমাধান ব্যায়াম করা"", ""example_sentence"": ""শিক্ষার্থীরা উদাহরণে একটি সমাধান ব্যায়াম করা অনুশীলন করে।""}, {""phrase"": ""বিস্তারিত বিষয়গুলো ব্যায়াম করা"", ""example_sentence"": ""শিক্ষার্থীরা উদাহরণে বিস্তারিত বিষয়গুলো ব্যায়াম করা অনুশীলন করে।""}, {""phrase"": ""একটি সময়সূচি ব্যায়াম করা"", ""example_sentence"": ""শিক্ষার্থীরা উদাহরণে একটি সময়সূচি ব্যায়াম করা অনুশীলন করে।""}]",exercise; solve; succeed; happen successfully,rest; fail; remain unsolved; go badly,A2,"02 - Thinking, Learning & Understanding","In the library, Maya had to work out the last math problem before the study group ended.","লাইব্রেরিতে, মায়াকে স্টাডি গ্রুপ শেষ হওয়ার আগে শেষ গণিত সমস্যাটি ব্যায়াম করা বা সমাধান করা সমস্যা বা ঘটা সফলভাবে প্রয়োজন হয়েছিল।","quiet library table with books, notebook, calculator, student concentrating. Realistic contemporary setting, natural lighting, clear facial expressions, accurate everyday details, documentary photography style.","[""David tried to work out the last question alone."", ""We need to work out why the app keeps freezing."", ""Ivy could not work out the map until sunset.""]"
Phrasal Verb,look up,/lʊk ʌp/,LOOK up,লুক আপ,To search for information; to improve,তথ্য খোঁজা; উন্নতি করা,"[{""phrase"": ""look up a word"", ""example_sentence"": ""You can look up a word in everyday situations.""}, {""phrase"": ""look up the address"", ""example_sentence"": ""Workers often look up the address during a busy day.""}, {""phrase"": ""look up the answer"", ""example_sentence"": ""Students should learn to look up the answer when it is useful.""}]","[{""phrase"": ""একটি word উন্নতি করা"", ""example_sentence"": ""শিক্ষার্থীরা উদাহরণে একটি word উন্নতি করা অনুশীলন করে।""}, {""phrase"": ""ঠিকানাটি উন্নতি করা"", ""example_sentence"": ""শিক্ষার্থীরা উদাহরণে ঠিকানাটি উন্নতি করা অনুশীলন করে।""}, {""phrase"": ""উত্তরটি উন্নতি করা"", ""example_sentence"": ""শিক্ষার্থীরা উদাহরণে উত্তরটি উন্নতি করা অনুশীলন করে।""}]",search for; check; improve; get better,ignore; overlook; decline; get worse,A2,"02 - Thinking, Learning & Understanding","After the news spread, David had to look up.","খবরটি ছড়িয়ে পড়ার পর, ডেভিডকে তথ্য খোঁজা বা উন্নতি করা প্রয়োজন হয়েছিল।","people discussing information in a realistic office or school hallway. Realistic contemporary setting, natural lighting, clear facial expressions, accurate everyday details, documentary photography style.","[""Please look up with me after the call."", ""Ivy tried to look up before rumors spread."", ""The update helped everyone look up.""]"
Phrasal Verb,pick up,/pɪk ʌp/,PICK up,পিক আপ,To collect someone; to learn informally; to improve,কাউকে নিয়ে আসা; শেখা অনানুষ্ঠানিকভাবে; উন্নতি করা,"[{""phrase"": ""pick up new skills"", ""example_sentence"": ""You can pick up new skills in everyday situations.""}, {""phrase"": ""pick up the package"", ""example_sentence"": ""Workers often pick up the package during a busy day.""}, {""phrase"": ""pick up a friend"", ""example_sentence"": ""Students should learn to pick up a friend when it is useful.""}]","[{""phrase"": ""নতুন skills উন্নতি করা"", ""example_sentence"": ""শিক্ষার্থীরা উদাহরণে নতুন skills উন্নতি করা অনুশীলন করে।""}, {""phrase"": ""প্যাকেজ উন্নতি করা"", ""example_sentence"": ""শিক্ষার্থীরা উদাহরণে প্যাকেজ উন্নতি করা অনুশীলন করে।""}, {""phrase"": ""একজন বন্ধু উন্নতি করা"", ""example_sentence"": ""শিক্ষার্থীরা উদাহরণে একজন বন্ধু উন্নতি করা অনুশীলন করে।""}]",collect; learn; acquire; improve,drop off; lose; forget; decline,A2,"10 - Money, Business, Technology & Movement",Dad planned to pick up Nora after basketball practice.,বাবা বাস্কেটবল অনুশীলনের পর নোরাকে নিয়ে আসার পরিকল্পনা করেছিলেন।,"Parent waiting outside a school gym to pick up a child after practice, evening light, realistic family scene.","[""Can you pick up some milk on the way home?"", ""She picked up a few Spanish words at work."", ""I will pick you up at the station at six.""]"
Phrasal Verb,run into,/rʌn ɪntu/,RUN in-too,রান ইনটু,To meet someone unexpectedly; to encounter a problem,হঠাৎ কারও সঙ্গে দেখা হওয়া; সম্মুখীন হওয়া সমস্যা,"[{""phrase"": ""run into a problem"", ""example_sentence"": ""You can run into a problem in everyday situations.""}, {""phrase"": ""run into an old friend"", ""example_sentence"": ""Workers often run into an old friend during a busy day.""}, {""phrase"": ""run into unexpected delays"", ""example_sentence"": ""Students should learn to run into unexpected delays when it is useful.""}]","[{""phrase"": ""একটি সমস্যা হঠাৎ কারও সঙ্গে দেখা হওয়া"", ""example_sentence"": ""শিক্ষার্থীরা উদাহরণে একটি সমস্যা হঠাৎ কারও সঙ্গে দেখা হওয়া অনুশীলন করে।""}, {""phrase"": ""একটি পুরোনো বন্ধু হঠাৎ কারও সঙ্গে দেখা হওয়া"", ""example_sentence"": ""শিক্ষার্থীরা উদাহরণে একটি পুরোনো বন্ধু হঠাৎ কারও সঙ্গে দেখা হওয়া অনুশীলন করে।""}, {""phrase"": ""unexpected delays হঠাৎ কারও সঙ্গে দেখা হওয়া"", ""example_sentence"": ""শিক্ষার্থীরা উদাহরণে unexpected delays হঠাৎ কারও সঙ্গে দেখা হওয়া অনুশীলন করে।""}]",meet unexpectedly; encounter; come across,avoid; miss; steer clear of,A2,"07 - Problems, Difficulty & Risk","After school, Ryan had to run into.","স্কুলের পর, রায়ানকে হঠাৎ কারও সঙ্গে দেখা হওয়া বা সম্মুখীন হওয়া সমস্যা প্রয়োজন হয়েছিল।","realistic school scene matching the sentence, clear action and natural colors. Realistic contemporary setting, natural lighting, clear facial expressions, accurate everyday details, documentary photography style.","[""Julia had to run into before lunch."", ""We decided to run into during the meeting."", ""They want to run into this week.""]"
Phrasal Verb,go ahead,/ɡoʊ əhɛd/,GOH uh-HED,গো আহেড,To proceed with something,কোনো কাজ এগিয়ে নেওয়া,"[{""phrase"": ""go ahead on time"", ""example_sentence"": ""The team tried to go ahead on time so the schedule stayed clear.""}, {""phrase"": ""go ahead during the project"", ""example_sentence"": ""Things may go ahead during the project when the workload increases.""}, {""phrase"": ""go ahead without delay"", ""example_sentence"": ""Everyone was ready to go ahead without delay after the announcement.""}]","[{""phrase"": ""সময়মতো কাজ এগিয়ে নেওয়া"", ""example_sentence"": ""শিক্ষার্থীরা উদাহরণে সময়মতো কাজ এগিয়ে নেওয়া অনুশীলন করে।""}, {""phrase"": ""প্রকল্প চলাকালে কাজ এগিয়ে নেওয়া"", ""example_sentence"": ""শিক্ষার্থীরা উদাহরণে প্রকল্প চলাকালে কাজ এগিয়ে নেওয়া অনুশীলন করে।""}, {""phrase"": ""দেরি না করে কাজ এগিয়ে নেওয়া"", ""example_sentence"": ""শিক্ষার্থীরা উদাহরণে দেরি না করে কাজ এগিয়ে নেওয়া অনুশীলন করে।""}]",proceed; continue; start; move forward,stop; pause; cancel; hold back,A2,"05 - Time, Scheduling & Process","After the safety check, the crew went ahead with the repair work.","নিরাপত্তা পরীক্ষা শেষে, the কোনো কাজ এগিয়ে নেওয়া করেছিল।","Work crew beginning repair work after a clear safety check, helmets and tools visible, realistic industrial scene.","[""Please go ahead if everyone is ready."", ""They went ahead with the picnic despite the clouds."", ""We cannot go ahead until the manager signs the form.""]"
Phrasal Verb,take up,/teɪk ʌp/,TAYK up,টেইক আপ,To start a new hobby or activity; to occupy space or time,নতুন শখ বা কাজ শুরু করা; জায়গা বা সময় দখল করা,"[{""phrase"": ""take up a hobby"", ""example_sentence"": ""You can take up a hobby in everyday situations.""}, {""phrase"": ""take up too much space"", ""example_sentence"": ""Workers often take up too much space during a busy day.""}, {""phrase"": ""take up a new course"", ""example_sentence"": ""Students should learn to take up a new course when it is useful.""}]","[{""phrase"": ""একটি hobby কাজ শুরু করা"", ""example_sentence"": ""শিক্ষার্থীরা উদাহরণে একটি hobby কাজ শুরু করা অনুশীলন করে।""}, {""phrase"": ""too much space কাজ শুরু করা"", ""example_sentence"": ""শিক্ষার্থীরা উদাহরণে too much space কাজ শুরু করা অনুশীলন করে।""}, {""phrase"": ""একটি নতুন course কাজ শুরু করা"", ""example_sentence"": ""শিক্ষার্থীরা উদাহরণে একটি নতুন course কাজ শুরু করা অনুশীলন করে।""}]",start; begin; occupy; use up space or time,give up; stop; free up space or time,A2,"05 - Time, Scheduling & Process","Last spring, Aisha decided to take up yoga after work.","গত বসন্তে, আইশা কাজের পর যোগব্যায়াম নতুন শখ বা কাজ শুরু করা বা জায়গা বা সময় দখল করার সিদ্ধান্ত নিয়েছিল।","Young woman starting yoga in a bright studio after work, mat and water bottle visible, realistic lifestyle photography.","[""He wants to take up photography this summer."", ""The big sofa takes up too much space in the room."", ""She took up painting during the winter break.""]"
Phrasal Verb,back up,/bæk ʌp/,BACK up,ব্যাক আপ,To support; to make a copy of data; to move backward,সমর্থন করা; করা কপি এর ডেটা; সরানো পেছনে,"[{""phrase"": ""back up the files"", ""example_sentence"": ""You can back up the files in everyday situations.""}, {""phrase"": ""back up your claim"", ""example_sentence"": ""Workers often back up your claim during a busy day.""}, {""phrase"": ""back up the data"", ""example_sentence"": ""Students should learn to back up the data when it is useful.""}]","[{""phrase"": ""ফাইলগুলো সমর্থন করা"", ""example_sentence"": ""শিক্ষার্থীরা উদাহরণে ফাইলগুলো সমর্থন করা অনুশীলন করে।""}, {""phrase"": ""আপনার claim সমর্থন করা"", ""example_sentence"": ""শিক্ষার্থীরা উদাহরণে আপনার claim সমর্থন করা অনুশীলন করে।""}, {""phrase"": ""ডেটাটি সমর্থন করা"", ""example_sentence"": ""শিক্ষার্থীরা উদাহরণে ডেটাটি সমর্থন করা অনুশীলন করে।""}]",support; make a copy; reverse; confirm,oppose; delete; move forward; undermine,A2,"10 - Money, Business, Technology & Movement","Before the update, Omar backed up all the project files to the cloud.","আপডেটের আগে, ওমর সমর্থন করা বা করা কপি এর ডেটা বা সরানো পেছনে করেছিল।","Office worker backing up files on a laptop before a software update, cloud icon visible, realistic tech scene.","[""Please back up your photos before you change phones."", ""Her teammate backed her up during the meeting."", ""The truck had to back up to the gate slowly.""]"
Phrasal Verb,get along,/ɡɛt əlɔŋ/,GET uh-LAWNG,গেট আলং,To have a good relationship with someone,কারও সঙ্গে ভালো সম্পর্ক থাকা,"[{""phrase"": ""get along on time"", ""example_sentence"": ""The team tried to get along on time so the schedule stayed clear.""}, {""phrase"": ""get along during the project"", ""example_sentence"": ""Things may get along during the project when the workload increases.""}, {""phrase"": ""get along without delay"", ""example_sentence"": ""Everyone was ready to get along without delay after the announcement.""}]","[{""phrase"": ""সময়মতো সঙ্গে ভালো সম্পর্ক থাকা"", ""example_sentence"": ""শিক্ষার্থীরা উদাহরণে সময়মতো সঙ্গে ভালো সম্পর্ক থাকা অনুশীলন করে।""}, {""phrase"": ""প্রকল্প চলাকালে সঙ্গে ভালো সম্পর্ক থাকা"", ""example_sentence"": ""শিক্ষার্থীরা উদাহরণে প্রকল্প চলাকালে সঙ্গে ভালো সম্পর্ক থাকা অনুশীলন করে।""}, {""phrase"": ""দেরি না করে সঙ্গে ভালো সম্পর্ক থাকা"", ""example_sentence"": ""শিক্ষার্থীরা উদাহরণে দেরি না করে সঙ্গে ভালো সম্পর্ক থাকা অনুশীলন করে।""}]",have a good relationship; get on; be friendly,argue; clash; fall out,A2,"09 - Relationships, Feelings & Daily Life","During the school event, Jonah had to get along with the new volunteers.","স্কুলের অনুষ্ঠানে, জোনাহকে নতুন স্বেচ্ছাসেবকদের সঙ্গে কারও সঙ্গে ভালো সম্পর্ক থাকা প্রয়োজন হয়েছিল।","teacher or organizer welcoming volunteers and building rapport. Realistic contemporary setting, natural lighting, clear facial expressions, accurate everyday details, documentary photography style.","[""The two teams tried to get along after the disagreement."", ""Leila did not want to get along with her old coach."", ""A shared lunch helped them get along.""]"
Phrasal Verb,cut off,/kʌt ɔf/,KUT AWF,কাট অফ,To interrupt; to stop supply; to isolate,বাধা দেওয়া; বন্ধ করা সরবরাহ; আলাদা করা,"[{""phrase"": ""cut off the supply"", ""example_sentence"": ""You can cut off the supply in everyday situations.""}, {""phrase"": ""cut off the call"", ""example_sentence"": ""Workers often cut off the call during a busy day.""}, {""phrase"": ""cut off access"", ""example_sentence"": ""Students should learn to cut off access when it is useful.""}]","[{""phrase"": ""supply বাধা দেওয়া"", ""example_sentence"": ""শিক্ষার্থীরা উদাহরণে supply বাধা দেওয়া অনুশীলন করে।""}, {""phrase"": ""কল বাধা দেওয়া"", ""example_sentence"": ""শিক্ষার্থীরা উদাহরণে কল বাধা দেওয়া অনুশীলন করে।""}, {""phrase"": ""access বাধা দেওয়া"", ""example_sentence"": ""শিক্ষার্থীরা উদাহরণে access বাধা দেওয়া অনুশীলন করে।""}]",interrupt; stop supply; disconnect; isolate,connect; continue; include; restore,A2,"07 - Problems, Difficulty & Risk",The storm cut off electricity to the village for most of the night.,ঝড়টি রাতের বেশির ভাগ সময় গ্রামটির বিদ্যুৎ সংযোগ বিচ্ছিন্ন করে দিয়েছিল।,"Rainy night in a small village with dark houses, power lines, and residents using flashlights indoors, realistic documentary style.","[""Please do not cut off the speaker in the middle of her answer."", ""The snow cut off the mountain road by morning."", ""A fallen tree cut off power to the farm.""]"
Phrasal Verb,move on,/muv ɑn/,MOOV on,মুভ অন,To stop dwelling on something and progress forward,কোনো বিষয় নিয়ে পড়ে না থেকে সামনে এগিয়ে যাওয়া,"[{""phrase"": ""move on on time"", ""example_sentence"": ""The team tried to move on on time so the schedule stayed clear.""}, {""phrase"": ""move on during the project"", ""example_sentence"": ""Things may move on during the project when the workload increases.""}, {""phrase"": ""move on without delay"", ""example_sentence"": ""Everyone was ready to move on without delay after the announcement.""}]","[{""phrase"": ""সময়মতো কোনো বিষয় নিয়ে পড়ে না থেকে সামনে এগিয়ে যাওয়া"", ""example_sentence"": ""শিক্ষার্থীরা উদাহরণে সময়মতো কোনো বিষয় নিয়ে পড়ে না থেকে সামনে এগিয়ে যাওয়া অনুশীলন করে।""}, {""phrase"": ""প্রকল্প চলাকালে কোনো বিষয় নিয়ে পড়ে না থেকে সামনে এগিয়ে যাওয়া"", ""example_sentence"": ""শিক্ষার্থীরা উদাহরণে প্রকল্প চলাকালে কোনো বিষয় নিয়ে পড়ে না থেকে সামনে এগিয়ে যাওয়া অনুশীলন করে।""}, {""phrase"": ""দেরি না করে কোনো বিষয় নিয়ে পড়ে না থেকে সামনে এগিয়ে যাওয়া"", ""example_sentence"": ""শিক্ষার্থীরা উদাহরণে দেরি না করে কোনো বিষয় নিয়ে পড়ে না থেকে সামনে এগিয়ে যাওয়া অনুশীলন করে।""}]",progress; continue; let go; go forward,dwell on; stay stuck; hold on,A2,"06 - Progress, Success & Results","After the rejection email, Mia chose to move on and apply somewhere else.","প্রত্যাখ্যানের ইমেইলের পর, মিয়া এবং অন্য কোথাও আবেদন করতে নিয়ে পড়ে না থেকে সামনে এগিয়ে যাওয়ার সিদ্ধান্ত নিয়েছিল।","Young professional closing a rejection email and opening a new job application, realistic desk scene.","[""It is time to move on after that mistake."", ""The class moved on to the next chapter."", ""He could not move on until he got an answer.""]"
Phrasal Verb,hold on,/hoʊld ɑn/,HOHLD on,হোল্ড অন,To wait; to grip tightly,অপেক্ষা করা; শক্ত করে ধরা,"[{""phrase"": ""hold on on time"", ""example_sentence"": ""The team tried to hold on on time so the schedule stayed clear.""}, {""phrase"": ""hold on during the project"", ""example_sentence"": ""Things may hold on during the project when the workload increases.""}, {""phrase"": ""hold on without delay"", ""example_sentence"": ""Everyone was ready to hold on without delay after the announcement.""}]","[{""phrase"": ""সময়মতো অপেক্ষা করা"", ""example_sentence"": ""শিক্ষার্থীরা উদাহরণে সময়মতো অপেক্ষা করা অনুশীলন করে।""}, {""phrase"": ""প্রকল্প চলাকালে অপেক্ষা করা"", ""example_sentence"": ""শিক্ষার্থীরা উদাহরণে প্রকল্প চলাকালে অপেক্ষা করা অনুশীলন করে।""}, {""phrase"": ""দেরি না করে অপেক্ষা করা"", ""example_sentence"": ""শিক্ষার্থীরা উদাহরণে দেরি না করে অপেক্ষা করা অনুশীলন করে।""}]",wait; hang on; grip; stay connected,let go; release; proceed; hang up,A2,"05 - Time, Scheduling & Process","At work, Hana had to hold on.","কর্মক্ষেত্রে, হানাকে অপেক্ষা করা বা শক্ত করে ধরা প্রয়োজন হয়েছিল।","realistic workplace scene matching the sentence, detailed environment and natural light. Realistic contemporary setting, natural lighting, clear facial expressions, accurate everyday details, documentary photography style.","[""Mason had to hold on before lunch."", ""We decided to hold on during the meeting."", ""They want to hold on this week.""]"
Phrasal Verb,look into,/lʊk ɪntu/,LOOK in-too,লুক ইনটু,To investigate or research something,কোনো বিষয় তদন্ত বা গবেষণা করা,"[{""phrase"": ""look into the issue"", ""example_sentence"": ""You can look into the issue in everyday situations.""}, {""phrase"": ""look into the complaint"", ""example_sentence"": ""Workers often look into the complaint during a busy day.""}, {""phrase"": ""look into the cause"", ""example_sentence"": ""Students should learn to look into the cause when it is useful.""}]","[{""phrase"": ""সমস্যাটি গবেষণা করা"", ""example_sentence"": ""শিক্ষার্থীরা উদাহরণে সমস্যাটি গবেষণা করা অনুশীলন করে।""}, {""phrase"": ""complaint গবেষণা করা"", ""example_sentence"": ""শিক্ষার্থীরা উদাহরণে complaint গবেষণা করা অনুশীলন করে।""}, {""phrase"": ""কারণটি গবেষণা করা"", ""example_sentence"": ""শিক্ষার্থীরা উদাহরণে কারণটি গবেষণা করা অনুশীলন করে।""}]",investigate; research; examine; check,ignore; overlook; avoid investigating,A2,"02 - Thinking, Learning & Understanding","At her desk, Mason had to look into why the printer kept stopping before the report was due.","নিজের ডেস্কে, মেসনকে রিপোর্ট জমা দেওয়ার আগে প্রিন্টারটি কেন বারবার বন্ধ হচ্ছিল তদন্ত বা গবেষণা করা প্রয়োজন হয়েছিল।","office desk with computer, stopped printer, young professional thinking and checking documents. Realistic contemporary setting, natural lighting, clear facial expressions, accurate everyday details, documentary photography style.","[""Nina tried to look into the last question alone."", ""We need to look into why the app keeps freezing."", ""Adam could not look into the map until sunset.""]"
Phrasal Verb,make up,/meɪk ʌp/,MAYK up,মেইক আপ,To invent a story; to reconcile; to compensate,গল্প বানানো; মিটমাট করা; পুষিয়ে দেওয়া,"[{""phrase"": ""make up a story"", ""example_sentence"": ""You can make up a story in everyday situations.""}, {""phrase"": ""make up lost time"", ""example_sentence"": ""Workers often make up lost time during a busy day.""}, {""phrase"": ""make up an excuse"", ""example_sentence"": ""Students should learn to make up an excuse when it is useful.""}]","[{""phrase"": ""একটি story মিটমাট করা"", ""example_sentence"": ""শিক্ষার্থীরা উদাহরণে একটি story মিটমাট করা অনুশীলন করে।""}, {""phrase"": ""lost সময় মিটমাট করা"", ""example_sentence"": ""শিক্ষার্থীরা উদাহরণে lost সময় মিটমাট করা অনুশীলন করে।""}, {""phrase"": ""একটি excuse মিটমাট করা"", ""example_sentence"": ""শিক্ষার্থীরা উদাহরণে একটি excuse মিটমাট করা অনুশীলন করে।""}]",invent; reconcile; compensate; create,tell the truth; break up; worsen; fail to compensate,A2,01 - Communication & Discussion,"After school, Nina had to make up.","স্কুলের পর, নিনাকে গল্প বানানো বা মিটমাট করা বা পুষিয়ে দেওয়া প্রয়োজন হয়েছিল।","realistic school scene matching the sentence, clear action and natural colors. Realistic contemporary setting, natural lighting, clear facial expressions, accurate everyday details, documentary photography style.","[""Adam had to make up before lunch."", ""We decided to make up during the meeting."", ""They want to make up this week.""]"
Phrasal Verb,get over,/ɡɛt oʊvɚ/,GET oh-ver,গেট ওভার,To recover from illness or a difficult experience,অসুস্থতা বা কঠিন অভিজ্ঞতা থেকে সেরে ওঠা,"[{""phrase"": ""get over the flu"", ""example_sentence"": ""You can get over the flu in everyday situations.""}, {""phrase"": ""get over a setback"", ""example_sentence"": ""Workers often get over a setback during a busy day.""}, {""phrase"": ""get over the disappointment"", ""example_sentence"": ""Students should learn to get over the disappointment when it is useful.""}]","[{""phrase"": ""flu অসুস্থতা বা কঠিন অভিজ্ঞতা থেকে সেরে ওঠা"", ""example_sentence"": ""শিক্ষার্থীরা উদাহরণে flu অসুস্থতা বা কঠিন অভিজ্ঞতা থেকে সেরে ওঠা অনুশীলন করে।""}, {""phrase"": ""একটি setback অসুস্থতা বা কঠিন অভিজ্ঞতা থেকে সেরে ওঠা"", ""example_sentence"": ""শিক্ষার্থীরা উদাহরণে একটি setback অসুস্থতা বা কঠিন অভিজ্ঞতা থেকে সেরে ওঠা অনুশীলন করে।""}, {""phrase"": ""disappointment অসুস্থতা বা কঠিন অভিজ্ঞতা থেকে সেরে ওঠা"", ""example_sentence"": ""শিক্ষার্থীরা উদাহরণে disappointment অসুস্থতা বা কঠিন অভিজ্ঞতা থেকে সেরে ওঠা অনুশীলন করে।""}]",recover from; overcome; move past,relapse; remain upset; fail to recover,A2,"07 - Problems, Difficulty & Risk","At work, Adam had to get over.","কর্মক্ষেত্রে, আদমকে অসুস্থতা বা কঠিন অভিজ্ঞতা থেকে সেরে ওঠা প্রয়োজন হয়েছিল।","realistic workplace scene matching the sentence, detailed environment and natural light. Realistic contemporary setting, natural lighting, clear facial expressions, accurate everyday details, documentary photography style.","[""Emma had to get over before lunch."", ""We decided to get over during the meeting."", ""They want to get over this week.""]"
Phrasal Verb,pull off,/pʊl ɔf/,PULL AWF,পুল অফ,To succeed at something difficult,কঠিন কোনো কাজে সফল হওয়া,"[{""phrase"": ""pull off a surprise"", ""example_sentence"": ""You can pull off a surprise in everyday situations.""}, {""phrase"": ""pull off a difficult task"", ""example_sentence"": ""Workers often pull off a difficult task during a busy day.""}, {""phrase"": ""pull off a big win"", ""example_sentence"": ""Students should learn to pull off a big win when it is useful.""}]","[{""phrase"": ""একটি surprise কঠিন কোনো কাজে সফল হওয়া"", ""example_sentence"": ""শিক্ষার্থীরা উদাহরণে একটি surprise কঠিন কোনো কাজে সফল হওয়া অনুশীলন করে।""}, {""phrase"": ""একটি কঠিন কাজ কঠিন কোনো কাজে সফল হওয়া"", ""example_sentence"": ""শিক্ষার্থীরা উদাহরণে একটি কঠিন কাজ কঠিন কোনো কাজে সফল হওয়া অনুশীলন করে।""}, {""phrase"": ""একটি big win কঠিন কোনো কাজে সফল হওয়া"", ""example_sentence"": ""শিক্ষার্থীরা উদাহরণে একটি big win কঠিন কোনো কাজে সফল হওয়া অনুশীলন করে।""}]",succeed; accomplish; achieve; manage,fail; mess up; fall short,A2,"06 - Progress, Success & Results","During the day, Emma had to pull off.","দিনের মধ্যে, এমাকে কঠিন কোনো কাজে সফল হওয়া প্রয়োজন হয়েছিল।","realistic daily-life scene matching the sentence, natural lighting, candid photography. Realistic contemporary setting, natural lighting, clear facial expressions, accurate everyday details, documentary photography style.","[""Noah had to pull off before lunch."", ""We decided to pull off during the meeting."", ""They want to pull off this week.""]"
Phrasal Verb,put up with,/pʊt ʌp wɪð/,PUT up with,পুট আপ উইথ,To tolerate something unpleasant,অপ্রীতিকর কিছু সহ্য করা,"[{""phrase"": ""put up with noise"", ""example_sentence"": ""You can put up with noise in everyday situations.""}, {""phrase"": ""put up with delays"", ""example_sentence"": ""Workers often put up with delays during a busy day.""}, {""phrase"": ""put up with rude behavior"", ""example_sentence"": ""Students should learn to put up with rude behavior when it is useful.""}]","[{""phrase"": ""noise অপ্রীতিকর কিছু সহ্য করা"", ""example_sentence"": ""শিক্ষার্থীরা উদাহরণে noise অপ্রীতিকর কিছু সহ্য করা অনুশীলন করে।""}, {""phrase"": ""delays অপ্রীতিকর কিছু সহ্য করা"", ""example_sentence"": ""শিক্ষার্থীরা উদাহরণে delays অপ্রীতিকর কিছু সহ্য করা অনুশীলন করে।""}, {""phrase"": ""rude behavior অপ্রীতিকর কিছু সহ্য করা"", ""example_sentence"": ""শিক্ষার্থীরা উদাহরণে rude behavior অপ্রীতিকর কিছু সহ্য করা অনুশীলন করে।""}]",tolerate; endure; bear; accept,refuse to tolerate; reject; object to,B1,"09 - Relationships, Feelings & Daily Life","After school, Noah had to put up with.","স্কুলের পর, নোয়াকে অপ্রীতিকর কিছু সহ্য করা প্রয়োজন হয়েছিল।","realistic school scene matching the sentence, clear action and natural colors. Realistic contemporary setting, natural lighting, clear facial expressions, accurate everyday details, documentary photography style.","[""Mia had to put up with before lunch."", ""We decided to put up with during the meeting."", ""They want to put up with this week.""]"
Phrasal Verb,turn down,/tɝn daʊn/,TURN DOWN,টার্ন ডাউন,To reject an offer; to reduce volume or heat,প্রস্তাব প্রত্যাখ্যান করা; কমানো শব্দ বা তাপ,"[{""phrase"": ""turn down an offer"", ""example_sentence"": ""You can turn down an offer in everyday situations.""}, {""phrase"": ""turn down the volume"", ""example_sentence"": ""Workers often turn down the volume during a busy day.""}, {""phrase"": ""turn down a request"", ""example_sentence"": ""Students should learn to turn down a request when it is useful.""}]","[{""phrase"": ""একটি প্রস্তাব প্রস্তাব প্রত্যাখ্যান করা"", ""example_sentence"": ""শিক্ষার্থীরা উদাহরণে একটি প্রস্তাব প্রস্তাব প্রত্যাখ্যান করা অনুশীলন করে।""}, {""phrase"": ""volume প্রস্তাব প্রত্যাখ্যান করা"", ""example_sentence"": ""শিক্ষার্থীরা উদাহরণে volume প্রস্তাব প্রত্যাখ্যান করা অনুশীলন করে।""}, {""phrase"": ""একটি অনুরোধ প্রস্তাব প্রত্যাখ্যান করা"", ""example_sentence"": ""শিক্ষার্থীরা উদাহরণে একটি অনুরোধ প্রস্তাব প্রত্যাখ্যান করা অনুশীলন করে।""}]",reject; refuse; lower; reduce,accept; approve; turn up; increase,A2,"03 - Plans, Decisions & Strategy","Before bedtime, Mia decided to turn down screen time in the evening.","ঘুমানোর আগে, মিয়া সন্ধ্যার স্ক্রিন টাইম প্রস্তাব প্রত্যাখ্যান করা বা কমানো শব্দ বা তাপ করার সিদ্ধান্ত নিয়েছিল।","person placing a phone on a table at night, calm bedroom lighting. Realistic contemporary setting, natural lighting, clear facial expressions, accurate everyday details, documentary photography style.","[""The family wants to turn down on waste this month."", ""Aisha decided to turn down after looking at the bill."", ""We need to turn down before the exam week.""]"
Phrasal Verb,come across,/kʌm əkrɔs/,KUM uh-KRAWS,কাম আক্রস,To find by chance; to appear or seem a certain way,হঠাৎ খুঁজে পাওয়া; নির্দিষ্টভাবে দেখা বা মনে হওয়া,"[{""phrase"": ""come across an old photo"", ""example_sentence"": ""You can come across an old photo in everyday situations.""}, {""phrase"": ""come across a useful article"", ""example_sentence"": ""Workers often come across a useful article during a busy day.""}, {""phrase"": ""come across new information"", ""example_sentence"": ""Students should learn to come across new information when it is useful.""}]","[{""phrase"": ""একটি পুরোনো photo মনে হওয়া"", ""example_sentence"": ""শিক্ষার্থীরা উদাহরণে একটি পুরোনো photo মনে হওয়া অনুশীলন করে।""}, {""phrase"": ""একটি useful article মনে হওয়া"", ""example_sentence"": ""শিক্ষার্থীরা উদাহরণে একটি useful article মনে হওয়া অনুশীলন করে।""}, {""phrase"": ""নতুন তথ্য মনে হওয়া"", ""example_sentence"": ""শিক্ষার্থীরা উদাহরণে নতুন তথ্য মনে হওয়া অনুশীলন করে।""}]",find by chance; encounter; seem; appear,miss; overlook; hide; fail to appear,A2,"02 - Thinking, Learning & Understanding","During the day, Daniel had to come across.","দিনের মধ্যে, ড্যানিয়েলকে হঠাৎ খুঁজে পাওয়া বা নির্দিষ্টভাবে দেখা বা মনে হওয়া প্রয়োজন হয়েছিল।","realistic daily-life scene matching the sentence, natural lighting, candid photography. Realistic contemporary setting, natural lighting, clear facial expressions, accurate everyday details, documentary photography style.","[""Aisha had to come across before lunch."", ""We decided to come across during the meeting."", ""They want to come across this week.""]"
Phrasal Verb,go through,/ɡoʊ θru/,GOH THROO,গো থ্রু,To experience something difficult; to examine carefully,কঠিন কিছু অভিজ্ঞতা করা; পরীক্ষা করা সতর্কভাবে,"[{""phrase"": ""go through the documents"", ""example_sentence"": ""You can go through the documents in everyday situations.""}, {""phrase"": ""go through a hard time"", ""example_sentence"": ""Workers often go through a hard time during a busy day.""}, {""phrase"": ""go through the details"", ""example_sentence"": ""Students should learn to go through the details when it is useful.""}]","[{""phrase"": ""documents কঠিন কিছু অভিজ্ঞতা করা"", ""example_sentence"": ""শিক্ষার্থীরা উদাহরণে documents কঠিন কিছু অভিজ্ঞতা করা অনুশীলন করে।""}, {""phrase"": ""একটি hard সময় কঠিন কিছু অভিজ্ঞতা করা"", ""example_sentence"": ""শিক্ষার্থীরা উদাহরণে একটি hard সময় কঠিন কিছু অভিজ্ঞতা করা অনুশীলন করে।""}, {""phrase"": ""বিস্তারিত বিষয়গুলো কঠিন কিছু অভিজ্ঞতা করা"", ""example_sentence"": ""শিক্ষার্থীরা উদাহরণে বিস্তারিত বিষয়গুলো কঠিন কিছু অভিজ্ঞতা করা অনুশীলন করে।""}]",experience; undergo; examine carefully,avoid; be spared; skip; ignore,A2,"07 - Problems, Difficulty & Risk","In the library, Aisha had to go through the last math problem before the study group ended.","লাইব্রেরিতে, আইশাকে কঠিন স্টাডি গ্রুপ শেষ হওয়ার আগে শেষ গণিত সমস্যাটি অভিজ্ঞতা করা বা পরীক্ষা করা সতর্কভাবে প্রয়োজন হয়েছিল।","quiet library table with books, notebook, calculator, student concentrating. Realistic contemporary setting, natural lighting, clear facial expressions, accurate everyday details, documentary photography style.","[""Lucas tried to go through the last question alone."", ""We need to go through why the app keeps freezing."", ""Sofia could not go through the map until sunset.""]"
Phrasal Verb,break up,/breɪk ʌp/,BRAYK up,ব্রেইক আপ,To end a relationship; to separate into parts,সম্পর্ক শেষ করা; আলাদা করা তে অংশ,"[{""phrase"": ""break up the group"", ""example_sentence"": ""You can break up the group in everyday situations.""}, {""phrase"": ""break up the meeting"", ""example_sentence"": ""Workers often break up the meeting during a busy day.""}, {""phrase"": ""break up a relationship"", ""example_sentence"": ""Students should learn to break up a relationship when it is useful.""}]","[{""phrase"": ""দলটি সম্পর্ক শেষ করা"", ""example_sentence"": ""শিক্ষার্থীরা উদাহরণে দলটি সম্পর্ক শেষ করা অনুশীলন করে।""}, {""phrase"": ""মিটিংটি সম্পর্ক শেষ করা"", ""example_sentence"": ""শিক্ষার্থীরা উদাহরণে মিটিংটি সম্পর্ক শেষ করা অনুশীলন করে।""}, {""phrase"": ""একটি relationship সম্পর্ক শেষ করা"", ""example_sentence"": ""শিক্ষার্থীরা উদাহরণে একটি relationship সম্পর্ক শেষ করা অনুশীলন করে।""}]",separate; end a relationship; split; divide,reconcile; get together; combine; unite,A2,"09 - Relationships, Feelings & Daily Life","During the school event, Lucas had to break up with the new volunteers.","স্কুলের অনুষ্ঠানে, লুকাসকে নতুন স্বেচ্ছাসেবকদের সঙ্গে সম্পর্ক শেষ করা বা আলাদা করা তে অংশ প্রয়োজন হয়েছিল।","teacher or organizer welcoming volunteers and building rapport. Realistic contemporary setting, natural lighting, clear facial expressions, accurate everyday details, documentary photography style.","[""The two teams tried to break up after the disagreement."", ""Sofia did not want to break up with her old coach."", ""A shared lunch helped them break up.""]"
Phrasal Verb,take off,/teɪk ɔf/,TAYK AWF,টেইক অফ,To remove clothing; to depart (plane); to become successful,পোশাক খুলে ফেলা; ছেড়ে যাওয়া (বিমান); সফল হওয়া,"[{""phrase"": ""take off your shoes"", ""example_sentence"": ""You can take off your shoes in everyday situations.""}, {""phrase"": ""take off from the airport"", ""example_sentence"": ""Workers often take off from the airport during a busy day.""}, {""phrase"": ""take off quickly"", ""example_sentence"": ""Students should learn to take off quickly when it is useful.""}]","[{""phrase"": ""আপনার shoes সফল হওয়া"", ""example_sentence"": ""শিক্ষার্থীরা উদাহরণে আপনার shoes সফল হওয়া অনুশীলন করে।""}, {""phrase"": ""from airport সফল হওয়া"", ""example_sentence"": ""শিক্ষার্থীরা উদাহরণে from airport সফল হওয়া অনুশীলন করে।""}, {""phrase"": ""দ্রুত সফল হওয়া"", ""example_sentence"": ""শিক্ষার্থীরা উদাহরণে দ্রুত সফল হওয়া অনুশীলন করে।""}]",remove; depart; leave; become successful,put on; land; arrive; fail,A2,"10 - Money, Business, Technology & Movement","To save money, Sofia decided to take off on taxi rides this month.","টাকা বাঁচাতে, সোফিয়া ট্যাক্সি ভ্রমণ এই মাসে পোশাক খুলে ফেলা বা ছেড়ে যাওয়া (বিমান) বা সফল হওয়ার সিদ্ধান্ত নিয়েছিল।","young adult checking a budget app while choosing to walk down a city street. Realistic contemporary setting, natural lighting, clear facial expressions, accurate everyday details, documentary photography style.","[""The family wants to take off on waste this month."", ""Lina decided to take off after looking at the bill."", ""We need to take off before the exam week.""]"
Phrasal Verb,show up,/ʃoʊ ʌp/,SHOH up,শো আপ,To arrive or appear somewhere,কোথাও পৌঁছানো বা উপস্থিত হওয়া,"[{""phrase"": ""show up on time"", ""example_sentence"": ""The team tried to show up on time so the schedule stayed clear.""}, {""phrase"": ""show up during the project"", ""example_sentence"": ""Things may show up during the project when the workload increases.""}, {""phrase"": ""show up without delay"", ""example_sentence"": ""Everyone was ready to show up without delay after the announcement.""}]","[{""phrase"": ""সময়মতো উপস্থিত হওয়া"", ""example_sentence"": ""শিক্ষার্থীরা উদাহরণে সময়মতো উপস্থিত হওয়া অনুশীলন করে।""}, {""phrase"": ""প্রকল্প চলাকালে উপস্থিত হওয়া"", ""example_sentence"": ""শিক্ষার্থীরা উদাহরণে প্রকল্প চলাকালে উপস্থিত হওয়া অনুশীলন করে।""}, {""phrase"": ""দেরি না করে উপস্থিত হওয়া"", ""example_sentence"": ""শিক্ষার্থীরা উদাহরণে দেরি না করে উপস্থিত হওয়া অনুশীলন করে।""}]",arrive; appear; attend; turn up,leave; disappear; be absent; miss,A2,"10 - Money, Business, Technology & Movement","After school, Ethan had to show up.","স্কুলের পর, ইথানকে কোথাও পৌঁছানো বা উপস্থিত হওয়া প্রয়োজন হয়েছিল।","realistic school scene matching the sentence, clear action and natural colors. Realistic contemporary setting, natural lighting, clear facial expressions, accurate everyday details, documentary photography style.","[""Lina had to show up before lunch."", ""We decided to show up during the meeting."", ""They want to show up this week.""]"
Phrasal Verb,give in,/ɡɪv ɪn/,GIV een,গিভ ইন,To surrender or yield to pressure,চাপের কাছে হার মানা বা নতি স্বীকার করা,"[{""phrase"": ""give in on time"", ""example_sentence"": ""The team tried to give in on time so the schedule stayed clear.""}, {""phrase"": ""give in during the project"", ""example_sentence"": ""Things may give in during the project when the workload increases.""}, {""phrase"": ""give in without delay"", ""example_sentence"": ""Everyone was ready to give in without delay after the announcement.""}]","[{""phrase"": ""সময়মতো নতি স্বীকার করা"", ""example_sentence"": ""শিক্ষার্থীরা উদাহরণে সময়মতো নতি স্বীকার করা অনুশীলন করে।""}, {""phrase"": ""প্রকল্প চলাকালে নতি স্বীকার করা"", ""example_sentence"": ""শিক্ষার্থীরা উদাহরণে প্রকল্প চলাকালে নতি স্বীকার করা অনুশীলন করে।""}, {""phrase"": ""দেরি না করে নতি স্বীকার করা"", ""example_sentence"": ""শিক্ষার্থীরা উদাহরণে দেরি না করে নতি স্বীকার করা অনুশীলন করে।""}]",yield; surrender; give way; back down,resist; stand firm; hold out,A2,"07 - Problems, Difficulty & Risk","At work, Lina had to give in.","কর্মক্ষেত্রে, লিনাকে চাপের কাছে হার মানা বা নতি স্বীকার করা প্রয়োজন হয়েছিল।","realistic workplace scene matching the sentence, detailed environment and natural light. Realistic contemporary setting, natural lighting, clear facial expressions, accurate everyday details, documentary photography style.","[""Omar had to give in before lunch."", ""We decided to give in during the meeting."", ""They want to give in this week.""]"
Phrasal Verb,run out of,/rʌn aʊt ʌv/,RUN out uv,রান আউট আভ,To exhaust the supply of something,কোনো কিছুর সরবরাহ শেষ করে ফেলা,"[{""phrase"": ""run out of time"", ""example_sentence"": ""You can run out of time in everyday situations.""}, {""phrase"": ""run out of money"", ""example_sentence"": ""Workers often run out of money during a busy day.""}, {""phrase"": ""run out of supplies"", ""example_sentence"": ""Students should learn to run out of supplies when it is useful.""}]","[{""phrase"": ""সময় কোনো কিছুর সরবরাহ শেষ করে ফেলা"", ""example_sentence"": ""শিক্ষার্থীরা উদাহরণে সময় কোনো কিছুর সরবরাহ শেষ করে ফেলা অনুশীলন করে।""}, {""phrase"": ""টাকা কোনো কিছুর সরবরাহ শেষ করে ফেলা"", ""example_sentence"": ""শিক্ষার্থীরা উদাহরণে টাকা কোনো কিছুর সরবরাহ শেষ করে ফেলা অনুশীলন করে।""}, {""phrase"": ""supplies কোনো কিছুর সরবরাহ শেষ করে ফেলা"", ""example_sentence"": ""শিক্ষার্থীরা উদাহরণে supplies কোনো কিছুর সরবরাহ শেষ করে ফেলা অনুশীলন করে।""}]",use up; exhaust; deplete,stock up; have plenty; replenish,B1,"07 - Problems, Difficulty & Risk","During the day, Omar had to run out of.","দিনের মধ্যে, ওমরকে কোনো কিছুর সরবরাহ শেষ করে ফেলা প্রয়োজন হয়েছিল।","realistic daily-life scene matching the sentence, natural lighting, candid photography. Realistic contemporary setting, natural lighting, clear facial expressions, accurate everyday details, documentary photography style.","[""Chloe had to run out of before lunch."", ""We decided to run out of during the meeting."", ""They want to run out of this week.""]"
Phrasal Verb,look after,/lʊk æftɚ/,LOOK AFTER,লুক অ্যাফ্টার,To take care of someone or something,কাউকে বা কোনো কিছুর যত্ন নেওয়া,"[{""phrase"": ""look after the children"", ""example_sentence"": ""You can look after the children in everyday situations.""}, {""phrase"": ""look after the house"", ""example_sentence"": ""Workers often look after the house during a busy day.""}, {""phrase"": ""look after a customer"", ""example_sentence"": ""Students should learn to look after a customer when it is useful.""}]","[{""phrase"": ""শিশুদের কিছুর যত্ন নেওয়া"", ""example_sentence"": ""শিক্ষার্থীরা উদাহরণে শিশুদের কিছুর যত্ন নেওয়া অনুশীলন করে।""}, {""phrase"": ""house কিছুর যত্ন নেওয়া"", ""example_sentence"": ""শিক্ষার্থীরা উদাহরণে house কিছুর যত্ন নেওয়া অনুশীলন করে।""}, {""phrase"": ""একজন গ্রাহক কিছুর যত্ন নেওয়া"", ""example_sentence"": ""শিক্ষার্থীরা উদাহরণে একজন গ্রাহক কিছুর যত্ন নেওয়া অনুশীলন করে।""}]",care for; take care of; watch over,neglect; abandon; ignore,A2,"09 - Relationships, Feelings & Daily Life","After school, Chloe had to look after her little brother until their mother came home.","স্কুলের পর, ক্লোইকে কাউকে বা মা বাড়ি ফেরা পর্যন্ত তার ছোট ভাইকের যত্ন নেওয়া প্রয়োজন হয়েছিল।","Warm home interior with an older sister helping her younger brother at the kitchen table, school bags and snacks visible, realistic family scene.","[""Can you look after my bag for five minutes?"", ""He looks after his grandmother every weekend."", ""The teacher asked us to look after the class plants during the holiday.""]"
Phrasal Verb,get back to,/ɡɛt bæk tu/,GET BACK too,গেট ব্যাক টু,To return a call or respond to someone later,পরে ফোন ফেরত দেওয়া বা কাউকে উত্তর দেওয়া,"[{""phrase"": ""get back to the client"", ""example_sentence"": ""You can get back to the client in everyday situations.""}, {""phrase"": ""get back to me later"", ""example_sentence"": ""Workers often get back to me later during a busy day.""}, {""phrase"": ""get back to the team"", ""example_sentence"": ""Students should learn to get back to the team when it is useful.""}]","[{""phrase"": ""client পরে ফোন ফেরত দেওয়া"", ""example_sentence"": ""শিক্ষার্থীরা উদাহরণে client পরে ফোন ফেরত দেওয়া অনুশীলন করে।""}, {""phrase"": ""me later পরে ফোন ফেরত দেওয়া"", ""example_sentence"": ""শিক্ষার্থীরা উদাহরণে me later পরে ফোন ফেরত দেওয়া অনুশীলন করে।""}, {""phrase"": ""দলটি পরে ফোন ফেরত দেওয়া"", ""example_sentence"": ""শিক্ষার্থীরা উদাহরণে দলটি পরে ফোন ফেরত দেওয়া অনুশীলন করে।""}]",respond later; return a call; follow up,ignore; delay forever; leave unanswered,B1,01 - Communication & Discussion,"Before dinner, Hassan had to get back to a neighbor's house to drop off a book.","রাতের খাবারের আগে, হাসানকে পরে ফোন ফেরত দেওয়া বা একটি বই দিয়ে আসতে প্রতিবেশীর বাড়ি উত্তর দেওয়া প্রয়োজন হয়েছিল।","friendly residential doorway visit, one person holding a book at the door. Realistic contemporary setting, natural lighting, clear facial expressions, accurate everyday details, documentary photography style.","[""I might get back to the office after lunch."", ""Ben plans to get back to her aunt on Sunday."", ""Please get back to the library if you have time.""]"
Phrasal Verb,put forward,/pʊt fɔrwɚd/,PUT FOR-werd,পুট ফরওয়ার্ড,To propose or suggest an idea,কোনো ধারণা প্রস্তাব বা সুপারিশ করা,"[{""phrase"": ""put forward a proposal"", ""example_sentence"": ""You can put forward a proposal in everyday situations.""}, {""phrase"": ""put forward an idea"", ""example_sentence"": ""Workers often put forward an idea during a busy day.""}, {""phrase"": ""put forward a suggestion"", ""example_sentence"": ""Students should learn to put forward a suggestion when it is useful.""}]","[{""phrase"": ""একটি প্রস্তাব সুপারিশ করা"", ""example_sentence"": ""শিক্ষার্থীরা উদাহরণে একটি প্রস্তাব সুপারিশ করা অনুশীলন করে।""}, {""phrase"": ""একটি ধারণা সুপারিশ করা"", ""example_sentence"": ""শিক্ষার্থীরা উদাহরণে একটি ধারণা সুপারিশ করা অনুশীলন করে।""}, {""phrase"": ""একটি suggestion সুপারিশ করা"", ""example_sentence"": ""শিক্ষার্থীরা উদাহরণে একটি suggestion সুপারিশ করা অনুশীলন করে।""}]",propose; suggest; submit; present,withdraw; reject; hold back,A2,01 - Communication & Discussion,"During the day, Nora had to put forward.","দিনের মধ্যে, নোরাকে কোনো ধারণা প্রস্তাব বা সুপারিশ করা প্রয়োজন হয়েছিল।","realistic daily-life scene matching the sentence, natural lighting, candid photography. Realistic contemporary setting, natural lighting, clear facial expressions, accurate everyday details, documentary photography style.","[""Ben had to put forward before lunch."", ""We decided to put forward during the meeting."", ""They want to put forward this week.""]"
Phrasal Verb,call off,/kɔl ɔf/,KAWL AWF,কল অফ,To cancel a planned event,পরিকল্পিত অনুষ্ঠান বাতিল করা,"[{""phrase"": ""call off the meeting"", ""example_sentence"": ""You can call off the meeting in everyday situations.""}, {""phrase"": ""call off the match"", ""example_sentence"": ""Workers often call off the match during a busy day.""}, {""phrase"": ""call off the event"", ""example_sentence"": ""Students should learn to call off the event when it is useful.""}]","[{""phrase"": ""মিটিংটি পরিকল্পিত অনুষ্ঠান বাতিল করা"", ""example_sentence"": ""শিক্ষার্থীরা উদাহরণে মিটিংটি পরিকল্পিত অনুষ্ঠান বাতিল করা অনুশীলন করে।""}, {""phrase"": ""match পরিকল্পিত অনুষ্ঠান বাতিল করা"", ""example_sentence"": ""শিক্ষার্থীরা উদাহরণে match পরিকল্পিত অনুষ্ঠান বাতিল করা অনুশীলন করে।""}, {""phrase"": ""ঘটনাটি পরিকল্পিত অনুষ্ঠান বাতিল করা"", ""example_sentence"": ""শিক্ষার্থীরা উদাহরণে ঘটনাটি পরিকল্পিত অনুষ্ঠান বাতিল করা অনুশীলন করে।""}]",cancel; stop; abandon; postpone indefinitely,confirm; schedule; go ahead with,A2,"05 - Time, Scheduling & Process","After school, Ben had to call off.","স্কুলের পর, বেনকে পরিকল্পিত অনুষ্ঠান বাতিল করা প্রয়োজন হয়েছিল।","realistic school scene matching the sentence, clear action and natural colors. Realistic contemporary setting, natural lighting, clear facial expressions, accurate everyday details, documentary photography style.","[""Sara had to call off before lunch."", ""We decided to call off during the meeting."", ""They want to call off this week.""]"
Phrasal Verb,check in,/tʃɛk ɪn/,CHEK een,চেক ইন,To register at a hotel or airport; to contact someone briefly,হোটেল বা বিমানবন্দরে নিবন্ধন করা; যোগাযোগ করা কাউকে সংক্ষেপে,"[{""phrase"": ""check in on time"", ""example_sentence"": ""The team tried to check in on time so the schedule stayed clear.""}, {""phrase"": ""check in during the project"", ""example_sentence"": ""Things may check in during the project when the workload increases.""}, {""phrase"": ""check in without delay"", ""example_sentence"": ""Everyone was ready to check in without delay after the announcement.""}]","[{""phrase"": ""সময়মতো বিমানবন্দরে নিবন্ধন করা"", ""example_sentence"": ""শিক্ষার্থীরা উদাহরণে সময়মতো বিমানবন্দরে নিবন্ধন করা অনুশীলন করে।""}, {""phrase"": ""প্রকল্প চলাকালে বিমানবন্দরে নিবন্ধন করা"", ""example_sentence"": ""শিক্ষার্থীরা উদাহরণে প্রকল্প চলাকালে বিমানবন্দরে নিবন্ধন করা অনুশীলন করে।""}, {""phrase"": ""দেরি না করে বিমানবন্দরে নিবন্ধন করা"", ""example_sentence"": ""শিক্ষার্থীরা উদাহরণে দেরি না করে বিমানবন্দরে নিবন্ধন করা অনুশীলন করে।""}]",register; report in; make brief contact,check out; leave; stay silent,A2,"10 - Money, Business, Technology & Movement","At work, Sara had to check in.","কর্মক্ষেত্রে, সারাকে হোটেল বা বিমানবন্দরে নিবন্ধন করা বা যোগাযোগ করা কাউকে সংক্ষেপে প্রয়োজন হয়েছিল।","realistic workplace scene matching the sentence, detailed environment and natural light. Realistic contemporary setting, natural lighting, clear facial expressions, accurate everyday details, documentary photography style.","[""Leo had to check in before lunch."", ""We decided to check in during the meeting."", ""They want to check in this week.""]"
Phrasal Verb,check out,/tʃɛk aʊt/,CHEK out,চেক আউট,To leave a hotel; to examine something; to look at,হোটেল ছেড়ে যাওয়া; পরীক্ষা করা কোনো কিছু; দেখা তে,"[{""phrase"": ""check out the hotel"", ""example_sentence"": ""You can check out the hotel in everyday situations.""}, {""phrase"": ""check out a new cafe"", ""example_sentence"": ""Workers often check out a new cafe during a busy day.""}, {""phrase"": ""check out the website"", ""example_sentence"": ""Students should learn to check out the website when it is useful.""}]","[{""phrase"": ""hotel পরীক্ষা করা কোনো কিছু"", ""example_sentence"": ""শিক্ষার্থীরা উদাহরণে hotel পরীক্ষা করা কোনো কিছু অনুশীলন করে।""}, {""phrase"": ""একটি নতুন cafe পরীক্ষা করা কোনো কিছু"", ""example_sentence"": ""শিক্ষার্থীরা উদাহরণে একটি নতুন cafe পরীক্ষা করা কোনো কিছু অনুশীলন করে।""}, {""phrase"": ""ওয়েবসাইটটি পরীক্ষা করা কোনো কিছু"", ""example_sentence"": ""শিক্ষার্থীরা উদাহরণে ওয়েবসাইটটি পরীক্ষা করা কোনো কিছু অনুশীলন করে।""}]",leave a hotel; examine; look at; investigate,check in; ignore; avoid examining,A2,"10 - Money, Business, Technology & Movement","At her desk, Leo had to check out why the printer kept stopping before the report was due.","নিজের ডেস্কে, লিওকে হোটেল ছেড়ে যাওয়া বা পরীক্ষা করা রিপোর্ট জমা দেওয়ার আগে প্রিন্টারটি কেন বারবার বন্ধ হচ্ছিল বা দেখা তে প্রয়োজন হয়েছিল।","office desk with computer, stopped printer, young professional thinking and checking documents. Realistic contemporary setting, natural lighting, clear facial expressions, accurate everyday details, documentary photography style.","[""Maya tried to check out the last question alone."", ""We need to check out why the app keeps freezing."", ""David could not check out the map until sunset.""]"
Phrasal Verb,fill in,/fɪl ɪn/,FIL een,ফিল ইন,To complete a form; to substitute for someone,ফর্ম পূরণ করা; বদলি করা জন্য কাউকে,"[{""phrase"": ""fill in a form"", ""example_sentence"": ""You can fill in a form in everyday situations.""}, {""phrase"": ""fill in the blanks"", ""example_sentence"": ""Workers often fill in the blanks during a busy day.""}, {""phrase"": ""fill in for a colleague"", ""example_sentence"": ""Students should learn to fill in for a colleague when it is useful.""}]","[{""phrase"": ""একটি ফর্ম ফর্ম পূরণ করা"", ""example_sentence"": ""শিক্ষার্থীরা উদাহরণে একটি ফর্ম ফর্ম পূরণ করা অনুশীলন করে।""}, {""phrase"": ""blanks ফর্ম পূরণ করা"", ""example_sentence"": ""শিক্ষার্থীরা উদাহরণে blanks ফর্ম পূরণ করা অনুশীলন করে।""}, {""phrase"": ""জন্য একটি colleague ফর্ম পূরণ করা"", ""example_sentence"": ""শিক্ষার্থীরা উদাহরণে জন্য একটি colleague ফর্ম পূরণ করা অনুশীলন করে।""}]",complete; substitute; provide details,leave blank; omit; leave uncovered,A2,"10 - Money, Business, Technology & Movement",Please fill in the registration form before the lesson starts.,অনুগ্রহ করে পাঠ শুরু হওয়ার আগে নিবন্ধন ফর্মটি পূরণ করুন।,"Student completing a registration form at a desk before class, pen, form, and school bag visible, realistic scene.","[""Can you fill in this form for the library?"", ""She filled in for the receptionist during lunch."", ""We need to fill in the missing dates on the chart.""]"
Phrasal Verb,fill out,/fɪl aʊt/,FIL out,ফিল আউট,To complete a form or document,ফর্ম বা নথি পূরণ করা,"[{""phrase"": ""fill out a form"", ""example_sentence"": ""You can fill out a form in everyday situations.""}, {""phrase"": ""fill out an application"", ""example_sentence"": ""Workers often fill out an application during a busy day.""}, {""phrase"": ""fill out the survey"", ""example_sentence"": ""Students should learn to fill out the survey when it is useful.""}]","[{""phrase"": ""একটি ফর্ম নথি পূরণ করা"", ""example_sentence"": ""শিক্ষার্থীরা উদাহরণে একটি ফর্ম নথি পূরণ করা অনুশীলন করে।""}, {""phrase"": ""একটি আবেদন নথি পূরণ করা"", ""example_sentence"": ""শিক্ষার্থীরা উদাহরণে একটি আবেদন নথি পূরণ করা অনুশীলন করে।""}, {""phrase"": ""survey নথি পূরণ করা"", ""example_sentence"": ""শিক্ষার্থীরা উদাহরণে survey নথি পূরণ করা অনুশীলন করে।""}]",complete; write in; finish a form,leave blank; omit; ignore,A2,"10 - Money, Business, Technology & Movement",The nurse asked every patient to fill out a short health form.,নার্স প্রতিটি রোগীকে একটি ছোট স্বাস্থ্য ফর্ম পূরণ করতে বলেছিলেন।,"Clinic waiting room with patients completing health forms on clipboards, realistic healthcare setting.","[""Please fill out both pages of the application."", ""He filled out the survey in five minutes."", ""They had to fill out new travel forms at the airport.""]"
Phrasal Verb,hand in,/hænd ɪn/,HAND een,হ্যান্ড ইন,To submit work or a document,কাজ বা নথি জমা দেওয়া,"[{""phrase"": ""hand in the assignment"", ""example_sentence"": ""You can hand in the assignment in everyday situations.""}, {""phrase"": ""hand in the report"", ""example_sentence"": ""Workers often hand in the report during a busy day.""}, {""phrase"": ""hand in the form"", ""example_sentence"": ""Students should learn to hand in the form when it is useful.""}]","[{""phrase"": ""assignment নথি জমা দেওয়া"", ""example_sentence"": ""শিক্ষার্থীরা উদাহরণে assignment নথি জমা দেওয়া অনুশীলন করে।""}, {""phrase"": ""রিপোর্টটি নথি জমা দেওয়া"", ""example_sentence"": ""শিক্ষার্থীরা উদাহরণে রিপোর্টটি নথি জমা দেওয়া অনুশীলন করে।""}, {""phrase"": ""ফর্মটি নথি জমা দেওয়া"", ""example_sentence"": ""শিক্ষার্থীরা উদাহরণে ফর্মটি নথি জমা দেওয়া অনুশীলন করে।""}]",submit; turn in; give to an authority,keep; withhold; fail to submit,A2,"04 - Work, Responsibility & Productivity",The students had to hand in their science reports before noon.,শিক্ষার্থীদের দুপুরের আগে তাদের বিজ্ঞান প্রতিবেদন জমা দিতে হয়েছিল।,"Classroom scene with students giving printed reports to a teacher at the front desk, notebooks and school bags visible, realistic school photography.","[""Please hand in your homework before lunch."", ""She forgot to hand in the form yesterday."", ""We need to hand in the project by Friday.""]"
Phrasal Verb,hand out,/hænd aʊt/,HAND out,হ্যান্ড আউট,To distribute something to a group,একটি দলের মধ্যে কোনো কিছু বিতরণ করা,"[{""phrase"": ""hand out flyers"", ""example_sentence"": ""You can hand out flyers in everyday situations.""}, {""phrase"": ""hand out worksheets"", ""example_sentence"": ""Workers often hand out worksheets during a busy day.""}, {""phrase"": ""hand out free samples"", ""example_sentence"": ""Students should learn to hand out free samples when it is useful.""}]","[{""phrase"": ""flyers দলের মধ্যে কোনো কিছু বিতরণ করা"", ""example_sentence"": ""শিক্ষার্থীরা উদাহরণে flyers দলের মধ্যে কোনো কিছু বিতরণ করা অনুশীলন করে।""}, {""phrase"": ""worksheets দলের মধ্যে কোনো কিছু বিতরণ করা"", ""example_sentence"": ""শিক্ষার্থীরা উদাহরণে worksheets দলের মধ্যে কোনো কিছু বিতরণ করা অনুশীলন করে।""}, {""phrase"": ""বিনামূল্যের নমুনা দলের মধ্যে কোনো কিছু বিতরণ করা"", ""example_sentence"": ""শিক্ষার্থীরা উদাহরণে বিনামূল্যের নমুনা দলের মধ্যে কোনো কিছু বিতরণ করা অনুশীলন করে।""}]",distribute; give out; pass around,collect; withhold; take back,A2,01 - Communication & Discussion,"After school, Ryan had to hand out.","স্কুলের পর, রায়ানকে একটি দলের মধ্যে কোনো কিছু বিতরণ করা প্রয়োজন হয়েছিল।","realistic school scene matching the sentence, clear action and natural colors. Realistic contemporary setting, natural lighting, clear facial expressions, accurate everyday details, documentary photography style.","[""Julia had to hand out before lunch."", ""We decided to hand out during the meeting."", ""They want to hand out this week.""]"
Phrasal Verb,head up,/hɛd ʌp/,HED up,হেড আপ,To lead or be in charge of something,নেতৃত্ব দেওয়া বা দায়িত্বে থাকা,"[{""phrase"": ""head up a team"", ""example_sentence"": ""You can head up a team in everyday situations.""}, {""phrase"": ""head up the project"", ""example_sentence"": ""Workers often head up the project during a busy day.""}, {""phrase"": ""head up the committee"", ""example_sentence"": ""Students should learn to head up the committee when it is useful.""}]","[{""phrase"": ""একটি দল নেতৃত্ব দেওয়া"", ""example_sentence"": ""শিক্ষার্থীরা উদাহরণে একটি দল নেতৃত্ব দেওয়া অনুশীলন করে।""}, {""phrase"": ""প্রকল্পটি নেতৃত্ব দেওয়া"", ""example_sentence"": ""শিক্ষার্থীরা উদাহরণে প্রকল্পটি নেতৃত্ব দেওয়া অনুশীলন করে।""}, {""phrase"": ""committee নেতৃত্ব দেওয়া"", ""example_sentence"": ""শিক্ষার্থীরা উদাহরণে committee নেতৃত্ব দেওয়া অনুশীলন করে।""}]",lead; manage; be in charge of,follow; step down; hand over control,A2,"04 - Work, Responsibility & Productivity",Nina will head up the school charity project this term.,নিনা এই টার্মে স্কুলের দাতব্য প্রকল্পের নেতৃত্ব দেবে।,"Confident student leader organizing a charity project meeting, posters and notebooks on a table, realistic school leadership scene.","[""She was chosen to head up the design team."", ""Who will head up the food drive this year?"", ""He hopes to head up a larger project soon.""]"
Phrasal Verb,keep up,/kip ʌp/,KEEP up,কিপ আপ,To maintain the same pace or level,একই গতি বা স্তর বজায় রাখা,"[{""phrase"": ""keep up the pace"", ""example_sentence"": ""You can keep up the pace in everyday situations.""}, {""phrase"": ""keep up good work"", ""example_sentence"": ""Workers often keep up good work during a busy day.""}, {""phrase"": ""keep up regular practice"", ""example_sentence"": ""Students should learn to keep up regular practice when it is useful.""}]","[{""phrase"": ""pace একই গতি বা স্তর বজায় রাখা"", ""example_sentence"": ""শিক্ষার্থীরা উদাহরণে pace একই গতি বা স্তর বজায় রাখা অনুশীলন করে।""}, {""phrase"": ""good কাজ একই গতি বা স্তর বজায় রাখা"", ""example_sentence"": ""শিক্ষার্থীরা উদাহরণে good কাজ একই গতি বা স্তর বজায় রাখা অনুশীলন করে।""}, {""phrase"": ""regular practice একই গতি বা স্তর বজায় রাখা"", ""example_sentence"": ""শিক্ষার্থীরা উদাহরণে regular practice একই গতি বা স্তর বজায় রাখা অনুশীলন করে।""}]",maintain pace; stay level; continue,fall behind; lag; slow down,A2,"06 - Progress, Success & Results","After missing a week of class, Ben worked hard to keep up with his homework.","এক সপ্তাহ ক্লাস মিস করার পর, বেন তার বাড়ির কাজের সঙ্গে তাল রাখতে কঠোর পরিশ্রম করেছিল।","Student catching up on homework at a desk covered with books and notes, realistic study environment.","[""I walk fast to keep up with my brother."", ""The small shop struggles to keep up with rising costs."", ""She studies every night to keep up in math.""]"
Phrasal Verb,lay off,/leɪ ɔf/,LAY AWF,লেই অফ,To dismiss employees; to stop doing something,কর্মচারীদের ছাঁটাই করা; বন্ধ করা করা কোনো কিছু,"[{""phrase"": ""lay off workers"", ""example_sentence"": ""You can lay off workers in everyday situations.""}, {""phrase"": ""lay off staff"", ""example_sentence"": ""Workers often lay off staff during a busy day.""}, {""phrase"": ""lay off junk food"", ""example_sentence"": ""Students should learn to lay off junk food when it is useful.""}]","[{""phrase"": ""workers কর্মচারীদের ছাঁটাই করা"", ""example_sentence"": ""শিক্ষার্থীরা উদাহরণে workers কর্মচারীদের ছাঁটাই করা অনুশীলন করে।""}, {""phrase"": ""staff কর্মচারীদের ছাঁটাই করা"", ""example_sentence"": ""শিক্ষার্থীরা উদাহরণে staff কর্মচারীদের ছাঁটাই করা অনুশীলন করে।""}, {""phrase"": ""জাঙ্ক ফুড কর্মচারীদের ছাঁটাই করা"", ""example_sentence"": ""শিক্ষার্থীরা উদাহরণে জাঙ্ক ফুড কর্মচারীদের ছাঁটাই করা অনুশীলন করে।""}]",dismiss; make redundant; stop doing,hire; employ; continue,A2,"04 - Work, Responsibility & Productivity","After three slow months, the factory had to lay off eight workers.","তিন মাস ধীরগতির পর, কারখানাটিকে আটজন কর্মী ছাঁটাই করতে হয়েছিল।","Factory office with manager discussing layoffs with worried employees, paperwork on desk, realistic industrial workplace scene.","[""The company may lay off more staff if orders keep falling."", ""They chose to lay off temporary workers first."", ""No manager wants to lay off people before winter.""]"
Phrasal Verb,log in,/lɔɡ ɪn/,LOG een,লগ ইন,To access a system using credentials,লগইন তথ্য দিয়ে সিস্টেমে প্রবেশ করা,"[{""phrase"": ""log in on time"", ""example_sentence"": ""The team tried to log in on time so the schedule stayed clear.""}, {""phrase"": ""log in during the project"", ""example_sentence"": ""Things may log in during the project when the workload increases.""}, {""phrase"": ""log in without delay"", ""example_sentence"": ""Everyone was ready to log in without delay after the announcement.""}]","[{""phrase"": ""সময়মতো লগইন তথ্য দিয়ে সিস্টেমে প্রবেশ করা"", ""example_sentence"": ""শিক্ষার্থীরা উদাহরণে সময়মতো লগইন তথ্য দিয়ে সিস্টেমে প্রবেশ করা অনুশীলন করে।""}, {""phrase"": ""প্রকল্প চলাকালে লগইন তথ্য দিয়ে সিস্টেমে প্রবেশ করা"", ""example_sentence"": ""শিক্ষার্থীরা উদাহরণে প্রকল্প চলাকালে লগইন তথ্য দিয়ে সিস্টেমে প্রবেশ করা অনুশীলন করে।""}, {""phrase"": ""দেরি না করে লগইন তথ্য দিয়ে সিস্টেমে প্রবেশ করা"", ""example_sentence"": ""শিক্ষার্থীরা উদাহরণে দেরি না করে লগইন তথ্য দিয়ে সিস্টেমে প্রবেশ করা অনুশীলন করে।""}]",sign in; access an account; enter a system,log out; sign out; exit,A2,"10 - Money, Business, Technology & Movement","At work, Jonah had to log in.","কর্মক্ষেত্রে, জোনাহকে লগইন তথ্য দিয়ে সিস্টেমে প্রবেশ করা প্রয়োজন হয়েছিল।","realistic workplace scene matching the sentence, detailed environment and natural light. Realistic contemporary setting, natural lighting, clear facial expressions, accurate everyday details, documentary photography style.","[""Leila had to log in before lunch."", ""We decided to log in during the meeting."", ""They want to log in this week.""]"
Phrasal Verb,log out,/lɔɡ aʊt/,LOG out,লগ আউট,To exit or sign out of a system,সিস্টেম থেকে বের হওয়া বা সাইন আউট করা,"[{""phrase"": ""log out on time"", ""example_sentence"": ""The team tried to log out on time so the schedule stayed clear.""}, {""phrase"": ""log out during the project"", ""example_sentence"": ""Things may log out during the project when the workload increases.""}, {""phrase"": ""log out without delay"", ""example_sentence"": ""Everyone was ready to log out without delay after the announcement.""}]","[{""phrase"": ""সময়মতো সিস্টেম থেকে বের হওয়া"", ""example_sentence"": ""শিক্ষার্থীরা উদাহরণে সময়মতো সিস্টেম থেকে বের হওয়া অনুশীলন করে।""}, {""phrase"": ""প্রকল্প চলাকালে সিস্টেম থেকে বের হওয়া"", ""example_sentence"": ""শিক্ষার্থীরা উদাহরণে প্রকল্প চলাকালে সিস্টেম থেকে বের হওয়া অনুশীলন করে।""}, {""phrase"": ""দেরি না করে সিস্টেম থেকে বের হওয়া"", ""example_sentence"": ""শিক্ষার্থীরা উদাহরণে দেরি না করে সিস্টেম থেকে বের হওয়া অনুশীলন করে।""}]",sign out; exit a system; disconnect,log in; sign in; access,A2,"10 - Money, Business, Technology & Movement","During the day, Leila had to log out.","দিনের মধ্যে, লেইলাকে সিস্টেম থেকে বের হওয়া বা সাইন আউট করা প্রয়োজন হয়েছিল।","realistic daily-life scene matching the sentence, natural lighting, candid photography. Realistic contemporary setting, natural lighting, clear facial expressions, accurate everyday details, documentary photography style.","[""Victor had to log out before lunch."", ""We decided to log out during the meeting."", ""They want to log out this week.""]"
Phrasal Verb,narrow down,/nɛroʊ daʊn/,NARROW DOWN,নেরো ডাউন,To reduce a list of options,বিকল্পের তালিকা ছোট করা,"[{""phrase"": ""narrow down the choices"", ""example_sentence"": ""You can narrow down the choices in everyday situations.""}, {""phrase"": ""narrow down the list"", ""example_sentence"": ""Workers often narrow down the list during a busy day.""}, {""phrase"": ""narrow down the options"", ""example_sentence"": ""Students should learn to narrow down the options when it is useful.""}]","[{""phrase"": ""choices বিকল্পের তালিকা ছোট করা"", ""example_sentence"": ""শিক্ষার্থীরা উদাহরণে choices বিকল্পের তালিকা ছোট করা অনুশীলন করে।""}, {""phrase"": ""তালিকাটি বিকল্পের তালিকা ছোট করা"", ""example_sentence"": ""শিক্ষার্থীরা উদাহরণে তালিকাটি বিকল্পের তালিকা ছোট করা অনুশীলন করে।""}, {""phrase"": ""বিকল্পগুলো বিকল্পের তালিকা ছোট করা"", ""example_sentence"": ""শিক্ষার্থীরা উদাহরণে বিকল্পগুলো বিকল্পের তালিকা ছোট করা অনুশীলন করে।""}]",reduce options; shortlist; limit choices,expand options; add choices; broaden,A2,"03 - Plans, Decisions & Strategy","For the environment, Victor decided to narrow down plastic use in the office.","পরিবেশের জন্য, ভিক্টর অফিসে প্লাস্টিকের ব্যবহার বিকল্পের তালিকা ছোট করার সিদ্ধান্ত নিয়েছিল।","office kitchen with reusable bottles and containers replacing plastic items. Realistic contemporary setting, natural lighting, clear facial expressions, accurate everyday details, documentary photography style.","[""The family wants to narrow down on waste this month."", ""Mason decided to narrow down after looking at the bill."", ""We need to narrow down before the exam week.""]"
Phrasal Verb,opt out,/ɑpt aʊt/,OPT out,আপ্ট আউট,To choose not to participate in something,কোনো কিছুতে অংশ না নেওয়ার সিদ্ধান্ত নেওয়া,"[{""phrase"": ""opt out on time"", ""example_sentence"": ""The team tried to opt out on time so the schedule stayed clear.""}, {""phrase"": ""opt out during the project"", ""example_sentence"": ""Things may opt out during the project when the workload increases.""}, {""phrase"": ""opt out without delay"", ""example_sentence"": ""Everyone was ready to opt out without delay after the announcement.""}]","[{""phrase"": ""সময়মতো কিছুতে অংশ না নেওয়ার সিদ্ধান্ত নেওয়া"", ""example_sentence"": ""শিক্ষার্থীরা উদাহরণে সময়মতো কিছুতে অংশ না নেওয়ার সিদ্ধান্ত নেওয়া অনুশীলন করে।""}, {""phrase"": ""প্রকল্প চলাকালে কিছুতে অংশ না নেওয়ার সিদ্ধান্ত নেওয়া"", ""example_sentence"": ""শিক্ষার্থীরা উদাহরণে প্রকল্প চলাকালে কিছুতে অংশ না নেওয়ার সিদ্ধান্ত নেওয়া অনুশীলন করে।""}, {""phrase"": ""দেরি না করে কিছুতে অংশ না নেওয়ার সিদ্ধান্ত নেওয়া"", ""example_sentence"": ""শিক্ষার্থীরা উদাহরণে দেরি না করে কিছুতে অংশ না নেওয়ার সিদ্ধান্ত নেওয়া অনুশীলন করে।""}]",choose not to join; withdraw; decline participation,opt in; join; participate,A2,"03 - Plans, Decisions & Strategy",Two parents decided to opt out of the weekend camping trip.,দুজন অভিভাবক সপ্তাহান্তের ক্যাম্পিং ভ্রমণ থেকে সরে দাঁড়ানোর সিদ্ধান্ত নিয়েছিলেন।,"School office with parents signing a permission form and choosing not to join a weekend trip, realistic paperwork and natural lighting.","[""You can opt out of the newsletter at any time."", ""Several students chose to opt out of the extra exam."", ""He decided to opt out of the company dinner.""]"
Phrasal Verb,opt in,/ɑpt ɪn/,OPT een,আপ্ট ইন,To choose to participate in something,কোনো কিছুতে অংশ নেওয়ার সিদ্ধান্ত নেওয়া,"[{""phrase"": ""opt in on time"", ""example_sentence"": ""The team tried to opt in on time so the schedule stayed clear.""}, {""phrase"": ""opt in during the project"", ""example_sentence"": ""Things may opt in during the project when the workload increases.""}, {""phrase"": ""opt in without delay"", ""example_sentence"": ""Everyone was ready to opt in without delay after the announcement.""}]","[{""phrase"": ""সময়মতো কিছুতে অংশ নেওয়ার সিদ্ধান্ত নেওয়া"", ""example_sentence"": ""শিক্ষার্থীরা উদাহরণে সময়মতো কিছুতে অংশ নেওয়ার সিদ্ধান্ত নেওয়া অনুশীলন করে।""}, {""phrase"": ""প্রকল্প চলাকালে কিছুতে অংশ নেওয়ার সিদ্ধান্ত নেওয়া"", ""example_sentence"": ""শিক্ষার্থীরা উদাহরণে প্রকল্প চলাকালে কিছুতে অংশ নেওয়ার সিদ্ধান্ত নেওয়া অনুশীলন করে।""}, {""phrase"": ""দেরি না করে কিছুতে অংশ নেওয়ার সিদ্ধান্ত নেওয়া"", ""example_sentence"": ""শিক্ষার্থীরা উদাহরণে দেরি না করে কিছুতে অংশ নেওয়ার সিদ্ধান্ত নেওয়া অনুশীলন করে।""}]",choose to join; sign up; participate,opt out; withdraw; decline,A2,"03 - Plans, Decisions & Strategy",Nora chose to opt in to the extra training session after work.,নোরা কাজের পর অতিরিক্ত প্রশিক্ষণ সেশনে যোগ দেওয়ার সিদ্ধান্ত নিয়েছিল।,"Employee selecting an optional training session on a laptop registration page in a modern office, realistic workspace details.","[""You need to opt in before the free trial starts."", ""Most families opted in to text alerts from the school."", ""She decided to opt in to the mentoring program.""]"
Phrasal Verb,phase out,/feɪz aʊt/,FAYZ out,ফেইজ আউট,To gradually eliminate or discontinue something,ধীরে ধীরে কোনো কিছু বাদ বা বন্ধ করা,"[{""phrase"": ""phase out old software"", ""example_sentence"": ""You can phase out old software in everyday situations.""}, {""phrase"": ""phase out plastic bags"", ""example_sentence"": ""Workers often phase out plastic bags during a busy day.""}, {""phrase"": ""phase out an outdated rule"", ""example_sentence"": ""Students should learn to phase out an outdated rule when it is useful.""}]","[{""phrase"": ""পুরোনো software বন্ধ করা"", ""example_sentence"": ""শিক্ষার্থীরা উদাহরণে পুরোনো software বন্ধ করা অনুশীলন করে।""}, {""phrase"": ""plastic bags বন্ধ করা"", ""example_sentence"": ""শিক্ষার্থীরা উদাহরণে plastic bags বন্ধ করা অনুশীলন করে।""}, {""phrase"": ""একটি outdated rule বন্ধ করা"", ""example_sentence"": ""শিক্ষার্থীরা উদাহরণে একটি outdated rule বন্ধ করা অনুশীলন করে।""}]",gradually remove; discontinue; eliminate,phase in; introduce gradually; add,A2,"08 - Change, Growth, Rules & Control","For the environment, Nina decided to phase out plastic use in the office.","পরিবেশের জন্য, নিনা ধীরে ধীরে অফিসে প্লাস্টিকের ব্যবহার বাদ বা বন্ধ করার সিদ্ধান্ত নিয়েছিল।","office kitchen with reusable bottles and containers replacing plastic items. Realistic contemporary setting, natural lighting, clear facial expressions, accurate everyday details, documentary photography style.","[""The family wants to phase out on waste this month."", ""Emma decided to phase out after looking at the bill."", ""We need to phase out before the exam week.""]"
Phrasal Verb,reach out,/ritʃ aʊt/,REECH out,রিচ আউট,To contact someone for help or communication,সাহায্য বা যোগাযোগের জন্য কারও সঙ্গে যোগাযোগ করা,"[{""phrase"": ""reach out on time"", ""example_sentence"": ""The team tried to reach out on time so the schedule stayed clear.""}, {""phrase"": ""reach out during the project"", ""example_sentence"": ""Things may reach out during the project when the workload increases.""}, {""phrase"": ""reach out without delay"", ""example_sentence"": ""Everyone was ready to reach out without delay after the announcement.""}]","[{""phrase"": ""সময়মতো যোগাযোগের জন্য কারও সঙ্গে যোগাযোগ করা"", ""example_sentence"": ""শিক্ষার্থীরা উদাহরণে সময়মতো যোগাযোগের জন্য কারও সঙ্গে যোগাযোগ করা অনুশীলন করে।""}, {""phrase"": ""প্রকল্প চলাকালে যোগাযোগের জন্য কারও সঙ্গে যোগাযোগ করা"", ""example_sentence"": ""শিক্ষার্থীরা উদাহরণে প্রকল্প চলাকালে যোগাযোগের জন্য কারও সঙ্গে যোগাযোগ করা অনুশীলন করে।""}, {""phrase"": ""দেরি না করে যোগাযোগের জন্য কারও সঙ্গে যোগাযোগ করা"", ""example_sentence"": ""শিক্ষার্থীরা উদাহরণে দেরি না করে যোগাযোগের জন্য কারও সঙ্গে যোগাযোগ করা অনুশীলন করে।""}]",contact; get in touch; communicate,avoid contact; ignore; withdraw,A2,01 - Communication & Discussion,"When the essay became too difficult, Maya decided to reach out to her tutor for help.","প্রবন্ধটি খুব কঠিন হয়ে গেলে, মায়া সাহায্যের জন্য তার টিউটরের সঙ্গে যোগাযোগ করার সিদ্ধান্ত নিয়েছিল।","Student sending a polite message to a tutor on a laptop, textbooks open, realistic study scene.","[""Please reach out if you need any support."", ""He reached out to an old friend after the news."", ""The manager plans to reach out to local schools next week.""]"
Phrasal Verb,scale up,/skeɪl ʌp/,SKAYL up,স্কেইল আপ,To increase the size or scope of something,কোনো কিছুর আকার বা পরিধি বাড়ানো,"[{""phrase"": ""scale up production"", ""example_sentence"": ""You can scale up production in everyday situations.""}, {""phrase"": ""scale up the business"", ""example_sentence"": ""Workers often scale up the business during a busy day.""}, {""phrase"": ""scale up the service"", ""example_sentence"": ""Students should learn to scale up the service when it is useful.""}]","[{""phrase"": ""production কোনো কিছুর আকার বা পরিধি বাড়ানো"", ""example_sentence"": ""শিক্ষার্থীরা উদাহরণে production কোনো কিছুর আকার বা পরিধি বাড়ানো অনুশীলন করে।""}, {""phrase"": ""ব্যবসাটি কোনো কিছুর আকার বা পরিধি বাড়ানো"", ""example_sentence"": ""শিক্ষার্থীরা উদাহরণে ব্যবসাটি কোনো কিছুর আকার বা পরিধি বাড়ানো অনুশীলন করে।""}, {""phrase"": ""service কোনো কিছুর আকার বা পরিধি বাড়ানো"", ""example_sentence"": ""শিক্ষার্থীরা উদাহরণে service কোনো কিছুর আকার বা পরিধি বাড়ানো অনুশীলন করে।""}]",increase; expand; grow; enlarge,scale down; reduce; shrink,A2,"08 - Change, Growth, Rules & Control",The bakery plans to scale up production before the holiday market begins.,ছুটির বাজার শুরু হওয়ার আগে বেকারিটি উৎপাদন বাড়ানোর পরিকল্পনা করছে।,"Small bakery kitchen increasing production with more trays of bread, staff working efficiently before a holiday market, realistic food business scene.","[""The company wants to scale up next year."", ""We need to scale up the service before summer."", ""They scaled up production after sales improved.""]"
Phrasal Verb,scale down,/skeɪl daʊn/,SKAYL DOWN,স্কেইল ডাউন,To reduce the size or scope of something,কোনো কিছুর আকার বা পরিধি কমানো,"[{""phrase"": ""scale down operations"", ""example_sentence"": ""You can scale down operations in everyday situations.""}, {""phrase"": ""scale down the plan"", ""example_sentence"": ""Workers often scale down the plan during a busy day.""}, {""phrase"": ""scale down the project"", ""example_sentence"": ""Students should learn to scale down the project when it is useful.""}]","[{""phrase"": ""operations কোনো কিছুর আকার বা পরিধি কমানো"", ""example_sentence"": ""শিক্ষার্থীরা উদাহরণে operations কোনো কিছুর আকার বা পরিধি কমানো অনুশীলন করে।""}, {""phrase"": ""পরিকল্পনাটি কোনো কিছুর আকার বা পরিধি কমানো"", ""example_sentence"": ""শিক্ষার্থীরা উদাহরণে পরিকল্পনাটি কোনো কিছুর আকার বা পরিধি কমানো অনুশীলন করে।""}, {""phrase"": ""প্রকল্পটি কোনো কিছুর আকার বা পরিধি কমানো"", ""example_sentence"": ""শিক্ষার্থীরা উদাহরণে প্রকল্পটি কোনো কিছুর আকার বা পরিধি কমানো অনুশীলন করে।""}]",reduce; shrink; cut back; make smaller,scale up; increase; expand,A2,"08 - Change, Growth, Rules & Control","For the environment, Noah decided to scale down plastic use in the office.","পরিবেশের জন্য, নোয়া অফিসে প্লাস্টিকের ব্যবহারর আকার বা পরিধি কমানো করার সিদ্ধান্ত নিয়েছিল।","office kitchen with reusable bottles and containers replacing plastic items. Realistic contemporary setting, natural lighting, clear facial expressions, accurate everyday details, documentary photography style.","[""The family wants to scale down on waste this month."", ""Daniel decided to scale down after looking at the bill."", ""We need to scale down before the exam week.""]"
Phrasal Verb,sign up,/saɪn ʌp/,SIGN up,সাইন আপ,To register or enroll for something,কোনো কিছুর জন্য নিবন্ধন বা ভর্তি হওয়া,"[{""phrase"": ""sign up for the course"", ""example_sentence"": ""You can sign up for the course in everyday situations.""}, {""phrase"": ""sign up for updates"", ""example_sentence"": ""Workers often sign up for updates during a busy day.""}, {""phrase"": ""sign up for the event"", ""example_sentence"": ""Students should learn to sign up for the event when it is useful.""}]","[{""phrase"": ""course জন্য ভর্তি হওয়া"", ""example_sentence"": ""শিক্ষার্থীরা উদাহরণে course জন্য ভর্তি হওয়া অনুশীলন করে।""}, {""phrase"": ""জন্য updates ভর্তি হওয়া"", ""example_sentence"": ""শিক্ষার্থীরা উদাহরণে জন্য updates ভর্তি হওয়া অনুশীলন করে।""}, {""phrase"": ""ঘটনা জন্য ভর্তি হওয়া"", ""example_sentence"": ""শিক্ষার্থীরা উদাহরণে ঘটনা জন্য ভর্তি হওয়া অনুশীলন করে।""}]",register; enroll; join,cancel registration; opt out; withdraw,A2,"10 - Money, Business, Technology & Movement",Leo signed up for the weekend photography course.,লিও কোনো কিছুর জন্য নিবন্ধন বা ভর্তি হওয়া করেছিল।,"Young adult registering for a photography course on a laptop, camera and notebook on the desk, realistic scene.","[""You can sign up online tonight."", ""She signed up for the school play in September."", ""We need to sign up before the deadline.""]"
Phrasal Verb,sort out,/sɔrt aʊt/,SORT out,সর্ট আউট,To resolve a problem or organize something,সমস্যা সমাধান করা বা কোনো কিছু গুছিয়ে নেওয়া,"[{""phrase"": ""sort out the problem"", ""example_sentence"": ""You can sort out the problem in everyday situations.""}, {""phrase"": ""sort out the files"", ""example_sentence"": ""Workers often sort out the files during a busy day.""}, {""phrase"": ""sort out the misunderstanding"", ""example_sentence"": ""Students should learn to sort out the misunderstanding when it is useful.""}]","[{""phrase"": ""সমস্যাটি সমস্যা সমাধান করা"", ""example_sentence"": ""শিক্ষার্থীরা উদাহরণে সমস্যাটি সমস্যা সমাধান করা অনুশীলন করে।""}, {""phrase"": ""ফাইলগুলো সমস্যা সমাধান করা"", ""example_sentence"": ""শিক্ষার্থীরা উদাহরণে ফাইলগুলো সমস্যা সমাধান করা অনুশীলন করে।""}, {""phrase"": ""misunderstanding সমস্যা সমাধান করা"", ""example_sentence"": ""শিক্ষার্থীরা উদাহরণে misunderstanding সমস্যা সমাধান করা অনুশীলন করে।""}]",resolve; organize; fix; clarify,confuse; mess up; leave unresolved,A2,"07 - Problems, Difficulty & Risk","At her desk, Daniel had to sort out why the printer kept stopping before the report was due.","নিজের ডেস্কে, ড্যানিয়েলকে সমস্যা সমাধান করা বা রিপোর্ট জমা দেওয়ার আগে প্রিন্টারটি কেন বারবার বন্ধ হচ্ছিল গুছিয়ে নেওয়া প্রয়োজন হয়েছিল।","office desk with computer, stopped printer, young professional thinking and checking documents. Realistic contemporary setting, natural lighting, clear facial expressions, accurate everyday details, documentary photography style.","[""Aisha tried to sort out the last question alone."", ""We need to sort out why the app keeps freezing."", ""Lucas could not sort out the map until sunset.""]"
Phrasal Verb,step up,/stɛp ʌp/,STEP up,স্টেপ আপ,To increase effort; to take on more responsibility,চেষ্টা বাড়ানো; নেওয়া উপর আরও দায়িত্ব,"[{""phrase"": ""step up on time"", ""example_sentence"": ""The team tried to step up on time so the schedule stayed clear.""}, {""phrase"": ""step up during the project"", ""example_sentence"": ""Things may step up during the project when the workload increases.""}, {""phrase"": ""step up without delay"", ""example_sentence"": ""Everyone was ready to step up without delay after the announcement.""}]","[{""phrase"": ""সময়মতো নেওয়া উপর আরও দায়িত্ব"", ""example_sentence"": ""শিক্ষার্থীরা উদাহরণে সময়মতো নেওয়া উপর আরও দায়িত্ব অনুশীলন করে।""}, {""phrase"": ""প্রকল্প চলাকালে নেওয়া উপর আরও দায়িত্ব"", ""example_sentence"": ""শিক্ষার্থীরা উদাহরণে প্রকল্প চলাকালে নেওয়া উপর আরও দায়িত্ব অনুশীলন করে।""}, {""phrase"": ""দেরি না করে নেওয়া উপর আরও দায়িত্ব"", ""example_sentence"": ""শিক্ষার্থীরা উদাহরণে দেরি না করে নেওয়া উপর আরও দায়িত্ব অনুশীলন করে।""}]",increase effort; take responsibility; rise to the challenge,step down; back away; reduce effort,A2,"04 - Work, Responsibility & Productivity","On her first day, Aisha had to step up without waiting for extra help.","তার প্রথম দিনে, আইশাকে অতিরিক্ত সাহায্যের অপেক্ষা না করে চেষ্টা বাড়ানো বা নেওয়া উপর আরও দায়িত্ব প্রয়োজন হয়েছিল।","new employee arriving energetic and immediately starting tasks at a desk. Realistic contemporary setting, natural lighting, clear facial expressions, accurate everyday details, documentary photography style.","[""Lucas was ready to step up on day one."", ""The volunteers step up when the event got busy."", ""If everyone step up, we can finish today.""]"
Phrasal Verb,think through,/θɪŋk θru/,THINK THROO,থিংক থ্রু,To consider all aspects of something carefully,কোনো বিষয়ের সব দিক সতর্কভাবে বিবেচনা করা,"[{""phrase"": ""think through the problem"", ""example_sentence"": ""The manager asked the team to think through the problem before the deadline.""}, {""phrase"": ""think through the answer"", ""example_sentence"": ""Students learned how to think through the answer in a practical exercise.""}, {""phrase"": ""think through the idea"", ""example_sentence"": ""We need to think through the idea carefully before we move forward.""}]","[{""phrase"": ""সমস্যাটি বিষয়ের সব দিক সতর্কভাবে বিবেচনা করা"", ""example_sentence"": ""শিক্ষার্থীরা উদাহরণে সমস্যাটি বিষয়ের সব দিক সতর্কভাবে বিবেচনা করা অনুশীলন করে।""}, {""phrase"": ""উত্তরটি বিষয়ের সব দিক সতর্কভাবে বিবেচনা করা"", ""example_sentence"": ""শিক্ষার্থীরা উদাহরণে উত্তরটি বিষয়ের সব দিক সতর্কভাবে বিবেচনা করা অনুশীলন করে।""}, {""phrase"": ""ধারণাটি বিষয়ের সব দিক সতর্কভাবে বিবেচনা করা"", ""example_sentence"": ""শিক্ষার্থীরা উদাহরণে ধারণাটি বিষয়ের সব দিক সতর্কভাবে বিবেচনা করা অনুশীলন করে।""}]",consider carefully; reason out; analyze,rush; act without thinking; ignore consequences,A2,"02 - Thinking, Learning & Understanding","At work, Lucas had to think through.","কর্মক্ষেত্রে, লুকাসকে কোনো বিষয়ের সব দিক সতর্কভাবে বিবেচনা করা প্রয়োজন হয়েছিল।","realistic workplace scene matching the sentence, detailed environment and natural light. Realistic contemporary setting, natural lighting, clear facial expressions, accurate everyday details, documentary photography style.","[""Sofia had to think through before lunch."", ""We decided to think through during the meeting."", ""They want to think through this week.""]"
Phrasal Verb,wrap up,/ræp ʌp/,RAP up,র্যাপ আপ,To conclude or finish something,কোনো কিছু শেষ বা সমাপ্ত করা,"[{""phrase"": ""wrap up the meeting"", ""example_sentence"": ""You can wrap up the meeting in everyday situations.""}, {""phrase"": ""wrap up the project"", ""example_sentence"": ""Workers often wrap up the project during a busy day.""}, {""phrase"": ""wrap up the discussion"", ""example_sentence"": ""Students should learn to wrap up the discussion when it is useful.""}]","[{""phrase"": ""মিটিংটি সমাপ্ত করা"", ""example_sentence"": ""শিক্ষার্থীরা উদাহরণে মিটিংটি সমাপ্ত করা অনুশীলন করে।""}, {""phrase"": ""প্রকল্পটি সমাপ্ত করা"", ""example_sentence"": ""শিক্ষার্থীরা উদাহরণে প্রকল্পটি সমাপ্ত করা অনুশীলন করে।""}, {""phrase"": ""আলোচনাটি সমাপ্ত করা"", ""example_sentence"": ""শিক্ষার্থীরা উদাহরণে আলোচনাটি সমাপ্ত করা অনুশীলন করে।""}]",finish; conclude; complete; sum up,start; continue; leave unfinished,A2,"05 - Time, Scheduling & Process",The teacher used the last five minutes to wrap up the lesson.,The কোনো কিছু শেষ বা সমাপ্ত করা করেছিল।,"Teacher summarizing a lesson at the end of class, students packing bags, realistic school scene.","[""Let us wrap up the meeting before lunch."", ""He wrapped up the call with one final question."", ""They need to wrap up the report tonight.""]"
Phrasal Verb,zoom in,/zum ɪn/,ZOOM een,জুম ইন,To focus closely on something,কোনো কিছুর ওপর ঘনিষ্ঠভাবে মনোযোগ দেওয়া,"[{""phrase"": ""zoom in on time"", ""example_sentence"": ""The team tried to zoom in on time so the schedule stayed clear.""}, {""phrase"": ""zoom in during the project"", ""example_sentence"": ""Things may zoom in during the project when the workload increases.""}, {""phrase"": ""zoom in without delay"", ""example_sentence"": ""Everyone was ready to zoom in without delay after the announcement.""}]","[{""phrase"": ""সময়মতো কিছুর ওপর ঘনিষ্ঠভাবে মনোযোগ দেওয়া"", ""example_sentence"": ""শিক্ষার্থীরা উদাহরণে সময়মতো কিছুর ওপর ঘনিষ্ঠভাবে মনোযোগ দেওয়া অনুশীলন করে।""}, {""phrase"": ""প্রকল্প চলাকালে কিছুর ওপর ঘনিষ্ঠভাবে মনোযোগ দেওয়া"", ""example_sentence"": ""শিক্ষার্থীরা উদাহরণে প্রকল্প চলাকালে কিছুর ওপর ঘনিষ্ঠভাবে মনোযোগ দেওয়া অনুশীলন করে।""}, {""phrase"": ""দেরি না করে কিছুর ওপর ঘনিষ্ঠভাবে মনোযোগ দেওয়া"", ""example_sentence"": ""শিক্ষার্থীরা উদাহরণে দেরি না করে কিছুর ওপর ঘনিষ্ঠভাবে মনোযোগ দেওয়া অনুশীলন করে।""}]",focus closely; magnify; look at details,zoom out; broaden view; step back,A2,"02 - Thinking, Learning & Understanding","After school, Ethan had to zoom in.","স্কুলের পর, ইথানকে কোনো কিছুর ওপর ঘনিষ্ঠভাবে মনোযোগ দেওয়া প্রয়োজন হয়েছিল।","realistic school scene matching the sentence, clear action and natural colors. Realistic contemporary setting, natural lighting, clear facial expressions, accurate everyday details, documentary photography style.","[""Lina had to zoom in before lunch."", ""We decided to zoom in during the meeting."", ""They want to zoom in this week.""]"
Phrasal Verb,zoom out,/zum aʊt/,ZOOM out,জুম আউট,To see the bigger picture or wider context,বড় চিত্র বা বিস্তৃত প্রেক্ষাপট বোঝা,"[{""phrase"": ""zoom out on time"", ""example_sentence"": ""The team tried to zoom out on time so the schedule stayed clear.""}, {""phrase"": ""zoom out during the project"", ""example_sentence"": ""Things may zoom out during the project when the workload increases.""}, {""phrase"": ""zoom out without delay"", ""example_sentence"": ""Everyone was ready to zoom out without delay after the announcement.""}]","[{""phrase"": ""সময়মতো বড় চিত্র বা বিস্তৃত প্রেক্ষাপট বোঝা"", ""example_sentence"": ""শিক্ষার্থীরা উদাহরণে সময়মতো বড় চিত্র বা বিস্তৃত প্রেক্ষাপট বোঝা অনুশীলন করে।""}, {""phrase"": ""প্রকল্প চলাকালে বড় চিত্র বা বিস্তৃত প্রেক্ষাপট বোঝা"", ""example_sentence"": ""শিক্ষার্থীরা উদাহরণে প্রকল্প চলাকালে বড় চিত্র বা বিস্তৃত প্রেক্ষাপট বোঝা অনুশীলন করে।""}, {""phrase"": ""দেরি না করে বড় চিত্র বা বিস্তৃত প্রেক্ষাপট বোঝা"", ""example_sentence"": ""শিক্ষার্থীরা উদাহরণে দেরি না করে বড় চিত্র বা বিস্তৃত প্রেক্ষাপট বোঝা অনুশীলন করে।""}]",see the big picture; broaden perspective,zoom in; focus narrowly; look at details,A2,"02 - Thinking, Learning & Understanding","At work, Lina had to zoom out.","কর্মক্ষেত্রে, লিনাকে বড় চিত্র বা বিস্তৃত প্রেক্ষাপট বোঝা প্রয়োজন হয়েছিল।","realistic workplace scene matching the sentence, detailed environment and natural light. Realistic contemporary setting, natural lighting, clear facial expressions, accurate everyday details, documentary photography style.","[""Omar had to zoom out before lunch."", ""We decided to zoom out during the meeting."", ""They want to zoom out this week.""]"
Phrasal Verb,act on,/ækt ɑn/,AKT on,অ্যাক্ট অন,To take action based on information or advice,তথ্য বা পরামর্শের ভিত্তিতে পদক্ষেপ নেওয়া,"[{""phrase"": ""act on advice"", ""example_sentence"": ""You can act on advice in everyday situations.""}, {""phrase"": ""act on feedback"", ""example_sentence"": ""Workers often act on feedback during a busy day.""}, {""phrase"": ""act on new information"", ""example_sentence"": ""Students should learn to act on new information when it is useful.""}]","[{""phrase"": ""advice পরামর্শের ভিত্তিতে পদক্ষেপ নেওয়া"", ""example_sentence"": ""শিক্ষার্থীরা উদাহরণে advice পরামর্শের ভিত্তিতে পদক্ষেপ নেওয়া অনুশীলন করে।""}, {""phrase"": ""feedback পরামর্শের ভিত্তিতে পদক্ষেপ নেওয়া"", ""example_sentence"": ""শিক্ষার্থীরা উদাহরণে feedback পরামর্শের ভিত্তিতে পদক্ষেপ নেওয়া অনুশীলন করে।""}, {""phrase"": ""নতুন তথ্য পরামর্শের ভিত্তিতে পদক্ষেপ নেওয়া"", ""example_sentence"": ""শিক্ষার্থীরা উদাহরণে নতুন তথ্য পরামর্শের ভিত্তিতে পদক্ষেপ নেওয়া অনুশীলন করে।""}]",take action; follow; respond to,ignore; disregard; fail to act,A2,"04 - Work, Responsibility & Productivity","Before the afternoon call, Omar had to act on.","বিকেলের কলের আগে, ওমরকে তথ্য বা পরামর্শের ভিত্তিতে পদক্ষেপ নেওয়া প্রয়োজন হয়েছিল।","coworkers having a brief check-in near desks with laptops and notebooks. Realistic contemporary setting, natural lighting, clear facial expressions, accurate everyday details, documentary photography style.","[""Please act on with me after the call."", ""Chloe tried to act on before rumors spread."", ""The update helped everyone act on.""]"
Phrasal Verb,add up,/æd ʌp/,AD up,অ্যাড আপ,To make sense; to calculate a total,অর্থপূর্ণ হওয়া; হিসাব করা মোট,"[{""phrase"": ""add up the numbers"", ""example_sentence"": ""You can add up the numbers in everyday situations.""}, {""phrase"": ""add up the total"", ""example_sentence"": ""Workers often add up the total during a busy day.""}, {""phrase"": ""add up the costs"", ""example_sentence"": ""Students should learn to add up the costs when it is useful.""}]","[{""phrase"": ""numbers অর্থপূর্ণ হওয়া"", ""example_sentence"": ""শিক্ষার্থীরা উদাহরণে numbers অর্থপূর্ণ হওয়া অনুশীলন করে।""}, {""phrase"": ""total অর্থপূর্ণ হওয়া"", ""example_sentence"": ""শিক্ষার্থীরা উদাহরণে total অর্থপূর্ণ হওয়া অনুশীলন করে।""}, {""phrase"": ""খরচগুলো অর্থপূর্ণ হওয়া"", ""example_sentence"": ""শিক্ষার্থীরা উদাহরণে খরচগুলো অর্থপূর্ণ হওয়া অনুশীলন করে।""}]",make sense; total; amount to,not make sense; conflict; miscalculate,A2,"02 - Thinking, Learning & Understanding","In the library, Chloe had to add up the last math problem before the study group ended.","লাইব্রেরিতে, ক্লোইকে স্টাডি গ্রুপ শেষ হওয়ার আগে শেষ গণিত সমস্যাটি অর্থপূর্ণ হওয়া বা হিসাব করা মোট প্রয়োজন হয়েছিল।","quiet library table with books, notebook, calculator, student concentrating. Realistic contemporary setting, natural lighting, clear facial expressions, accurate everyday details, documentary photography style.","[""Hassan tried to add up the last question alone."", ""We need to add up why the app keeps freezing."", ""Nora could not add up the map until sunset.""]"
Phrasal Verb,agree with,/əɡri wɪð/,uh-GREE with,আগ্রি উইথ,To share the same opinion as someone,কারও সঙ্গে একই মত পোষণ করা,"[{""phrase"": ""agree with the decision"", ""example_sentence"": ""You can agree with the decision in everyday situations.""}, {""phrase"": ""agree with your opinion"", ""example_sentence"": ""Workers often agree with your opinion during a busy day.""}, {""phrase"": ""agree with the proposal"", ""example_sentence"": ""Students should learn to agree with the proposal when it is useful.""}]","[{""phrase"": ""সিদ্ধান্তটি সঙ্গে একই মত পোষণ করা"", ""example_sentence"": ""শিক্ষার্থীরা উদাহরণে সিদ্ধান্তটি সঙ্গে একই মত পোষণ করা অনুশীলন করে।""}, {""phrase"": ""আপনার opinion সঙ্গে একই মত পোষণ করা"", ""example_sentence"": ""শিক্ষার্থীরা উদাহরণে আপনার opinion সঙ্গে একই মত পোষণ করা অনুশীলন করে।""}, {""phrase"": ""প্রস্তাবটি সঙ্গে একই মত পোষণ করা"", ""example_sentence"": ""শিক্ষার্থীরা উদাহরণে প্রস্তাবটি সঙ্গে একই মত পোষণ করা অনুশীলন করে।""}]",share an opinion; concur; support,disagree with; oppose; reject,A2,01 - Communication & Discussion,"At dinner, Hassan had to agree with the summer travel plan while the family was eating together.","রাতের খাবারের সময়, হাসানকে পরিবার একসঙ্গে খাওয়ার সময় গ্রীষ্মের ভ্রমণ পরিকল্পনাটি কারও সঙ্গে একই মত পোষণ করা প্রয়োজন হয়েছিল।","family dinner table in a warm kitchen, one person speaking about plans while others listen. Realistic contemporary setting, natural lighting, clear facial expressions, accurate everyday details, documentary photography style.","[""Please agree with the budget issue today."", ""Nora wanted to agree with the class trip at lunch."", ""The teacher asked us to agree with one more point.""]"
Phrasal Verb,aim at,/eɪm æt/,AYM at,এইম অ্যাট,To target or direct efforts toward something,কোনো লক্ষ্যের দিকে চেষ্টা পরিচালিত করা,"[{""phrase"": ""aim at young learners"", ""example_sentence"": ""You can aim at young learners in everyday situations.""}, {""phrase"": ""aim at a specific market"", ""example_sentence"": ""Workers often aim at a specific market during a busy day.""}, {""phrase"": ""aim at the target"", ""example_sentence"": ""Students should learn to aim at the target when it is useful.""}]","[{""phrase"": ""young learners লক্ষ্যের দিকে চেষ্টা পরিচালিত করা"", ""example_sentence"": ""শিক্ষার্থীরা উদাহরণে young learners লক্ষ্যের দিকে চেষ্টা পরিচালিত করা অনুশীলন করে।""}, {""phrase"": ""একটি specific বাজার লক্ষ্যের দিকে চেষ্টা পরিচালিত করা"", ""example_sentence"": ""শিক্ষার্থীরা উদাহরণে একটি specific বাজার লক্ষ্যের দিকে চেষ্টা পরিচালিত করা অনুশীলন করে।""}, {""phrase"": ""লক্ষ্যটি লক্ষ্যের দিকে চেষ্টা পরিচালিত করা"", ""example_sentence"": ""শিক্ষার্থীরা উদাহরণে লক্ষ্যটি লক্ষ্যের দিকে চেষ্টা পরিচালিত করা অনুশীলন করে।""}]",target; direct toward; focus on,miss; ignore; misdirect,A2,"03 - Plans, Decisions & Strategy",The new ad campaign aims at young families who want affordable fresh food.,The কোনো লক্ষ্যের দিকে চেষ্টা পরিচালিত করা করেছিল।,"Marketing team reviewing a poster campaign designed for young families, bright office, mood board, realistic business setting.","[""This lesson aims at beginners who need simple grammar practice."", ""The charity aims at helping children in remote villages."", ""Their new service aims at small shops with limited budgets.""]"
Phrasal Verb,apply for,/əplaɪ fɔr/,uh-PLY for,আপ্লাই ফর,To make a formal request for a job or position,চাকরি বা পদের জন্য আনুষ্ঠানিক আবেদন করা,"[{""phrase"": ""apply for a job"", ""example_sentence"": ""You can apply for a job in everyday situations.""}, {""phrase"": ""apply for a visa"", ""example_sentence"": ""Workers often apply for a visa during a busy day.""}, {""phrase"": ""apply for a scholarship"", ""example_sentence"": ""Students should learn to apply for a scholarship when it is useful.""}]","[{""phrase"": ""একটি চাকরি পদের জন্য আনুষ্ঠানিক আবেদন করা"", ""example_sentence"": ""শিক্ষার্থীরা উদাহরণে একটি চাকরি পদের জন্য আনুষ্ঠানিক আবেদন করা অনুশীলন করে।""}, {""phrase"": ""একটি visa পদের জন্য আনুষ্ঠানিক আবেদন করা"", ""example_sentence"": ""শিক্ষার্থীরা উদাহরণে একটি visa পদের জন্য আনুষ্ঠানিক আবেদন করা অনুশীলন করে।""}, {""phrase"": ""একটি scholarship পদের জন্য আনুষ্ঠানিক আবেদন করা"", ""example_sentence"": ""শিক্ষার্থীরা উদাহরণে একটি scholarship পদের জন্য আনুষ্ঠানিক আবেদন করা অনুশীলন করে।""}]",apply; request formally; submit an application,withdraw; cancel an application; avoid applying,A2,"04 - Work, Responsibility & Productivity","After graduation, Sara decided to apply for an internship at the local museum.",ব্যক্তিটি চাকরি বা পদের জন্য আনুষ্ঠানিক আবেদন করা করেছিল।,"Recent graduate filling out an internship application on a laptop with museum brochure nearby, realistic career scene.","[""I want to apply for the weekend job at the bakery."", ""She applied for a scholarship in March."", ""They plan to apply for a grant next month.""]"
Phrasal Verb,ask around,/æsk ɚaʊnd/,ASK uh-round,অ্যাস্ক আরআউন্ড,To inquire with multiple people about something,কোনো বিষয়ে একাধিক মানুষের কাছে জিজ্ঞাসা করা,"[{""phrase"": ""ask around on time"", ""example_sentence"": ""The team tried to ask around on time so the schedule stayed clear.""}, {""phrase"": ""ask around during the project"", ""example_sentence"": ""Things may ask around during the project when the workload increases.""}, {""phrase"": ""ask around without delay"", ""example_sentence"": ""Everyone was ready to ask around without delay after the announcement.""}]","[{""phrase"": ""সময়মতো বিষয়ে একাধিক মানুষের কাছে জিজ্ঞাসা করা"", ""example_sentence"": ""শিক্ষার্থীরা উদাহরণে সময়মতো বিষয়ে একাধিক মানুষের কাছে জিজ্ঞাসা করা অনুশীলন করে।""}, {""phrase"": ""প্রকল্প চলাকালে বিষয়ে একাধিক মানুষের কাছে জিজ্ঞাসা করা"", ""example_sentence"": ""শিক্ষার্থীরা উদাহরণে প্রকল্প চলাকালে বিষয়ে একাধিক মানুষের কাছে জিজ্ঞাসা করা অনুশীলন করে।""}, {""phrase"": ""দেরি না করে বিষয়ে একাধিক মানুষের কাছে জিজ্ঞাসা করা"", ""example_sentence"": ""শিক্ষার্থীরা উদাহরণে দেরি না করে বিষয়ে একাধিক মানুষের কাছে জিজ্ঞাসা করা অনুশীলন করে।""}]",ask several people; inquire; seek information,stay silent; avoid asking; assume,A2,01 - Communication & Discussion,"Before hiring a plumber, Daniel asked around for a reliable recommendation.",ব্যক্তিটি কোনো বিষয়ে একাধিক মানুষের কাছে জিজ্ঞাসা করা করেছিল।,"Man asking neighbors for a recommendation outside a row of houses, friendly everyday scene, realistic photography.","[""I asked around and found a cheap printer shop."", ""She asked around before choosing a dentist."", ""We should ask around for a better supplier.""]"
Phrasal Verb,break into,/breɪk ɪntu/,BRAYK in-too,ব্রেইক ইনটু,To enter by force; to start a new career field,জোর করে প্রবেশ করা; শুরু করা নতুন কর্মক্ষেত্র,"[{""phrase"": ""break into a house"", ""example_sentence"": ""You can break into a house in everyday situations.""}, {""phrase"": ""break into the market"", ""example_sentence"": ""Workers often break into the market during a busy day.""}, {""phrase"": ""break into a new industry"", ""example_sentence"": ""Students should learn to break into a new industry when it is useful.""}]","[{""phrase"": ""একটি house জোর করে প্রবেশ করা"", ""example_sentence"": ""শিক্ষার্থীরা উদাহরণে একটি house জোর করে প্রবেশ করা অনুশীলন করে।""}, {""phrase"": ""বাজারটি জোর করে প্রবেশ করা"", ""example_sentence"": ""শিক্ষার্থীরা উদাহরণে বাজারটি জোর করে প্রবেশ করা অনুশীলন করে।""}, {""phrase"": ""একটি নতুন industry জোর করে প্রবেশ করা"", ""example_sentence"": ""শিক্ষার্থীরা উদাহরণে একটি নতুন industry জোর করে প্রবেশ করা অনুশীলন করে।""}]",enter by force; enter a new field; get started in,leave; exit; stay out,A2,"10 - Money, Business, Technology & Movement","During the day, Leo had to break into.","দিনের মধ্যে, লিওকে জোর করে প্রবেশ করা বা শুরু করা নতুন কর্মক্ষেত্র প্রয়োজন হয়েছিল।","realistic daily-life scene matching the sentence, natural lighting, candid photography. Realistic contemporary setting, natural lighting, clear facial expressions, accurate everyday details, documentary photography style.","[""Maya had to break into before lunch."", ""We decided to break into during the meeting."", ""They want to break into this week.""]"
Phrasal Verb,bring about,/brɪŋ əbaʊt/,BRING uh-bowt,ব্রিং আবাউট,To cause something to happen,কোনো কিছু ঘটানো,"[{""phrase"": ""bring about change"", ""example_sentence"": ""You can bring about change in everyday situations.""}, {""phrase"": ""bring about improvements"", ""example_sentence"": ""Workers often bring about improvements during a busy day.""}, {""phrase"": ""bring about a result"", ""example_sentence"": ""Students should learn to bring about a result when it is useful.""}]","[{""phrase"": ""change কোনো কিছু ঘটানো"", ""example_sentence"": ""শিক্ষার্থীরা উদাহরণে change কোনো কিছু ঘটানো অনুশীলন করে।""}, {""phrase"": ""improvements কোনো কিছু ঘটানো"", ""example_sentence"": ""শিক্ষার্থীরা উদাহরণে improvements কোনো কিছু ঘটানো অনুশীলন করে।""}, {""phrase"": ""একটি result কোনো কিছু ঘটানো"", ""example_sentence"": ""শিক্ষার্থীরা উদাহরণে একটি result কোনো কিছু ঘটানো অনুশীলন করে।""}]",cause; lead to; produce; trigger,prevent; stop; block,A2,"08 - Change, Growth, Rules & Control","After school, Maya had to bring about.","স্কুলের পর, মায়াকে কোনো কিছু ঘটানো প্রয়োজন হয়েছিল।","realistic school scene matching the sentence, clear action and natural colors. Realistic contemporary setting, natural lighting, clear facial expressions, accurate everyday details, documentary photography style.","[""David had to bring about before lunch."", ""We decided to bring about during the meeting."", ""They want to bring about this week.""]"
Phrasal Verb,bring forward,/brɪŋ fɔrwɚd/,BRING FOR-werd,ব্রিং ফরওয়ার্ড,To move something to an earlier date; to raise an issue,কোনো কিছু আগের তারিখে সরানো; উত্থাপন করা বিষয়,"[{""phrase"": ""bring forward the meeting"", ""example_sentence"": ""You can bring forward the meeting in everyday situations.""}, {""phrase"": ""bring forward a proposal"", ""example_sentence"": ""Workers often bring forward a proposal during a busy day.""}, {""phrase"": ""bring forward an issue"", ""example_sentence"": ""Students should learn to bring forward an issue when it is useful.""}]","[{""phrase"": ""মিটিংটি উত্থাপন করা বিষয়"", ""example_sentence"": ""শিক্ষার্থীরা উদাহরণে মিটিংটি উত্থাপন করা বিষয় অনুশীলন করে।""}, {""phrase"": ""একটি প্রস্তাব উত্থাপন করা বিষয়"", ""example_sentence"": ""শিক্ষার্থীরা উদাহরণে একটি প্রস্তাব উত্থাপন করা বিষয় অনুশীলন করে।""}, {""phrase"": ""একটি সমস্যা উত্থাপন করা বিষয়"", ""example_sentence"": ""শিক্ষার্থীরা উদাহরণে একটি সমস্যা উত্থাপন করা বিষয় অনুশীলন করে।""}]",move earlier; advance; raise an issue,postpone; delay; drop the issue,A2,"05 - Time, Scheduling & Process","At work, David had to bring forward.","কর্মক্ষেত্রে, ডেভিডকে কোনো কিছু আগের তারিখে সরানো বা উত্থাপন করা বিষয় প্রয়োজন হয়েছিল।","realistic workplace scene matching the sentence, detailed environment and natural light. Realistic contemporary setting, natural lighting, clear facial expressions, accurate everyday details, documentary photography style.","[""Ivy had to bring forward before lunch."", ""We decided to bring forward during the meeting."", ""They want to bring forward this week.""]"
Phrasal Verb,build up,/bɪld ʌp/,BILD up,বিল্ড আপ,To increase gradually; to strengthen,ধীরে ধীরে বাড়ানো; শক্তিশালী করা,"[{""phrase"": ""build up confidence"", ""example_sentence"": ""You can build up confidence in everyday situations.""}, {""phrase"": ""build up savings"", ""example_sentence"": ""Workers often build up savings during a busy day.""}, {""phrase"": ""build up strength"", ""example_sentence"": ""Students should learn to build up strength when it is useful.""}]","[{""phrase"": ""confidence শক্তিশালী করা"", ""example_sentence"": ""শিক্ষার্থীরা উদাহরণে confidence শক্তিশালী করা অনুশীলন করে।""}, {""phrase"": ""সঞ্চয় শক্তিশালী করা"", ""example_sentence"": ""শিক্ষার্থীরা উদাহরণে সঞ্চয় শক্তিশালী করা অনুশীলন করে।""}, {""phrase"": ""strength শক্তিশালী করা"", ""example_sentence"": ""শিক্ষার্থীরা উদাহরণে strength শক্তিশালী করা অনুশীলন করে।""}]",increase gradually; strengthen; develop,wear down; reduce; weaken,A2,"08 - Change, Growth, Rules & Control","During the day, Ivy had to build up.","দিনের মধ্যে, আইভিকে ধীরে ধীরে বাড়ানো বা শক্তিশালী করা প্রয়োজন হয়েছিল।","realistic daily-life scene matching the sentence, natural lighting, candid photography. Realistic contemporary setting, natural lighting, clear facial expressions, accurate everyday details, documentary photography style.","[""Ryan had to build up before lunch."", ""We decided to build up during the meeting."", ""They want to build up this week.""]"
Phrasal Verb,burn out,/bɝn aʊt/,BURN out,বারন আউট,To become exhausted from overwork,অতিরিক্ত কাজের কারণে ক্লান্ত হয়ে পড়া,"[{""phrase"": ""burn out on time"", ""example_sentence"": ""The team tried to burn out on time so the schedule stayed clear.""}, {""phrase"": ""burn out during the project"", ""example_sentence"": ""Things may burn out during the project when the workload increases.""}, {""phrase"": ""burn out without delay"", ""example_sentence"": ""Everyone was ready to burn out without delay after the announcement.""}]","[{""phrase"": ""সময়মতো অতিরিক্ত কাজের কারণে ক্লান্ত হয়ে পড়া"", ""example_sentence"": ""শিক্ষার্থীরা উদাহরণে সময়মতো অতিরিক্ত কাজের কারণে ক্লান্ত হয়ে পড়া অনুশীলন করে।""}, {""phrase"": ""প্রকল্প চলাকালে অতিরিক্ত কাজের কারণে ক্লান্ত হয়ে পড়া"", ""example_sentence"": ""শিক্ষার্থীরা উদাহরণে প্রকল্প চলাকালে অতিরিক্ত কাজের কারণে ক্লান্ত হয়ে পড়া অনুশীলন করে।""}, {""phrase"": ""দেরি না করে অতিরিক্ত কাজের কারণে ক্লান্ত হয়ে পড়া"", ""example_sentence"": ""শিক্ষার্থীরা উদাহরণে দেরি না করে অতিরিক্ত কাজের কারণে ক্লান্ত হয়ে পড়া অনুশীলন করে।""}]",become exhausted; overwork; lose energy,recover; recharge; rest,A2,"07 - Problems, Difficulty & Risk","After school, Ryan had to burn out.","স্কুলের পর, রায়ানকে অতিরিক্ত কাজের কারণে ক্লান্ত হয়ে পড়া প্রয়োজন হয়েছিল।","realistic school scene matching the sentence, clear action and natural colors. Realistic contemporary setting, natural lighting, clear facial expressions, accurate everyday details, documentary photography style.","[""Julia had to burn out before lunch."", ""We decided to burn out during the meeting."", ""They want to burn out this week.""]"
Phrasal Verb,call back,/kɔl bæk/,KAWL BACK,কল ব্যাক,To return a phone call,ফোন কলের উত্তর ফেরত দেওয়া,"[{""phrase"": ""call back a customer"", ""example_sentence"": ""You can call back a customer in everyday situations.""}, {""phrase"": ""call back your friend"", ""example_sentence"": ""Workers often call back your friend during a busy day.""}, {""phrase"": ""call back the applicant"", ""example_sentence"": ""Students should learn to call back the applicant when it is useful.""}]","[{""phrase"": ""একজন গ্রাহক ফোন কলের উত্তর ফেরত দেওয়া"", ""example_sentence"": ""শিক্ষার্থীরা উদাহরণে একজন গ্রাহক ফোন কলের উত্তর ফেরত দেওয়া অনুশীলন করে।""}, {""phrase"": ""আপনার বন্ধু ফোন কলের উত্তর ফেরত দেওয়া"", ""example_sentence"": ""শিক্ষার্থীরা উদাহরণে আপনার বন্ধু ফোন কলের উত্তর ফেরত দেওয়া অনুশীলন করে।""}, {""phrase"": ""applicant ফোন কলের উত্তর ফেরত দেওয়া"", ""example_sentence"": ""শিক্ষার্থীরা উদাহরণে applicant ফোন কলের উত্তর ফেরত দেওয়া অনুশীলন করে।""}]",return a phone call; phone again; respond by phone,ignore the call; fail to call back,A2,01 - Communication & Discussion,"After lunch, Julia had to call back the customer who missed her first phone call.","দুপুরের খাবারের পর, জুলিয়াকে প্রথম ফোন কল মিস করা গ্রাহককে ফোন কলের উত্তর ফেরত দেওয়া প্রয়োজন হয়েছিল।","Office worker returning a phone call at her desk, headset, notebook with customer message, realistic call-center atmosphere.","[""Please call back when you have the final price."", ""I will call back after the meeting ends."", ""The nurse promised to call back with the test results.""]"
Phrasal Verb,calm down,/kɑm daʊn/,KAHM DOWN,কম ডাউন,To become less upset or agitated,কম বিরক্ত বা উত্তেজিত হওয়া,"[{""phrase"": ""calm down on time"", ""example_sentence"": ""The team tried to calm down on time so the schedule stayed clear.""}, {""phrase"": ""calm down during the project"", ""example_sentence"": ""Things may calm down during the project when the workload increases.""}, {""phrase"": ""calm down without delay"", ""example_sentence"": ""Everyone was ready to calm down without delay after the announcement.""}]","[{""phrase"": ""সময়মতো উত্তেজিত হওয়া"", ""example_sentence"": ""শিক্ষার্থীরা উদাহরণে সময়মতো উত্তেজিত হওয়া অনুশীলন করে।""}, {""phrase"": ""প্রকল্প চলাকালে উত্তেজিত হওয়া"", ""example_sentence"": ""শিক্ষার্থীরা উদাহরণে প্রকল্প চলাকালে উত্তেজিত হওয়া অনুশীলন করে।""}, {""phrase"": ""দেরি না করে উত্তেজিত হওয়া"", ""example_sentence"": ""শিক্ষার্থীরা উদাহরণে দেরি না করে উত্তেজিত হওয়া অনুশীলন করে।""}]",become calmer; relax; settle down,become upset; get agitated; panic,A2,"09 - Relationships, Feelings & Daily Life","To save money, Sam decided to calm down on taxi rides this month.","টাকা বাঁচাতে, স্যাম ট্যাক্সি ভ্রমণ এই মাসে কম বিরক্ত বা উত্তেজিত হওয়ার সিদ্ধান্ত নিয়েছিল।","young adult checking a budget app while choosing to walk down a city street. Realistic contemporary setting, natural lighting, clear facial expressions, accurate everyday details, documentary photography style.","[""The family wants to calm down on waste this month."", ""Jonah decided to calm down after looking at the bill."", ""We need to calm down before the exam week.""]"
Phrasal Verb,carry out,/kæri aʊt/,CARRY out,ক্যারি আউট,To perform or execute a task or plan,কোনো কাজ বা পরিকল্পনা সম্পাদন করা,"[{""phrase"": ""carry out a plan"", ""example_sentence"": ""You can carry out a plan in everyday situations.""}, {""phrase"": ""carry out research"", ""example_sentence"": ""Workers often carry out research during a busy day.""}, {""phrase"": ""carry out an inspection"", ""example_sentence"": ""Students should learn to carry out an inspection when it is useful.""}]","[{""phrase"": ""একটি পরিকল্পনা পরিকল্পনা সম্পাদন করা"", ""example_sentence"": ""শিক্ষার্থীরা উদাহরণে একটি পরিকল্পনা পরিকল্পনা সম্পাদন করা অনুশীলন করে।""}, {""phrase"": ""গবেষণা পরিকল্পনা সম্পাদন করা"", ""example_sentence"": ""শিক্ষার্থীরা উদাহরণে গবেষণা পরিকল্পনা সম্পাদন করা অনুশীলন করে।""}, {""phrase"": ""একটি inspection পরিকল্পনা সম্পাদন করা"", ""example_sentence"": ""শিক্ষার্থীরা উদাহরণে একটি inspection পরিকল্পনা সম্পাদন করা অনুশীলন করে।""}]",perform; execute; complete; implement,neglect; fail to do; abandon,A2,"04 - Work, Responsibility & Productivity","For the environment, Ella decided to carry out plastic use in the office.","পরিবেশের জন্য, এলা অফিসে প্লাস্টিকের ব্যবহার বা পরিকল্পনা সম্পাদন করার সিদ্ধান্ত নিয়েছিল।","office kitchen with reusable bottles and containers replacing plastic items. Realistic contemporary setting, natural lighting, clear facial expressions, accurate everyday details, documentary photography style.","[""The family wants to carry out on waste this month."", ""Leila decided to carry out after looking at the bill."", ""We need to carry out before the exam week.""]"
Phrasal Verb,catch up,/kætʃ ʌp/,KACH up,ক্যাচ আপ,To reach the same level as others; to update each other,অন্যদের সমান স্তরে পৌঁছানো; একে অপরকে হালনাগাদ করা,"[{""phrase"": ""catch up on time"", ""example_sentence"": ""The team tried to catch up on time so the schedule stayed clear.""}, {""phrase"": ""catch up during the project"", ""example_sentence"": ""Things may catch up during the project when the workload increases.""}, {""phrase"": ""catch up without delay"", ""example_sentence"": ""Everyone was ready to catch up without delay after the announcement.""}]","[{""phrase"": ""সময়মতো একে অপরকে হালনাগাদ করা"", ""example_sentence"": ""শিক্ষার্থীরা উদাহরণে সময়মতো একে অপরকে হালনাগাদ করা অনুশীলন করে।""}, {""phrase"": ""প্রকল্প চলাকালে একে অপরকে হালনাগাদ করা"", ""example_sentence"": ""শিক্ষার্থীরা উদাহরণে প্রকল্প চলাকালে একে অপরকে হালনাগাদ করা অনুশীলন করে।""}, {""phrase"": ""দেরি না করে একে অপরকে হালনাগাদ করা"", ""example_sentence"": ""শিক্ষার্থীরা উদাহরণে দেরি না করে একে অপরকে হালনাগাদ করা অনুশীলন করে।""}]",reach the same level; get updated; make up ground,fall behind; lag; lose touch,A2,"05 - Time, Scheduling & Process","At work, Jonah had to catch up.","কর্মক্ষেত্রে, জোনাহকে অন্যদের সমান স্তরে পৌঁছানো বা একে অপরকে হালনাগাদ করা প্রয়োজন হয়েছিল।","realistic workplace scene matching the sentence, detailed environment and natural light. Realistic contemporary setting, natural lighting, clear facial expressions, accurate everyday details, documentary photography style.","[""Leila had to catch up before lunch."", ""We decided to catch up during the meeting."", ""They want to catch up this week.""]"
Phrasal Verb,chip in,/tʃɪp ɪn/,CHIP een,চিপ ইন,To contribute money or effort,টাকা বা প্রচেষ্টা দিয়ে অবদান রাখা,"[{""phrase"": ""chip in on time"", ""example_sentence"": ""The team tried to chip in on time so the schedule stayed clear.""}, {""phrase"": ""chip in during the project"", ""example_sentence"": ""Things may chip in during the project when the workload increases.""}, {""phrase"": ""chip in without delay"", ""example_sentence"": ""Everyone was ready to chip in without delay after the announcement.""}]","[{""phrase"": ""সময়মতো টাকা বা প্রচেষ্টা দিয়ে অবদান রাখা"", ""example_sentence"": ""শিক্ষার্থীরা উদাহরণে সময়মতো টাকা বা প্রচেষ্টা দিয়ে অবদান রাখা অনুশীলন করে।""}, {""phrase"": ""প্রকল্প চলাকালে টাকা বা প্রচেষ্টা দিয়ে অবদান রাখা"", ""example_sentence"": ""শিক্ষার্থীরা উদাহরণে প্রকল্প চলাকালে টাকা বা প্রচেষ্টা দিয়ে অবদান রাখা অনুশীলন করে।""}, {""phrase"": ""দেরি না করে টাকা বা প্রচেষ্টা দিয়ে অবদান রাখা"", ""example_sentence"": ""শিক্ষার্থীরা উদাহরণে দেরি না করে টাকা বা প্রচেষ্টা দিয়ে অবদান রাখা অনুশীলন করে।""}]",contribute; help; donate,withhold; refuse to help; take away,A2,"09 - Relationships, Feelings & Daily Life","Before the deadline, Leila decided to chip in the new plan.","সময়সীমার আগে, লেইলা নতুন পরিকল্পনাটি টাকা বা প্রচেষ্টা দিয়ে অবদান রাখার সিদ্ধান্ত নিয়েছিল।","team members gathered around a table, supporting a plan shown on a laptop and printed notes. Realistic contemporary setting, natural lighting, clear facial expressions, accurate everyday details, documentary photography style.","[""Everyone must chip in during the group task."", ""Hana was ready to chip in the plan."", ""The team asked all members to chip in.""]"
Phrasal Verb,close down,/kloʊs daʊn/,KLOHZ DOWN,ক্লোস ডাউন,To permanently shut a business,ব্যবসা স্থায়ীভাবে বন্ধ করা,"[{""phrase"": ""close down a shop"", ""example_sentence"": ""You can close down a shop in everyday situations.""}, {""phrase"": ""close down the factory"", ""example_sentence"": ""Workers often close down the factory during a busy day.""}, {""phrase"": ""close down the website"", ""example_sentence"": ""Students should learn to close down the website when it is useful.""}]","[{""phrase"": ""একটি shop ব্যবসা স্থায়ীভাবে বন্ধ করা"", ""example_sentence"": ""শিক্ষার্থীরা উদাহরণে একটি shop ব্যবসা স্থায়ীভাবে বন্ধ করা অনুশীলন করে।""}, {""phrase"": ""factory ব্যবসা স্থায়ীভাবে বন্ধ করা"", ""example_sentence"": ""শিক্ষার্থীরা উদাহরণে factory ব্যবসা স্থায়ীভাবে বন্ধ করা অনুশীলন করে।""}, {""phrase"": ""ওয়েবসাইটটি ব্যবসা স্থায়ীভাবে বন্ধ করা"", ""example_sentence"": ""শিক্ষার্থীরা উদাহরণে ওয়েবসাইটটি ব্যবসা স্থায়ীভাবে বন্ধ করা অনুশীলন করে।""}]",shut permanently; cease operations; close,open; start up; launch,A2,"10 - Money, Business, Technology & Movement","After school, Victor had to close down.","স্কুলের পর, ভিক্টরকে ব্যবসা স্থায়ীভাবে বন্ধ করা প্রয়োজন হয়েছিল।","realistic school scene matching the sentence, clear action and natural colors. Realistic contemporary setting, natural lighting, clear facial expressions, accurate everyday details, documentary photography style.","[""Hana had to close down before lunch."", ""We decided to close down during the meeting."", ""They want to close down this week.""]"
Phrasal Verb,come about,/kʌm əbaʊt/,KUM uh-bowt,কাম আবাউট,To happen or occur,ঘটা বা সংঘটিত হওয়া,"[{""phrase"": ""come about on time"", ""example_sentence"": ""The team tried to come about on time so the schedule stayed clear.""}, {""phrase"": ""come about during the project"", ""example_sentence"": ""Things may come about during the project when the workload increases.""}, {""phrase"": ""come about without delay"", ""example_sentence"": ""Everyone was ready to come about without delay after the announcement.""}]","[{""phrase"": ""সময়মতো সংঘটিত হওয়া"", ""example_sentence"": ""শিক্ষার্থীরা উদাহরণে সময়মতো সংঘটিত হওয়া অনুশীলন করে।""}, {""phrase"": ""প্রকল্প চলাকালে সংঘটিত হওয়া"", ""example_sentence"": ""শিক্ষার্থীরা উদাহরণে প্রকল্প চলাকালে সংঘটিত হওয়া অনুশীলন করে।""}, {""phrase"": ""দেরি না করে সংঘটিত হওয়া"", ""example_sentence"": ""শিক্ষার্থীরা উদাহরণে দেরি না করে সংঘটিত হওয়া অনুশীলন করে।""}]",happen; occur; take place,not happen; be prevented; fail to occur,A2,"06 - Progress, Success & Results","At work, Hana had to come about.","কর্মক্ষেত্রে, হানাকে ঘটা বা সংঘটিত হওয়া প্রয়োজন হয়েছিল।","realistic workplace scene matching the sentence, detailed environment and natural light. Realistic contemporary setting, natural lighting, clear facial expressions, accurate everyday details, documentary photography style.","[""Mason had to come about before lunch."", ""We decided to come about during the meeting."", ""They want to come about this week.""]"
Phrasal Verb,come along,/kʌm əlɔŋ/,KUM uh-LAWNG,কাম আলং,To accompany someone; to progress or develop,কারও সঙ্গে যাওয়া; অগ্রগতি বা বিকশিত করা,"[{""phrase"": ""come along on time"", ""example_sentence"": ""The team tried to come along on time so the schedule stayed clear.""}, {""phrase"": ""come along during the project"", ""example_sentence"": ""Things may come along during the project when the workload increases.""}, {""phrase"": ""come along without delay"", ""example_sentence"": ""Everyone was ready to come along without delay after the announcement.""}]","[{""phrase"": ""সময়মতো বিকশিত করা"", ""example_sentence"": ""শিক্ষার্থীরা উদাহরণে সময়মতো বিকশিত করা অনুশীলন করে।""}, {""phrase"": ""প্রকল্প চলাকালে বিকশিত করা"", ""example_sentence"": ""শিক্ষার্থীরা উদাহরণে প্রকল্প চলাকালে বিকশিত করা অনুশীলন করে।""}, {""phrase"": ""দেরি না করে বিকশিত করা"", ""example_sentence"": ""শিক্ষার্থীরা উদাহরণে দেরি না করে বিকশিত করা অনুশীলন করে।""}]",accompany; join; progress; develop,stay behind; leave; regress; decline,A2,"06 - Progress, Success & Results","During the day, Mason had to come along.","দিনের মধ্যে, মেসনকে কারও সঙ্গে যাওয়া বা অগ্রগতি বা বিকশিত করা প্রয়োজন হয়েছিল।","realistic daily-life scene matching the sentence, natural lighting, candid photography. Realistic contemporary setting, natural lighting, clear facial expressions, accurate everyday details, documentary photography style.","[""Nina had to come along before lunch."", ""We decided to come along during the meeting."", ""They want to come along this week.""]"
Phrasal Verb,come around,/kʌm ɚaʊnd/,KUM uh-round,কাম আরআউন্ড,To change one's opinion; to regain consciousness,নিজের মত বদলানো; চেতনা ফিরে পাওয়া,"[{""phrase"": ""come around on time"", ""example_sentence"": ""The team tried to come around on time so the schedule stayed clear.""}, {""phrase"": ""come around during the project"", ""example_sentence"": ""Things may come around during the project when the workload increases.""}, {""phrase"": ""come around without delay"", ""example_sentence"": ""Everyone was ready to come around without delay after the announcement.""}]","[{""phrase"": ""সময়মতো নিজের মত বদলানো; চেতনা ফিরে পাওয়া"", ""example_sentence"": ""শিক্ষার্থীরা উদাহরণে সময়মতো নিজের মত বদলানো; চেতনা ফিরে পাওয়া অনুশীলন করে।""}, {""phrase"": ""প্রকল্প চলাকালে নিজের মত বদলানো; চেতনা ফিরে পাওয়া"", ""example_sentence"": ""শিক্ষার্থীরা উদাহরণে প্রকল্প চলাকালে নিজের মত বদলানো; চেতনা ফিরে পাওয়া অনুশীলন করে।""}, {""phrase"": ""দেরি না করে নিজের মত বদলানো; চেতনা ফিরে পাওয়া"", ""example_sentence"": ""শিক্ষার্থীরা উদাহরণে দেরি না করে নিজের মত বদলানো; চেতনা ফিরে পাওয়া অনুশীলন করে।""}]",change one's opinion; be persuaded; regain consciousness,remain opposed; refuse to change; lose consciousness,A2,"03 - Plans, Decisions & Strategy","At first the coach hated the idea, but he came around after the team explained the benefits.",ব্যক্তিটি নিজের মত বদলানো বা চেতনা ফিরে পাওয়া করেছিল।,"Sports meeting with coach listening to players and slowly changing his opinion, clipboards and team posters visible, realistic scene.","[""She did not like the plan at first, but she came around later."", ""Most parents came around once they saw the new timetable."", ""He hopes the manager will come around after the next meeting.""]"
Phrasal Verb,come back,/kʌm bæk/,KUM BACK,কাম ব্যাক,To return to a place or topic,কোনো জায়গা বা আলোচনায় ফিরে আসা,"[{""phrase"": ""come back on time"", ""example_sentence"": ""The team tried to come back on time so the schedule stayed clear.""}, {""phrase"": ""come back during the project"", ""example_sentence"": ""Things may come back during the project when the workload increases.""}, {""phrase"": ""come back without delay"", ""example_sentence"": ""Everyone was ready to come back without delay after the announcement.""}]","[{""phrase"": ""সময়মতো কোনো জায়গা বা আলোচনায় ফিরে আসা"", ""example_sentence"": ""শিক্ষার্থীরা উদাহরণে সময়মতো কোনো জায়গা বা আলোচনায় ফিরে আসা অনুশীলন করে।""}, {""phrase"": ""প্রকল্প চলাকালে কোনো জায়গা বা আলোচনায় ফিরে আসা"", ""example_sentence"": ""শিক্ষার্থীরা উদাহরণে প্রকল্প চলাকালে কোনো জায়গা বা আলোচনায় ফিরে আসা অনুশীলন করে।""}, {""phrase"": ""দেরি না করে কোনো জায়গা বা আলোচনায় ফিরে আসা"", ""example_sentence"": ""শিক্ষার্থীরা উদাহরণে দেরি না করে কোনো জায়গা বা আলোচনায় ফিরে আসা অনুশীলন করে।""}]",return; come again; regain,leave; go away; lose,A2,"10 - Money, Business, Technology & Movement","Before dinner, Adam had to come back a neighbor's house to drop off a book.","রাতের খাবারের আগে, আদমকে একটি বই দিয়ে আসতে প্রতিবেশীর বাড়ি কোনো জায়গা বা আলোচনায় ফিরে আসা প্রয়োজন হয়েছিল।","friendly residential doorway visit, one person holding a book at the door. Realistic contemporary setting, natural lighting, clear facial expressions, accurate everyday details, documentary photography style.","[""I might come back the office after lunch."", ""Noah plans to come back her aunt on Sunday."", ""Please come back the library if you have time.""]"
Phrasal Verb,come down to,/kʌm daʊn tu/,KUM DOWN too,কাম ডাউন টু,To be essentially about a key point,মূলত একটি গুরুত্বপূর্ণ বিষয়ের ওপর নির্ভর করা,"[{""phrase"": ""come down to money"", ""example_sentence"": ""You can come down to money in everyday situations.""}, {""phrase"": ""come down to timing"", ""example_sentence"": ""Workers often come down to timing during a busy day.""}, {""phrase"": ""come down to one key issue"", ""example_sentence"": ""Students should learn to come down to one key issue when it is useful.""}]","[{""phrase"": ""টাকা মূলত একটি গুরুত্বপূর্ণ বিষয়ের ওপর নির্ভর করা"", ""example_sentence"": ""শিক্ষার্থীরা উদাহরণে টাকা মূলত একটি গুরুত্বপূর্ণ বিষয়ের ওপর নির্ভর করা অনুশীলন করে।""}, {""phrase"": ""timing মূলত একটি গুরুত্বপূর্ণ বিষয়ের ওপর নির্ভর করা"", ""example_sentence"": ""শিক্ষার্থীরা উদাহরণে timing মূলত একটি গুরুত্বপূর্ণ বিষয়ের ওপর নির্ভর করা অনুশীলন করে।""}, {""phrase"": ""one key সমস্যা মূলত একটি গুরুত্বপূর্ণ বিষয়ের ওপর নির্ভর করা"", ""example_sentence"": ""শিক্ষার্থীরা উদাহরণে one key সমস্যা মূলত একটি গুরুত্বপূর্ণ বিষয়ের ওপর নির্ভর করা অনুশীলন করে।""}]",be mainly about; boil down to; depend on,be unrelated to; miss the main point,B1,"02 - Thinking, Learning & Understanding","During the day, Emma had to come down to.","দিনের মধ্যে, এমাকে মূলত একটি গুরুত্বপূর্ণ বিষয়ের ওপর নির্ভর করা প্রয়োজন হয়েছিল।","realistic daily-life scene matching the sentence, natural lighting, candid photography. Realistic contemporary setting, natural lighting, clear facial expressions, accurate everyday details, documentary photography style.","[""Noah had to come down to before lunch."", ""We decided to come down to during the meeting."", ""They want to come down to this week.""]"
Phrasal Verb,come in,/kʌm ɪn/,KUM een,কাম ইন,To enter; to become relevant or useful,প্রবেশ করা; হওয়া প্রাসঙ্গিক বা উপকারী,"[{""phrase"": ""come in on time"", ""example_sentence"": ""The team tried to come in on time so the schedule stayed clear.""}, {""phrase"": ""come in during the project"", ""example_sentence"": ""Things may come in during the project when the workload increases.""}, {""phrase"": ""come in without delay"", ""example_sentence"": ""Everyone was ready to come in without delay after the announcement.""}]","[{""phrase"": ""সময়মতো প্রবেশ করা"", ""example_sentence"": ""শিক্ষার্থীরা উদাহরণে সময়মতো প্রবেশ করা অনুশীলন করে।""}, {""phrase"": ""প্রকল্প চলাকালে প্রবেশ করা"", ""example_sentence"": ""শিক্ষার্থীরা উদাহরণে প্রকল্প চলাকালে প্রবেশ করা অনুশীলন করে।""}, {""phrase"": ""দেরি না করে প্রবেশ করা"", ""example_sentence"": ""শিক্ষার্থীরা উদাহরণে দেরি না করে প্রবেশ করা অনুশীলন করে।""}]",enter; arrive; become relevant; be useful,leave; exit; stay out; be irrelevant,A2,"10 - Money, Business, Technology & Movement","After school, Noah had to come in.","স্কুলের পর, নোয়াকে প্রবেশ করা বা হওয়া প্রাসঙ্গিক বা উপকারী প্রয়োজন হয়েছিল।","realistic school scene matching the sentence, clear action and natural colors. Realistic contemporary setting, natural lighting, clear facial expressions, accurate everyday details, documentary photography style.","[""Mia had to come in before lunch."", ""We decided to come in during the meeting."", ""They want to come in this week.""]"
Phrasal Verb,come out,/kʌm aʊt/,KUM out,কাম আউট,To be revealed; to be published or released,প্রকাশিত হওয়া; হওয়া প্রকাশিত বা মুক্তিপ্রাপ্ত,"[{""phrase"": ""come out on time"", ""example_sentence"": ""The team tried to come out on time so the schedule stayed clear.""}, {""phrase"": ""come out during the project"", ""example_sentence"": ""Things may come out during the project when the workload increases.""}, {""phrase"": ""come out without delay"", ""example_sentence"": ""Everyone was ready to come out without delay after the announcement.""}]","[{""phrase"": ""সময়মতো প্রকাশিত হওয়া"", ""example_sentence"": ""শিক্ষার্থীরা উদাহরণে সময়মতো প্রকাশিত হওয়া অনুশীলন করে।""}, {""phrase"": ""প্রকল্প চলাকালে প্রকাশিত হওয়া"", ""example_sentence"": ""শিক্ষার্থীরা উদাহরণে প্রকল্প চলাকালে প্রকাশিত হওয়া অনুশীলন করে।""}, {""phrase"": ""দেরি না করে প্রকাশিত হওয়া"", ""example_sentence"": ""শিক্ষার্থীরা উদাহরণে দেরি না করে প্রকাশিত হওয়া অনুশীলন করে।""}]",be revealed; be published; be released,stay hidden; remain unpublished; be concealed,A2,01 - Communication & Discussion,"At work, Mia had to come out.","কর্মক্ষেত্রে, মিয়াকে প্রকাশিত হওয়া বা হওয়া প্রকাশিত বা মুক্তিপ্রাপ্ত প্রয়োজন হয়েছিল।","realistic workplace scene matching the sentence, detailed environment and natural light. Realistic contemporary setting, natural lighting, clear facial expressions, accurate everyday details, documentary photography style.","[""Daniel had to come out before lunch."", ""We decided to come out during the meeting."", ""They want to come out this week.""]"
Phrasal Verb,come through,/kʌm θru/,KUM THROO,কাম থ্রু,To succeed despite difficulty; to deliver on a promise,কঠিনতার পরও সফল হওয়া; পৌঁছে দেওয়া/সম্পন্ন করা উপর প্রতিশ্রুতি,"[{""phrase"": ""come through on time"", ""example_sentence"": ""The team tried to come through on time so the schedule stayed clear.""}, {""phrase"": ""come through during the project"", ""example_sentence"": ""Things may come through during the project when the workload increases.""}, {""phrase"": ""come through without delay"", ""example_sentence"": ""Everyone was ready to come through without delay after the announcement.""}]","[{""phrase"": ""সময়মতো কঠিনতার পরও সফল হওয়া"", ""example_sentence"": ""শিক্ষার্থীরা উদাহরণে সময়মতো কঠিনতার পরও সফল হওয়া অনুশীলন করে।""}, {""phrase"": ""প্রকল্প চলাকালে কঠিনতার পরও সফল হওয়া"", ""example_sentence"": ""শিক্ষার্থীরা উদাহরণে প্রকল্প চলাকালে কঠিনতার পরও সফল হওয়া অনুশীলন করে।""}, {""phrase"": ""দেরি না করে কঠিনতার পরও সফল হওয়া"", ""example_sentence"": ""শিক্ষার্থীরা উদাহরণে দেরি না করে কঠিনতার পরও সফল হওয়া অনুশীলন করে।""}]",succeed despite difficulty; deliver; keep a promise,fail; break a promise; let someone down,A2,"06 - Progress, Success & Results","During the day, Daniel had to come through.","দিনের মধ্যে, ড্যানিয়েলকে কঠিনতার পরও সফল হওয়া বা পৌঁছে দেওয়া/সম্পন্ন করা উপর প্রতিশ্রুতি প্রয়োজন হয়েছিল।","realistic daily-life scene matching the sentence, natural lighting, candid photography. Realistic contemporary setting, natural lighting, clear facial expressions, accurate everyday details, documentary photography style.","[""Aisha had to come through before lunch."", ""We decided to come through during the meeting."", ""They want to come through this week.""]"
Phrasal Verb,come up,/kʌm ʌp/,KUM up,কাম আপ,To arise unexpectedly; to approach,হঠাৎ দেখা দেওয়া; কাছে আসা,"[{""phrase"": ""come up on time"", ""example_sentence"": ""The team tried to come up on time so the schedule stayed clear.""}, {""phrase"": ""come up during the project"", ""example_sentence"": ""Things may come up during the project when the workload increases.""}, {""phrase"": ""come up without delay"", ""example_sentence"": ""Everyone was ready to come up without delay after the announcement.""}]","[{""phrase"": ""সময়মতো হঠাৎ দেখা দেওয়া"", ""example_sentence"": ""শিক্ষার্থীরা উদাহরণে সময়মতো হঠাৎ দেখা দেওয়া অনুশীলন করে।""}, {""phrase"": ""প্রকল্প চলাকালে হঠাৎ দেখা দেওয়া"", ""example_sentence"": ""শিক্ষার্থীরা উদাহরণে প্রকল্প চলাকালে হঠাৎ দেখা দেওয়া অনুশীলন করে।""}, {""phrase"": ""দেরি না করে হঠাৎ দেখা দেওয়া"", ""example_sentence"": ""শিক্ষার্থীরা উদাহরণে দেরি না করে হঠাৎ দেখা দেওয়া অনুশীলন করে।""}]",arise; appear unexpectedly; approach; be mentioned,disappear; be planned; move away; stay unmentioned,A2,"05 - Time, Scheduling & Process","After school, Aisha had to come up.","স্কুলের পর, আইশাকে হঠাৎ দেখা দেওয়া বা কাছে আসা প্রয়োজন হয়েছিল।","realistic school scene matching the sentence, clear action and natural colors. Realistic contemporary setting, natural lighting, clear facial expressions, accurate everyday details, documentary photography style.","[""Lucas had to come up before lunch."", ""We decided to come up during the meeting."", ""They want to come up this week.""]"
Phrasal Verb,count on,/kaʊnt ɑn/,KOWNT on,কাউন্ট অন,To rely on or trust someone,কারও ওপর নির্ভর বা বিশ্বাস করা,"[{""phrase"": ""count on your support"", ""example_sentence"": ""You can count on your support in everyday situations.""}, {""phrase"": ""count on the team"", ""example_sentence"": ""Workers often count on the team during a busy day.""}, {""phrase"": ""count on good weather"", ""example_sentence"": ""Students should learn to count on good weather when it is useful.""}]","[{""phrase"": ""আপনার support বিশ্বাস করা"", ""example_sentence"": ""শিক্ষার্থীরা উদাহরণে আপনার support বিশ্বাস করা অনুশীলন করে।""}, {""phrase"": ""দলটি বিশ্বাস করা"", ""example_sentence"": ""শিক্ষার্থীরা উদাহরণে দলটি বিশ্বাস করা অনুশীলন করে।""}, {""phrase"": ""good weather বিশ্বাস করা"", ""example_sentence"": ""শিক্ষার্থীরা উদাহরণে good weather বিশ্বাস করা অনুশীলন করে।""}]",rely on; trust; depend on,distrust; doubt; do without,A2,"09 - Relationships, Feelings & Daily Life","At work, Lucas had to count on.","কর্মক্ষেত্রে, লুকাসকে কারও ওপর নির্ভর বা বিশ্বাস করা প্রয়োজন হয়েছিল।","realistic workplace scene matching the sentence, detailed environment and natural light. Realistic contemporary setting, natural lighting, clear facial expressions, accurate everyday details, documentary photography style.","[""Sofia had to count on before lunch."", ""We decided to count on during the meeting."", ""They want to count on this week.""]"
Phrasal Verb,cut back on,/kʌt bæk ɑn/,KUT BACK on,কাট ব্যাক অন,To reduce the amount of something,কোনো কিছুর পরিমাণ কমানো,"[{""phrase"": ""cut back on expenses"", ""example_sentence"": ""You can cut back on expenses in everyday situations.""}, {""phrase"": ""cut back on coffee"", ""example_sentence"": ""Workers often cut back on coffee during a busy day.""}, {""phrase"": ""cut back on screen time"", ""example_sentence"": ""Students should learn to cut back on screen time when it is useful.""}]","[{""phrase"": ""expenses কোনো কিছুর পরিমাণ কমানো"", ""example_sentence"": ""শিক্ষার্থীরা উদাহরণে expenses কোনো কিছুর পরিমাণ কমানো অনুশীলন করে।""}, {""phrase"": ""coffee কোনো কিছুর পরিমাণ কমানো"", ""example_sentence"": ""শিক্ষার্থীরা উদাহরণে coffee কোনো কিছুর পরিমাণ কমানো অনুশীলন করে।""}, {""phrase"": ""screen সময় কোনো কিছুর পরিমাণ কমানো"", ""example_sentence"": ""শিক্ষার্থীরা উদাহরণে screen সময় কোনো কিছুর পরিমাণ কমানো অনুশীলন করে।""}]",reduce; decrease; cut down on,increase; raise; expand,B1,"08 - Change, Growth, Rules & Control","To save money, Sofia decided to cut back on taxi rides this month.","টাকা বাঁচাতে, সোফিয়া ট্যাক্সি ভ্রমণ এই মাসের পরিমাণ কমানো করার সিদ্ধান্ত নিয়েছিল।","Young woman checking a budget app and choosing to walk down a city street instead of taking a taxi, realistic urban daily-life scene.","[""We need to cut back on plastic use in the office."", ""He cut back on sugar after his last checkup."", ""The family is trying to cut back on weekend spending.""]"
Phrasal Verb,cut down on,/kʌt daʊn ɑn/,KUT DOWN on,কাট ডাউন অন,To reduce consumption or frequency of something,ব্যবহার বা ঘনত্ব কমানো,"[{""phrase"": ""cut down on sugar"", ""example_sentence"": ""You can cut down on sugar in everyday situations.""}, {""phrase"": ""cut down on waste"", ""example_sentence"": ""Workers often cut down on waste during a busy day.""}, {""phrase"": ""cut down on unnecessary costs"", ""example_sentence"": ""Students should learn to cut down on unnecessary costs when it is useful.""}]","[{""phrase"": ""sugar ব্যবহার বা ঘনত্ব কমানো"", ""example_sentence"": ""শিক্ষার্থীরা উদাহরণে sugar ব্যবহার বা ঘনত্ব কমানো অনুশীলন করে।""}, {""phrase"": ""waste ব্যবহার বা ঘনত্ব কমানো"", ""example_sentence"": ""শিক্ষার্থীরা উদাহরণে waste ব্যবহার বা ঘনত্ব কমানো অনুশীলন করে।""}, {""phrase"": ""unnecessary খরচগুলো ব্যবহার বা ঘনত্ব কমানো"", ""example_sentence"": ""শিক্ষার্থীরা উদাহরণে unnecessary খরচগুলো ব্যবহার বা ঘনত্ব কমানো অনুশীলন করে।""}]",reduce; decrease; cut back on,increase; consume more; raise,B1,"08 - Change, Growth, Rules & Control","For the environment, Ethan decided to cut down on plastic use in the office.","পরিবেশের জন্য, ইথান অফিসে প্লাস্টিকের ব্যবহার ব্যবহার বা ঘনত্ব কমানো করার সিদ্ধান্ত নিয়েছিল।","office kitchen with reusable bottles and containers replacing plastic items. Realistic contemporary setting, natural lighting, clear facial expressions, accurate everyday details, documentary photography style.","[""The family wants to cut down on on waste this month."", ""Omar decided to cut down on after looking at the bill."", ""We need to cut down on before the exam week.""]"
Phrasal Verb,deal with,/dil wɪð/,DEEL with,ডিল উইথ,To handle or manage a situation or problem,পরিস্থিতি বা সমস্যা সামলানো,"[{""phrase"": ""deal with a complaint"", ""example_sentence"": ""You can deal with a complaint in everyday situations.""}, {""phrase"": ""deal with pressure"", ""example_sentence"": ""Workers often deal with pressure during a busy day.""}, {""phrase"": ""deal with the problem"", ""example_sentence"": ""Students should learn to deal with the problem when it is useful.""}]","[{""phrase"": ""একটি complaint পরিস্থিতি বা সমস্যা সামলানো"", ""example_sentence"": ""শিক্ষার্থীরা উদাহরণে একটি complaint পরিস্থিতি বা সমস্যা সামলানো অনুশীলন করে।""}, {""phrase"": ""pressure পরিস্থিতি বা সমস্যা সামলানো"", ""example_sentence"": ""শিক্ষার্থীরা উদাহরণে pressure পরিস্থিতি বা সমস্যা সামলানো অনুশীলন করে।""}, {""phrase"": ""সমস্যাটি পরিস্থিতি বা সমস্যা সামলানো"", ""example_sentence"": ""শিক্ষার্থীরা উদাহরণে সমস্যাটি পরিস্থিতি বা সমস্যা সামলানো অনুশীলন করে।""}]",handle; manage; address; tackle,ignore; avoid; neglect,A2,"07 - Problems, Difficulty & Risk","At work, Lina had to deal with.","কর্মক্ষেত্রে, লিনাকে পরিস্থিতি বা সমস্যা সামলানো প্রয়োজন হয়েছিল।","realistic workplace scene matching the sentence, detailed environment and natural light. Realistic contemporary setting, natural lighting, clear facial expressions, accurate everyday details, documentary photography style.","[""Omar had to deal with before lunch."", ""We decided to deal with during the meeting."", ""They want to deal with this week.""]"
Phrasal Verb,do away with,/du əweɪ wɪð/,DOO OOHWAY with,ডু আওয়েই উইথ,To eliminate or get rid of something,কোনো কিছু দূর বা বাদ দেওয়া,"[{""phrase"": ""do away with old rules"", ""example_sentence"": ""You can do away with old rules in everyday situations.""}, {""phrase"": ""do away with paper forms"", ""example_sentence"": ""Workers often do away with paper forms during a busy day.""}, {""phrase"": ""do away with extra fees"", ""example_sentence"": ""Students should learn to do away with extra fees when it is useful.""}]","[{""phrase"": ""পুরোনো নিয়ম বাদ দেওয়া"", ""example_sentence"": ""শিক্ষার্থীরা উদাহরণে পুরোনো নিয়ম বাদ দেওয়া অনুশীলন করে।""}, {""phrase"": ""paper forms বাদ দেওয়া"", ""example_sentence"": ""শিক্ষার্থীরা উদাহরণে paper forms বাদ দেওয়া অনুশীলন করে।""}, {""phrase"": ""অতিরিক্ত fees বাদ দেওয়া"", ""example_sentence"": ""শিক্ষার্থীরা উদাহরণে অতিরিক্ত fees বাদ দেওয়া অনুশীলন করে।""}]",eliminate; remove; abolish; get rid of,keep; preserve; introduce,B1,"08 - Change, Growth, Rules & Control","To save money, Omar decided to do away with on taxi rides this month.","টাকা বাঁচাতে, ওমর ট্যাক্সি ভ্রমণ এই মাসে দূর বা বাদ দেওয়ার সিদ্ধান্ত নিয়েছিল।","young adult checking a budget app while choosing to walk down a city street. Realistic contemporary setting, natural lighting, clear facial expressions, accurate everyday details, documentary photography style.","[""The family wants to do away with on waste this month."", ""Hassan decided to do away with after looking at the bill."", ""We need to do away with before the exam week.""]"
Phrasal Verb,draw on,/drɔ ɑn/,DRAW on,ড্র অন,To use knowledge or experience as a resource,জ্ঞান বা অভিজ্ঞতাকে সম্পদ হিসেবে ব্যবহার করা,"[{""phrase"": ""draw on experience"", ""example_sentence"": ""You can draw on experience in everyday situations.""}, {""phrase"": ""draw on research"", ""example_sentence"": ""Workers often draw on research during a busy day.""}, {""phrase"": ""draw on local knowledge"", ""example_sentence"": ""Students should learn to draw on local knowledge when it is useful.""}]","[{""phrase"": ""experience অভিজ্ঞতাকে সম্পদ হিসেবে ব্যবহার করা"", ""example_sentence"": ""শিক্ষার্থীরা উদাহরণে experience অভিজ্ঞতাকে সম্পদ হিসেবে ব্যবহার করা অনুশীলন করে।""}, {""phrase"": ""গবেষণা অভিজ্ঞতাকে সম্পদ হিসেবে ব্যবহার করা"", ""example_sentence"": ""শিক্ষার্থীরা উদাহরণে গবেষণা অভিজ্ঞতাকে সম্পদ হিসেবে ব্যবহার করা অনুশীলন করে।""}, {""phrase"": ""local knowledge অভিজ্ঞতাকে সম্পদ হিসেবে ব্যবহার করা"", ""example_sentence"": ""শিক্ষার্থীরা উদাহরণে local knowledge অভিজ্ঞতাকে সম্পদ হিসেবে ব্যবহার করা অনুশীলন করে।""}]",use; rely on; make use of,ignore; waste; set aside,A2,"02 - Thinking, Learning & Understanding","While solving the case study, Chloe had to draw on her experience from last year’s internship.",ব্যক্তিটি জ্ঞান বা অভিজ্ঞতাকে সম্পদ হিসেবে ব্যবহার করা করেছিল।,"Student or young professional using past internship notes while solving a case study at a desk, realistic study-work environment.","[""Good teachers draw on real examples in class."", ""He drew on his old notes during the meeting."", ""We can draw on local experience to plan the event.""]"
Phrasal Verb,draw up,/drɔ ʌp/,DRAW up,ড্র আপ,To prepare a formal document or plan,আনুষ্ঠানিক নথি বা পরিকল্পনা প্রস্তুত করা,"[{""phrase"": ""draw up a contract"", ""example_sentence"": ""You can draw up a contract in everyday situations.""}, {""phrase"": ""draw up a plan"", ""example_sentence"": ""Workers often draw up a plan during a busy day.""}, {""phrase"": ""draw up a list"", ""example_sentence"": ""Students should learn to draw up a list when it is useful.""}]","[{""phrase"": ""একটি contract পরিকল্পনা প্রস্তুত করা"", ""example_sentence"": ""শিক্ষার্থীরা উদাহরণে একটি contract পরিকল্পনা প্রস্তুত করা অনুশীলন করে।""}, {""phrase"": ""একটি পরিকল্পনা পরিকল্পনা প্রস্তুত করা"", ""example_sentence"": ""শিক্ষার্থীরা উদাহরণে একটি পরিকল্পনা পরিকল্পনা প্রস্তুত করা অনুশীলন করে।""}, {""phrase"": ""একটি তালিকা পরিকল্পনা প্রস্তুত করা"", ""example_sentence"": ""শিক্ষার্থীরা উদাহরণে একটি তালিকা পরিকল্পনা প্রস্তুত করা অনুশীলন করে।""}]",prepare; draft; compose; formulate,cancel; discard; leave unwritten,A2,"10 - Money, Business, Technology & Movement","At work, Hassan had to draw up.","কর্মক্ষেত্রে, হাসানকে আনুষ্ঠানিক নথি বা পরিকল্পনা প্রস্তুত করা প্রয়োজন হয়েছিল।","realistic workplace scene matching the sentence, detailed environment and natural light. Realistic contemporary setting, natural lighting, clear facial expressions, accurate everyday details, documentary photography style.","[""Nora had to draw up before lunch."", ""We decided to draw up during the meeting."", ""They want to draw up this week.""]"
Phrasal Verb,drop by,/drɑp baɪ/,DROP by,ড্রপ বাই,To visit informally without a scheduled appointment,নির্ধারিত সময় ছাড়া অনানুষ্ঠানিকভাবে দেখা করতে যাওয়া,"[{""phrase"": ""drop by on time"", ""example_sentence"": ""The team tried to drop by on time so the schedule stayed clear.""}, {""phrase"": ""drop by during the project"", ""example_sentence"": ""Things may drop by during the project when the workload increases.""}, {""phrase"": ""drop by without delay"", ""example_sentence"": ""Everyone was ready to drop by without delay after the announcement.""}]","[{""phrase"": ""সময়মতো নির্ধারিত সময় ছাড়া অনানুষ্ঠানিকভাবে দেখা করতে যাওয়া"", ""example_sentence"": ""শিক্ষার্থীরা উদাহরণে সময়মতো নির্ধারিত সময় ছাড়া অনানুষ্ঠানিকভাবে দেখা করতে যাওয়া অনুশীলন করে।""}, {""phrase"": ""প্রকল্প চলাকালে নির্ধারিত সময় ছাড়া অনানুষ্ঠানিকভাবে দেখা করতে যাওয়া"", ""example_sentence"": ""শিক্ষার্থীরা উদাহরণে প্রকল্প চলাকালে নির্ধারিত সময় ছাড়া অনানুষ্ঠানিকভাবে দেখা করতে যাওয়া অনুশীলন করে।""}, {""phrase"": ""দেরি না করে নির্ধারিত সময় ছাড়া অনানুষ্ঠানিকভাবে দেখা করতে যাওয়া"", ""example_sentence"": ""শিক্ষার্থীরা উদাহরণে দেরি না করে নির্ধারিত সময় ছাড়া অনানুষ্ঠানিকভাবে দেখা করতে যাওয়া অনুশীলন করে।""}]",visit briefly; stop by; call in,avoid visiting; stay away,A2,"10 - Money, Business, Technology & Movement","On the way home, Nora decided to drop by the library for ten minutes.",বাড়ি ফেরার পথে নোরা দশ মিনিটের জন্য লাইব্রেরিতে ঢুঁ মারার সিদ্ধান্ত নিয়েছিল।,"person stopping by a neighborhood library after school, evening light. Realistic contemporary setting, natural lighting, clear facial expressions, accurate everyday details, documentary photography style.","[""I might drop by the office after lunch."", ""Sara plans to drop by her aunt on Sunday."", ""Please drop by the library if you have time.""]"
Phrasal Verb,drop off,/drɑp ɔf/,DROP AWF,ড্রপ অফ,To deliver someone or something; to decline gradually,কাউকে বা কোনো কিছু পৌঁছে দেওয়া; কমে যাওয়া/প্রত্যাখ্যান করা ধীরে ধীরে,"[{""phrase"": ""drop off a package"", ""example_sentence"": ""You can drop off a package in everyday situations.""}, {""phrase"": ""drop off the kids"", ""example_sentence"": ""Workers often drop off the kids during a busy day.""}, {""phrase"": ""drop off sharply"", ""example_sentence"": ""Students should learn to drop off sharply when it is useful.""}]","[{""phrase"": ""একটি প্যাকেজ কিছু পৌঁছে দেওয়া"", ""example_sentence"": ""শিক্ষার্থীরা উদাহরণে একটি প্যাকেজ কিছু পৌঁছে দেওয়া অনুশীলন করে।""}, {""phrase"": ""kids কিছু পৌঁছে দেওয়া"", ""example_sentence"": ""শিক্ষার্থীরা উদাহরণে kids কিছু পৌঁছে দেওয়া অনুশীলন করে।""}, {""phrase"": ""sharply কিছু পৌঁছে দেওয়া"", ""example_sentence"": ""শিক্ষার্থীরা উদাহরণে sharply কিছু পৌঁছে দেওয়া অনুশীলন করে।""}]",deliver; leave; decline; decrease,pick up; collect; increase; improve,A2,"10 - Money, Business, Technology & Movement","After school, Ben had to drop off.","স্কুলের পর, বেনকে কাউকে বা কোনো কিছু পৌঁছে দেওয়া বা কমে যাওয়া/প্রত্যাখ্যান করা ধীরে ধীরে প্রয়োজন হয়েছিল।","realistic school scene matching the sentence, clear action and natural colors. Realistic contemporary setting, natural lighting, clear facial expressions, accurate everyday details, documentary photography style.","[""Sara had to drop off before lunch."", ""We decided to drop off during the meeting."", ""They want to drop off this week.""]"
Phrasal Verb,end up,/ɛnd ʌp/,END up,এন্ড আপ,To finally reach a state or place unexpectedly,শেষ পর্যন্ত অপ্রত্যাশিতভাবে কোনো অবস্থা বা জায়গায় পৌঁছানো,"[{""phrase"": ""end up on time"", ""example_sentence"": ""The team tried to end up on time so the schedule stayed clear.""}, {""phrase"": ""end up during the project"", ""example_sentence"": ""Things may end up during the project when the workload increases.""}, {""phrase"": ""end up without delay"", ""example_sentence"": ""Everyone was ready to end up without delay after the announcement.""}]","[{""phrase"": ""সময়মতো শেষ পর্যন্ত অপ্রত্যাশিতভাবে কোনো অবস্থা বা জায়গায় পৌঁছানো"", ""example_sentence"": ""শিক্ষার্থীরা উদাহরণে সময়মতো শেষ পর্যন্ত অপ্রত্যাশিতভাবে কোনো অবস্থা বা জায়গায় পৌঁছানো অনুশীলন করে।""}, {""phrase"": ""প্রকল্প চলাকালে শেষ পর্যন্ত অপ্রত্যাশিতভাবে কোনো অবস্থা বা জায়গায় পৌঁছানো"", ""example_sentence"": ""শিক্ষার্থীরা উদাহরণে প্রকল্প চলাকালে শেষ পর্যন্ত অপ্রত্যাশিতভাবে কোনো অবস্থা বা জায়গায় পৌঁছানো অনুশীলন করে।""}, {""phrase"": ""দেরি না করে শেষ পর্যন্ত অপ্রত্যাশিতভাবে কোনো অবস্থা বা জায়গায় পৌঁছানো"", ""example_sentence"": ""শিক্ষার্থীরা উদাহরণে দেরি না করে শেষ পর্যন্ত অপ্রত্যাশিতভাবে কোনো অবস্থা বা জায়গায় পৌঁছানো অনুশীলন করে।""}]",finally become; wind up; finish as,avoid ending as; start as; prevent,A2,"06 - Progress, Success & Results","After taking the wrong bus, Sara ended up at the last stop across town.",ভুল বাসে ওঠার পর সারা শহরের অন্য প্রান্তের শেষ স্টপে গিয়ে পৌঁছেছিল।,"Traveler looking confused at the final bus stop in another part of town, map in hand, evening city scene, realistic travel photography.","[""If we miss the turn, we may end up at the beach."", ""They ended up staying longer than they planned."", ""I do not want to end up with the wrong size again.""]"
Phrasal Verb,fall apart,/fɔl əpɑrt/,FAWL OOHPAHRT,ফল আপার্ট,To disintegrate; to lose emotional control,ভেঙে পড়া; হারানো আবেগগত নিয়ন্ত্রণ করা,"[{""phrase"": ""fall apart on time"", ""example_sentence"": ""The team tried to fall apart on time so the schedule stayed clear.""}, {""phrase"": ""fall apart during the project"", ""example_sentence"": ""Things may fall apart during the project when the workload increases.""}, {""phrase"": ""fall apart without delay"", ""example_sentence"": ""Everyone was ready to fall apart without delay after the announcement.""}]","[{""phrase"": ""সময়মতো হারানো আবেগগত নিয়ন্ত্রণ করা"", ""example_sentence"": ""শিক্ষার্থীরা উদাহরণে সময়মতো হারানো আবেগগত নিয়ন্ত্রণ করা অনুশীলন করে।""}, {""phrase"": ""প্রকল্প চলাকালে হারানো আবেগগত নিয়ন্ত্রণ করা"", ""example_sentence"": ""শিক্ষার্থীরা উদাহরণে প্রকল্প চলাকালে হারানো আবেগগত নিয়ন্ত্রণ করা অনুশীলন করে।""}, {""phrase"": ""দেরি না করে হারানো আবেগগত নিয়ন্ত্রণ করা"", ""example_sentence"": ""শিক্ষার্থীরা উদাহরণে দেরি না করে হারানো আবেগগত নিয়ন্ত্রণ করা অনুশীলন করে।""}]",collapse; break down; lose control,hold together; stay calm; remain intact,A2,"07 - Problems, Difficulty & Risk","During the day, Leo had to fall apart.","দিনের মধ্যে, লিওকে ভেঙে পড়া বা হারানো আবেগগত নিয়ন্ত্রণ করা প্রয়োজন হয়েছিল।","realistic daily-life scene matching the sentence, natural lighting, candid photography. Realistic contemporary setting, natural lighting, clear facial expressions, accurate everyday details, documentary photography style.","[""Maya had to fall apart before lunch."", ""We decided to fall apart during the meeting."", ""They want to fall apart this week.""]"
Phrasal Verb,fall back on,/fɔl bæk ɑn/,FAWL BACK on,ফল ব্যাক অন,To use as an alternative when other options fail,অন্য বিকল্প ব্যর্থ হলে বিকল্প হিসেবে ব্যবহার করা,"[{""phrase"": ""fall back on savings"", ""example_sentence"": ""You can fall back on savings in everyday situations.""}, {""phrase"": ""fall back on a backup plan"", ""example_sentence"": ""Workers often fall back on a backup plan during a busy day.""}, {""phrase"": ""fall back on old habits"", ""example_sentence"": ""Students should learn to fall back on old habits when it is useful.""}]","[{""phrase"": ""সঞ্চয় অন্য বিকল্প ব্যর্থ হলে বিকল্প হিসেবে ব্যবহার করা"", ""example_sentence"": ""শিক্ষার্থীরা উদাহরণে সঞ্চয় অন্য বিকল্প ব্যর্থ হলে বিকল্প হিসেবে ব্যবহার করা অনুশীলন করে।""}, {""phrase"": ""একটি backup পরিকল্পনা অন্য বিকল্প ব্যর্থ হলে বিকল্প হিসেবে ব্যবহার করা"", ""example_sentence"": ""শিক্ষার্থীরা উদাহরণে একটি backup পরিকল্পনা অন্য বিকল্প ব্যর্থ হলে বিকল্প হিসেবে ব্যবহার করা অনুশীলন করে।""}, {""phrase"": ""পুরোনো অভ্যাস অন্য বিকল্প ব্যর্থ হলে বিকল্প হিসেবে ব্যবহার করা"", ""example_sentence"": ""শিক্ষার্থীরা উদাহরণে পুরোনো অভ্যাস অন্য বিকল্প ব্যর্থ হলে বিকল্প হিসেবে ব্যবহার করা অনুশীলন করে।""}]",rely on as backup; use as alternative,go without; avoid relying on,B1,"03 - Plans, Decisions & Strategy","After school, Maya had to fall back on.","স্কুলের পর, মায়াকে অন্য বিকল্প ব্যর্থ হলে বিকল্প হিসেবে ব্যবহার করা প্রয়োজন হয়েছিল।","realistic school scene matching the sentence, clear action and natural colors. Realistic contemporary setting, natural lighting, clear facial expressions, accurate everyday details, documentary photography style.","[""David had to fall back on before lunch."", ""We decided to fall back on during the meeting."", ""They want to fall back on this week.""]"
Phrasal Verb,fall behind,/fɔl bɪhaɪnd/,FAWL BEE-hynd,ফল বিহাইন্ড,To fail to keep up with a schedule or pace,সময়সূচি বা গতির সঙ্গে তাল রাখতে ব্যর্থ হওয়া,"[{""phrase"": ""fall behind on time"", ""example_sentence"": ""The team tried to fall behind on time so the schedule stayed clear.""}, {""phrase"": ""fall behind during the project"", ""example_sentence"": ""Things may fall behind during the project when the workload increases.""}, {""phrase"": ""fall behind without delay"", ""example_sentence"": ""Everyone was ready to fall behind without delay after the announcement.""}]","[{""phrase"": ""সময়মতো গতির সঙ্গে তাল রাখতে ব্যর্থ হওয়া"", ""example_sentence"": ""শিক্ষার্থীরা উদাহরণে সময়মতো গতির সঙ্গে তাল রাখতে ব্যর্থ হওয়া অনুশীলন করে।""}, {""phrase"": ""প্রকল্প চলাকালে গতির সঙ্গে তাল রাখতে ব্যর্থ হওয়া"", ""example_sentence"": ""শিক্ষার্থীরা উদাহরণে প্রকল্প চলাকালে গতির সঙ্গে তাল রাখতে ব্যর্থ হওয়া অনুশীলন করে।""}, {""phrase"": ""দেরি না করে গতির সঙ্গে তাল রাখতে ব্যর্থ হওয়া"", ""example_sentence"": ""শিক্ষার্থীরা উদাহরণে দেরি না করে গতির সঙ্গে তাল রাখতে ব্যর্থ হওয়া অনুশীলন করে।""}]",lag; fail to keep up; get delayed,catch up; keep up; get ahead,A2,"05 - Time, Scheduling & Process","At work, David had to fall behind.","কর্মক্ষেত্রে, ডেভিডকে সময়সূচি বা গতির সঙ্গে তাল রাখতে ব্যর্থ হওয়া প্রয়োজন হয়েছিল।","realistic workplace scene matching the sentence, detailed environment and natural light. Realistic contemporary setting, natural lighting, clear facial expressions, accurate everyday details, documentary photography style.","[""Ivy had to fall behind before lunch."", ""We decided to fall behind during the meeting."", ""They want to fall behind this week.""]"
Phrasal Verb,fall through,/fɔl θru/,FAWL THROO,ফল থ্রু,To fail to happen as planned,পরিকল্পনা অনুযায়ী না হওয়া,"[{""phrase"": ""fall through on time"", ""example_sentence"": ""The team tried to fall through on time so the schedule stayed clear.""}, {""phrase"": ""fall through during the project"", ""example_sentence"": ""Things may fall through during the project when the workload increases.""}, {""phrase"": ""fall through without delay"", ""example_sentence"": ""Everyone was ready to fall through without delay after the announcement.""}]","[{""phrase"": ""সময়মতো পরিকল্পনা অনুযায়ী না হওয়া"", ""example_sentence"": ""শিক্ষার্থীরা উদাহরণে সময়মতো পরিকল্পনা অনুযায়ী না হওয়া অনুশীলন করে।""}, {""phrase"": ""প্রকল্প চলাকালে পরিকল্পনা অনুযায়ী না হওয়া"", ""example_sentence"": ""শিক্ষার্থীরা উদাহরণে প্রকল্প চলাকালে পরিকল্পনা অনুযায়ী না হওয়া অনুশীলন করে।""}, {""phrase"": ""দেরি না করে পরিকল্পনা অনুযায়ী না হওয়া"", ""example_sentence"": ""শিক্ষার্থীরা উদাহরণে দেরি না করে পরিকল্পনা অনুযায়ী না হওয়া অনুশীলন করে।""}]",fail; collapse; not happen,succeed; happen; go ahead,A2,"07 - Problems, Difficulty & Risk","During the day, Ivy had to fall through.","দিনের মধ্যে, আইভিকে পরিকল্পনা অনুযায়ী না হওয়া প্রয়োজন হয়েছিল।","realistic daily-life scene matching the sentence, natural lighting, candid photography. Realistic contemporary setting, natural lighting, clear facial expressions, accurate everyday details, documentary photography style.","[""Ryan had to fall through before lunch."", ""We decided to fall through during the meeting."", ""They want to fall through this week.""]"
Phrasal Verb,figure in,/fɪɡjɚ ɪn/,FIG-yer een,ফিগার ইন,To include as a factor,একটি কারণ হিসেবে অন্তর্ভুক্ত করা,"[{""phrase"": ""figure in the cost"", ""example_sentence"": ""You can figure in the cost in everyday situations.""}, {""phrase"": ""figure in the delay"", ""example_sentence"": ""Workers often figure in the delay during a busy day.""}, {""phrase"": ""figure in customer feedback"", ""example_sentence"": ""Students should learn to figure in customer feedback when it is useful.""}]","[{""phrase"": ""খরচটি কারণ হিসেবে অন্তর্ভুক্ত করা"", ""example_sentence"": ""শিক্ষার্থীরা উদাহরণে খরচটি কারণ হিসেবে অন্তর্ভুক্ত করা অনুশীলন করে।""}, {""phrase"": ""দেরি কারণ হিসেবে অন্তর্ভুক্ত করা"", ""example_sentence"": ""শিক্ষার্থীরা উদাহরণে দেরি কারণ হিসেবে অন্তর্ভুক্ত করা অনুশীলন করে।""}, {""phrase"": ""গ্রাহক feedback কারণ হিসেবে অন্তর্ভুক্ত করা"", ""example_sentence"": ""শিক্ষার্থীরা উদাহরণে গ্রাহক feedback কারণ হিসেবে অন্তর্ভুক্ত করা অনুশীলন করে।""}]",include; factor in; count as part of,exclude; leave out; ignore,A2,"03 - Plans, Decisions & Strategy","After school, Ryan had to figure in.","স্কুলের পর, রায়ানকে একটি কারণ হিসেবে অন্তর্ভুক্ত করা প্রয়োজন হয়েছিল।","realistic school scene matching the sentence, clear action and natural colors. Realistic contemporary setting, natural lighting, clear facial expressions, accurate everyday details, documentary photography style.","[""Julia had to figure in before lunch."", ""We decided to figure in during the meeting."", ""They want to figure in this week.""]"
Phrasal Verb,follow through,/fɑloʊ θru/,FAHLOH THROO,ফলো থ্রু,To complete something that was started,শুরু করা কাজ সম্পূর্ণ করা,"[{""phrase"": ""follow through on time"", ""example_sentence"": ""The team tried to follow through on time so the schedule stayed clear.""}, {""phrase"": ""follow through during the project"", ""example_sentence"": ""Things may follow through during the project when the workload increases.""}, {""phrase"": ""follow through without delay"", ""example_sentence"": ""Everyone was ready to follow through without delay after the announcement.""}]","[{""phrase"": ""সময়মতো শুরু করা কাজ সম্পূর্ণ করা"", ""example_sentence"": ""শিক্ষার্থীরা উদাহরণে সময়মতো শুরু করা কাজ সম্পূর্ণ করা অনুশীলন করে।""}, {""phrase"": ""প্রকল্প চলাকালে শুরু করা কাজ সম্পূর্ণ করা"", ""example_sentence"": ""শিক্ষার্থীরা উদাহরণে প্রকল্প চলাকালে শুরু করা কাজ সম্পূর্ণ করা অনুশীলন করে।""}, {""phrase"": ""দেরি না করে শুরু করা কাজ সম্পূর্ণ করা"", ""example_sentence"": ""শিক্ষার্থীরা উদাহরণে দেরি না করে শুরু করা কাজ সম্পূর্ণ করা অনুশীলন করে।""}]",complete; carry out; finish what was started,drop the ball; abandon; fail to finish,A2,"05 - Time, Scheduling & Process","At work, Julia had to follow through.","কর্মক্ষেত্রে, জুলিয়াকে শুরু করা কাজ সম্পূর্ণ করা প্রয়োজন হয়েছিল।","realistic workplace scene matching the sentence, detailed environment and natural light. Realistic contemporary setting, natural lighting, clear facial expressions, accurate everyday details, documentary photography style.","[""Sam had to follow through before lunch."", ""We decided to follow through during the meeting."", ""They want to follow through this week.""]"
Phrasal Verb,follow up,/fɑloʊ ʌp/,FAHLOH up,ফলো আপ,To take additional action after an initial step,প্রথম ধাপের পর অতিরিক্ত পদক্ষেপ নেওয়া,"[{""phrase"": ""follow up an email"", ""example_sentence"": ""You can follow up an email in everyday situations.""}, {""phrase"": ""follow up a lead"", ""example_sentence"": ""Workers often follow up a lead during a busy day.""}, {""phrase"": ""follow up the request"", ""example_sentence"": ""Students should learn to follow up the request when it is useful.""}]","[{""phrase"": ""একটি ইমেইল প্রথম ধাপের পর অতিরিক্ত পদক্ষেপ নেওয়া"", ""example_sentence"": ""শিক্ষার্থীরা উদাহরণে একটি ইমেইল প্রথম ধাপের পর অতিরিক্ত পদক্ষেপ নেওয়া অনুশীলন করে।""}, {""phrase"": ""একটি lead প্রথম ধাপের পর অতিরিক্ত পদক্ষেপ নেওয়া"", ""example_sentence"": ""শিক্ষার্থীরা উদাহরণে একটি lead প্রথম ধাপের পর অতিরিক্ত পদক্ষেপ নেওয়া অনুশীলন করে।""}, {""phrase"": ""অনুরোধ প্রথম ধাপের পর অতিরিক্ত পদক্ষেপ নেওয়া"", ""example_sentence"": ""শিক্ষার্থীরা উদাহরণে অনুরোধ প্রথম ধাপের পর অতিরিক্ত পদক্ষেপ নেওয়া অনুশীলন করে।""}]",check again; take further action; pursue,ignore; leave unfinished; forget,A2,"05 - Time, Scheduling & Process","During the day, Sam had to follow up.","দিনের মধ্যে, স্যামকে প্রথম ধাপের পর অতিরিক্ত পদক্ষেপ নেওয়া প্রয়োজন হয়েছিল।","realistic daily-life scene matching the sentence, natural lighting, candid photography. Realistic contemporary setting, natural lighting, clear facial expressions, accurate everyday details, documentary photography style.","[""Ella had to follow up before lunch."", ""We decided to follow up during the meeting."", ""They want to follow up this week.""]"
Phrasal Verb,get across,/ɡɛt əkrɔs/,GET uh-KRAWS,গেট আক্রস,To communicate an idea successfully,একটি ধারণা সফলভাবে বোঝাতে পারা,"[{""phrase"": ""get across the message"", ""example_sentence"": ""You can get across the message in everyday situations.""}, {""phrase"": ""get across your idea"", ""example_sentence"": ""Workers often get across your idea during a busy day.""}, {""phrase"": ""get across the main point"", ""example_sentence"": ""Students should learn to get across the main point when it is useful.""}]","[{""phrase"": ""বার্তাটি একটি ধারণা সফলভাবে বোঝাতে পারা"", ""example_sentence"": ""শিক্ষার্থীরা উদাহরণে বার্তাটি একটি ধারণা সফলভাবে বোঝাতে পারা অনুশীলন করে।""}, {""phrase"": ""আপনার ধারণা একটি ধারণা সফলভাবে বোঝাতে পারা"", ""example_sentence"": ""শিক্ষার্থীরা উদাহরণে আপনার ধারণা একটি ধারণা সফলভাবে বোঝাতে পারা অনুশীলন করে।""}, {""phrase"": ""main point একটি ধারণা সফলভাবে বোঝাতে পারা"", ""example_sentence"": ""শিক্ষার্থীরা উদাহরণে main point একটি ধারণা সফলভাবে বোঝাতে পারা অনুশীলন করে।""}]",communicate clearly; convey; put across,confuse; fail to communicate; obscure,A2,01 - Communication & Discussion,"During the presentation, Ella worked hard to get across the main idea in simple language.",প্রেজেন্টেশনের সময় এলা মূল ধারণাটি সহজ ভাষায় বোঝাতে কঠোর পরিশ্রম করেছিল।,"Presenter in a meeting room explaining a key idea clearly on a screen, attentive audience, realistic professional setting.","[""She used one picture to get across her point."", ""It can be hard to get across complex ideas to children."", ""The teacher got across the rule with a short example.""]"
Phrasal Verb,get ahead,/ɡɛt əhɛd/,GET uh-HED,গেট আহেড,To make progress; to succeed professionally,অগ্রগতি করা; সফল হওয়া পেশাগতভাবে,"[{""phrase"": ""get ahead on time"", ""example_sentence"": ""The team tried to get ahead on time so the schedule stayed clear.""}, {""phrase"": ""get ahead during the project"", ""example_sentence"": ""Things may get ahead during the project when the workload increases.""}, {""phrase"": ""get ahead without delay"", ""example_sentence"": ""Everyone was ready to get ahead without delay after the announcement.""}]","[{""phrase"": ""সময়মতো অগ্রগতি করা"", ""example_sentence"": ""শিক্ষার্থীরা উদাহরণে সময়মতো অগ্রগতি করা অনুশীলন করে।""}, {""phrase"": ""প্রকল্প চলাকালে অগ্রগতি করা"", ""example_sentence"": ""শিক্ষার্থীরা উদাহরণে প্রকল্প চলাকালে অগ্রগতি করা অনুশীলন করে।""}, {""phrase"": ""দেরি না করে অগ্রগতি করা"", ""example_sentence"": ""শিক্ষার্থীরা উদাহরণে দেরি না করে অগ্রগতি করা অনুশীলন করে।""}]",make progress; advance; succeed,fall behind; stagnate; fail,A2,"06 - Progress, Success & Results","At work, Jonah had to get ahead.","কর্মক্ষেত্রে, জোনাহকে অগ্রগতি করা বা সফল হওয়া পেশাগতভাবে প্রয়োজন হয়েছিল।","realistic workplace scene matching the sentence, detailed environment and natural light. Realistic contemporary setting, natural lighting, clear facial expressions, accurate everyday details, documentary photography style.","[""Leila had to get ahead before lunch."", ""We decided to get ahead during the meeting."", ""They want to get ahead this week.""]"
Phrasal Verb,get around to,/ɡɛt ɚaʊnd tu/,GET uh-round too,গেট আরআউন্ড টু,To eventually find time to do something,শেষ পর্যন্ত কোনো কাজের সময় বের করা,"[{""phrase"": ""get around to the report"", ""example_sentence"": ""You can get around to the report in everyday situations.""}, {""phrase"": ""get around to cleaning the room"", ""example_sentence"": ""Workers often get around to cleaning the room during a busy day.""}, {""phrase"": ""get around to calling her"", ""example_sentence"": ""Students should learn to get around to calling her when it is useful.""}]","[{""phrase"": ""রিপোর্টটি শেষ পর্যন্ত কোনো কাজের সময় বের করা"", ""example_sentence"": ""শিক্ষার্থীরা উদাহরণে রিপোর্টটি শেষ পর্যন্ত কোনো কাজের সময় বের করা অনুশীলন করে।""}, {""phrase"": ""cleaning room শেষ পর্যন্ত কোনো কাজের সময় বের করা"", ""example_sentence"": ""শিক্ষার্থীরা উদাহরণে cleaning room শেষ পর্যন্ত কোনো কাজের সময় বের করা অনুশীলন করে।""}, {""phrase"": ""calling her শেষ পর্যন্ত কোনো কাজের সময় বের করা"", ""example_sentence"": ""শিক্ষার্থীরা উদাহরণে calling her শেষ পর্যন্ত কোনো কাজের সময় বের করা অনুশীলন করে।""}]",find time eventually; manage to do later,keep postponing; never find time; avoid doing,B1,"05 - Time, Scheduling & Process","During the day, Leila had to get around to.","দিনের মধ্যে, লেইলাকে শেষ পর্যন্ত কোনো কাজের সময় বের করা প্রয়োজন হয়েছিল।","realistic daily-life scene matching the sentence, natural lighting, candid photography. Realistic contemporary setting, natural lighting, clear facial expressions, accurate everyday details, documentary photography style.","[""Victor had to get around to before lunch."", ""We decided to get around to during the meeting."", ""They want to get around to this week.""]"
Phrasal Verb,get away with,/ɡɛt əweɪ wɪð/,GET OOHWAY with,গেট আওয়েই উইথ,To avoid punishment for something wrong,ভুল কাজের শাস্তি এড়ানো,"[{""phrase"": ""get away with a mistake"", ""example_sentence"": ""You can get away with a mistake in everyday situations.""}, {""phrase"": ""get away with bad behavior"", ""example_sentence"": ""Workers often get away with bad behavior during a busy day.""}, {""phrase"": ""get away with breaking the rule"", ""example_sentence"": ""Students should learn to get away with breaking the rule when it is useful.""}]","[{""phrase"": ""একটি ভুল ভুল কাজের শাস্তি এড়ানো"", ""example_sentence"": ""শিক্ষার্থীরা উদাহরণে একটি ভুল ভুল কাজের শাস্তি এড়ানো অনুশীলন করে।""}, {""phrase"": ""bad behavior ভুল কাজের শাস্তি এড়ানো"", ""example_sentence"": ""শিক্ষার্থীরা উদাহরণে bad behavior ভুল কাজের শাস্তি এড়ানো অনুশীলন করে।""}, {""phrase"": ""breaking rule ভুল কাজের শাস্তি এড়ানো"", ""example_sentence"": ""শিক্ষার্থীরা উদাহরণে breaking rule ভুল কাজের শাস্তি এড়ানো অনুশীলন করে।""}]",escape punishment; avoid consequences; go unpunished,get caught; be punished; face consequences,B1,"08 - Change, Growth, Rules & Control","After school, Victor had to get away with.","স্কুলের পর, ভিক্টরকে ভুল কাজের শাস্তি এড়ানো প্রয়োজন হয়েছিল।","realistic school scene matching the sentence, clear action and natural colors. Realistic contemporary setting, natural lighting, clear facial expressions, accurate everyday details, documentary photography style.","[""Hana had to get away with before lunch."", ""We decided to get away with during the meeting."", ""They want to get away with this week.""]"
Phrasal Verb,get by,/ɡɛt baɪ/,GET by,গেট বাই,To manage with limited resources,সীমিত সম্পদ দিয়ে সামলে নেওয়া,"[{""phrase"": ""get by on time"", ""example_sentence"": ""The team tried to get by on time so the schedule stayed clear.""}, {""phrase"": ""get by during the project"", ""example_sentence"": ""Things may get by during the project when the workload increases.""}, {""phrase"": ""get by without delay"", ""example_sentence"": ""Everyone was ready to get by without delay after the announcement.""}]","[{""phrase"": ""সময়মতো সীমিত সম্পদ দিয়ে সামলে নেওয়া"", ""example_sentence"": ""শিক্ষার্থীরা উদাহরণে সময়মতো সীমিত সম্পদ দিয়ে সামলে নেওয়া অনুশীলন করে।""}, {""phrase"": ""প্রকল্প চলাকালে সীমিত সম্পদ দিয়ে সামলে নেওয়া"", ""example_sentence"": ""শিক্ষার্থীরা উদাহরণে প্রকল্প চলাকালে সীমিত সম্পদ দিয়ে সামলে নেওয়া অনুশীলন করে।""}, {""phrase"": ""দেরি না করে সীমিত সম্পদ দিয়ে সামলে নেওয়া"", ""example_sentence"": ""শিক্ষার্থীরা উদাহরণে দেরি না করে সীমিত সম্পদ দিয়ে সামলে নেওয়া অনুশীলন করে।""}]",manage; cope; survive with limited resources,fail to cope; struggle; need more,A2,"07 - Problems, Difficulty & Risk","At work, Hana had to get by.","কর্মক্ষেত্রে, হানাকে সীমিত সম্পদ দিয়ে সামলে নেওয়া প্রয়োজন হয়েছিল।","realistic workplace scene matching the sentence, detailed environment and natural light. Realistic contemporary setting, natural lighting, clear facial expressions, accurate everyday details, documentary photography style.","[""Mason had to get by before lunch."", ""We decided to get by during the meeting."", ""They want to get by this week.""]"
Phrasal Verb,get down to,/ɡɛt daʊn tu/,GET DOWN too,গেট ডাউন টু,To start focusing on the essential work,মূল কাজে মনোযোগ দেওয়া শুরু করা,"[{""phrase"": ""get down to business"", ""example_sentence"": ""You can get down to business in everyday situations.""}, {""phrase"": ""get down to work"", ""example_sentence"": ""Workers often get down to work during a busy day.""}, {""phrase"": ""get down to the details"", ""example_sentence"": ""Students should learn to get down to the details when it is useful.""}]","[{""phrase"": ""ব্যবসা মূল কাজে মনোযোগ দেওয়া শুরু করা"", ""example_sentence"": ""শিক্ষার্থীরা উদাহরণে ব্যবসা মূল কাজে মনোযোগ দেওয়া শুরু করা অনুশীলন করে।""}, {""phrase"": ""কাজ মূল কাজে মনোযোগ দেওয়া শুরু করা"", ""example_sentence"": ""শিক্ষার্থীরা উদাহরণে কাজ মূল কাজে মনোযোগ দেওয়া শুরু করা অনুশীলন করে।""}, {""phrase"": ""বিস্তারিত বিষয়গুলো মূল কাজে মনোযোগ দেওয়া শুরু করা"", ""example_sentence"": ""শিক্ষার্থীরা উদাহরণে বিস্তারিত বিষয়গুলো মূল কাজে মনোযোগ দেওয়া শুরু করা অনুশীলন করে।""}]",start focusing; begin serious work; concentrate on,procrastinate; avoid work; stay distracted,B1,"04 - Work, Responsibility & Productivity","During the day, Mason had to get down to.","দিনের মধ্যে, মেসনকে মূল কাজে মনোযোগ দেওয়া শুরু করা প্রয়োজন হয়েছিল।","realistic daily-life scene matching the sentence, natural lighting, candid photography. Realistic contemporary setting, natural lighting, clear facial expressions, accurate everyday details, documentary photography style.","[""Nina had to get down to before lunch."", ""We decided to get down to during the meeting."", ""They want to get down to this week.""]"
Phrasal Verb,get in touch,/ɡɛt ɪn tʌtʃ/,GET een TOOHCH,গেট ইন টাচ,To contact someone,কারও সঙ্গে যোগাযোগ করা,"[{""phrase"": ""get in touch with a client"", ""example_sentence"": ""You can get in touch with a client in everyday situations.""}, {""phrase"": ""get in touch with support"", ""example_sentence"": ""Workers often get in touch with support during a busy day.""}, {""phrase"": ""get in touch with your teacher"", ""example_sentence"": ""Students should learn to get in touch with your teacher when it is useful.""}]","[{""phrase"": ""with একটি client সঙ্গে যোগাযোগ করা"", ""example_sentence"": ""শিক্ষার্থীরা উদাহরণে with একটি client সঙ্গে যোগাযোগ করা অনুশীলন করে।""}, {""phrase"": ""with support সঙ্গে যোগাযোগ করা"", ""example_sentence"": ""শিক্ষার্থীরা উদাহরণে with support সঙ্গে যোগাযোগ করা অনুশীলন করে।""}, {""phrase"": ""with আপনার teacher সঙ্গে যোগাযোগ করা"", ""example_sentence"": ""শিক্ষার্থীরা উদাহরণে with আপনার teacher সঙ্গে যোগাযোগ করা অনুশীলন করে।""}]",contact; reach out; communicate,lose touch; avoid contact; ignore,B1,01 - Communication & Discussion,"After finding the old address book, Emma got in touch with her first teacher.",পুরোনো ঠিকানার খাতা খুঁজে পাওয়ার পর এমা তার প্রথম শিক্ষকের সঙ্গে যোগাযোগ করেছিল।,"Woman calling an old teacher after finding an address book, warm home setting, realistic emotional scene.","[""Please get in touch when you arrive safely."", ""He got in touch with the landlord this morning."", ""I will get in touch after I read the contract.""]"
Phrasal Verb,get into,/ɡɛt ɪntu/,GET in-too,গেট ইনটু,To become interested in; to enter a vehicle,আগ্রহী হয়ে ওঠা; প্রবেশ করা যান,"[{""phrase"": ""get into marketing"", ""example_sentence"": ""You can get into marketing in everyday situations.""}, {""phrase"": ""get into the car"", ""example_sentence"": ""Workers often get into the car during a busy day.""}, {""phrase"": ""get into a new routine"", ""example_sentence"": ""Students should learn to get into a new routine when it is useful.""}]","[{""phrase"": ""marketing প্রবেশ করা যান"", ""example_sentence"": ""শিক্ষার্থীরা উদাহরণে marketing প্রবেশ করা যান অনুশীলন করে।""}, {""phrase"": ""গাড়িটি প্রবেশ করা যান"", ""example_sentence"": ""শিক্ষার্থীরা উদাহরণে গাড়িটি প্রবেশ করা যান অনুশীলন করে।""}, {""phrase"": ""একটি নতুন routine প্রবেশ করা যান"", ""example_sentence"": ""শিক্ষার্থীরা উদাহরণে একটি নতুন routine প্রবেশ করা যান অনুশীলন করে।""}]",become interested in; enter; get involved in,lose interest; leave; avoid,A2,"05 - Time, Scheduling & Process","At work, Adam had to get into.","কর্মক্ষেত্রে, আদমকে আগ্রহী হয়ে ওঠা বা প্রবেশ করা যান প্রয়োজন হয়েছিল।","realistic workplace scene matching the sentence, detailed environment and natural light. Realistic contemporary setting, natural lighting, clear facial expressions, accurate everyday details, documentary photography style.","[""Emma had to get into before lunch."", ""We decided to get into during the meeting."", ""They want to get into this week.""]"
Phrasal Verb,get off,/ɡɛt ɔf/,GET AWF,গেট অফ,To leave a vehicle; to avoid punishment,যান থেকে নামা; এড়ানো শাস্তি,"[{""phrase"": ""get off the bus"", ""example_sentence"": ""You can get off the bus in everyday situations.""}, {""phrase"": ""get off work early"", ""example_sentence"": ""Workers often get off work early during a busy day.""}, {""phrase"": ""get off with a warning"", ""example_sentence"": ""Students should learn to get off with a warning when it is useful.""}]","[{""phrase"": ""bus যান থেকে নামা; এড়ানো শাস্তি"", ""example_sentence"": ""শিক্ষার্থীরা উদাহরণে bus যান থেকে নামা; এড়ানো শাস্তি অনুশীলন করে।""}, {""phrase"": ""আগে কাজ যান থেকে নামা; এড়ানো শাস্তি"", ""example_sentence"": ""শিক্ষার্থীরা উদাহরণে আগে কাজ যান থেকে নামা; এড়ানো শাস্তি অনুশীলন করে।""}, {""phrase"": ""with একটি warning যান থেকে নামা; এড়ানো শাস্তি"", ""example_sentence"": ""শিক্ষার্থীরা উদাহরণে with একটি warning যান থেকে নামা; এড়ানো শাস্তি অনুশীলন করে।""}]",leave a vehicle; escape punishment; exit,get on; board; be punished,A2,"10 - Money, Business, Technology & Movement",Emma got off the bus two stops early to buy bread on the way home.,বাড়ি ফেরার পথে রুটি কিনতে এমা দুই স্টপ আগে বাস থেকে নেমেছিল।,"Person stepping off a city bus near a bakery in late afternoon light, shopping bag and transit card visible, realistic street scene.","[""We should get off at the next station."", ""He got off the train just before sunset."", ""Please get off the bike before you go inside.""]"
Phrasal Verb,get on with,/ɡɛt ɑn wɪð/,GET on with,গেট অন উইথ,To continue doing something; to have a good relationship,কোনো কাজ চালিয়ে যাওয়া; থাকা ভালো সম্পর্ক,"[{""phrase"": ""get on with the task"", ""example_sentence"": ""You can get on with the task in everyday situations.""}, {""phrase"": ""get on with your colleagues"", ""example_sentence"": ""Workers often get on with your colleagues during a busy day.""}, {""phrase"": ""get on with the job"", ""example_sentence"": ""Students should learn to get on with the job when it is useful.""}]","[{""phrase"": ""কাজটি থাকা ভালো সম্পর্ক"", ""example_sentence"": ""শিক্ষার্থীরা উদাহরণে কাজটি থাকা ভালো সম্পর্ক অনুশীলন করে।""}, {""phrase"": ""আপনার colleagues থাকা ভালো সম্পর্ক"", ""example_sentence"": ""শিক্ষার্থীরা উদাহরণে আপনার colleagues থাকা ভালো সম্পর্ক অনুশীলন করে।""}, {""phrase"": ""চাকরিটি থাকা ভালো সম্পর্ক"", ""example_sentence"": ""শিক্ষার্থীরা উদাহরণে চাকরিটি থাকা ভালো সম্পর্ক অনুশীলন করে।""}]",continue; carry on; have a good relationship,stop; give up; argue; fall out,B1,"05 - Time, Scheduling & Process","Despite the rain, Noah decided to get on with with football practice.","বৃষ্টি সত্ত্বেও, নোয়া ফুটবল অনুশীলন চালিয়ে যাওয়া বা থাকা ভালো সম্পর্ক করার সিদ্ধান্ত নিয়েছিল।","outdoor football field in light rain, coach and players continuing practice. Realistic contemporary setting, natural lighting, clear facial expressions, accurate everyday details, documentary photography style.","[""Please get on with with your reading."", ""The workers get on with after the short break."", ""Daniel had to get on with despite the noise.""]"
Phrasal Verb,get out of,/ɡɛt aʊt ʌv/,GET out uv,গেট আউট আভ,To avoid a responsibility; to exit a vehicle,দায়িত্ব এড়ানো; বের হওয়া যান,"[{""phrase"": ""get out of trouble"", ""example_sentence"": ""You can get out of trouble in everyday situations.""}, {""phrase"": ""get out of a meeting"", ""example_sentence"": ""Workers often get out of a meeting during a busy day.""}, {""phrase"": ""get out of the car"", ""example_sentence"": ""Students should learn to get out of the car when it is useful.""}]","[{""phrase"": ""trouble বের হওয়া যান"", ""example_sentence"": ""শিক্ষার্থীরা উদাহরণে trouble বের হওয়া যান অনুশীলন করে।""}, {""phrase"": ""একটি মিটিং বের হওয়া যান"", ""example_sentence"": ""শিক্ষার্থীরা উদাহরণে একটি মিটিং বের হওয়া যান অনুশীলন করে।""}, {""phrase"": ""গাড়িটি বের হওয়া যান"", ""example_sentence"": ""শিক্ষার্থীরা উদাহরণে গাড়িটি বের হওয়া যান অনুশীলন করে।""}]",avoid responsibility; escape; exit,accept responsibility; enter; face,B1,"08 - Change, Growth, Rules & Control","Throughout the project, Mia had to get out of even when the work got harder.","পুরো প্রকল্পজুড়ে, মিয়াকে কাজ আরও কঠিন হলেও দায়িত্ব এড়ানো বা বের হওয়া যান প্রয়োজন হয়েছিল।","group project scene with people staying engaged and putting in effort. Realistic contemporary setting, natural lighting, clear facial expressions, accurate everyday details, documentary photography style.","[""Daniel was ready to get out of on day one."", ""The volunteers get out of when the event got busy."", ""If everyone get out of, we can finish today.""]"
Phrasal Verb,get rid of,/ɡɛt rɪd ʌv/,GET REED uv,গেট রিড আভ,To eliminate or dispose of something,কোনো কিছু দূর বা ফেলে দেওয়া,"[{""phrase"": ""get rid of old files"", ""example_sentence"": ""You can get rid of old files in everyday situations.""}, {""phrase"": ""get rid of bad habits"", ""example_sentence"": ""Workers often get rid of bad habits during a busy day.""}, {""phrase"": ""get rid of unwanted items"", ""example_sentence"": ""Students should learn to get rid of unwanted items when it is useful.""}]","[{""phrase"": ""পুরোনো ফাইলগুলো ফেলে দেওয়া"", ""example_sentence"": ""শিক্ষার্থীরা উদাহরণে পুরোনো ফাইলগুলো ফেলে দেওয়া অনুশীলন করে।""}, {""phrase"": ""bad অভ্যাস ফেলে দেওয়া"", ""example_sentence"": ""শিক্ষার্থীরা উদাহরণে bad অভ্যাস ফেলে দেওয়া অনুশীলন করে।""}, {""phrase"": ""unwanted items ফেলে দেওয়া"", ""example_sentence"": ""শিক্ষার্থীরা উদাহরণে unwanted items ফেলে দেওয়া অনুশীলন করে।""}]",remove; eliminate; dispose of,keep; retain; acquire,B1,"09 - Relationships, Feelings & Daily Life","To save money, Daniel decided to get rid of on taxi rides this month.","টাকা বাঁচাতে, ড্যানিয়েল ট্যাক্সি ভ্রমণ এই মাসে দূর বা ফেলে দেওয়ার সিদ্ধান্ত নিয়েছিল।","young adult checking a budget app while choosing to walk down a city street. Realistic contemporary setting, natural lighting, clear facial expressions, accurate everyday details, documentary photography style.","[""The family wants to get rid of on waste this month."", ""Lucas decided to get rid of after looking at the bill."", ""We need to get rid of before the exam week.""]"
Phrasal Verb,get through,/ɡɛt θru/,GET THROO,গেট থ্রু,To finish; to make contact; to survive a difficult period,শেষ করা; করা যোগাযোগ করা; টিকে থাকা কঠিন সময়কাল,"[{""phrase"": ""get through the exam"", ""example_sentence"": ""You can get through the exam in everyday situations.""}, {""phrase"": ""get through a difficult week"", ""example_sentence"": ""Workers often get through a difficult week during a busy day.""}, {""phrase"": ""get through the workload"", ""example_sentence"": ""Students should learn to get through the workload when it is useful.""}]","[{""phrase"": ""exam শেষ করা"", ""example_sentence"": ""শিক্ষার্থীরা উদাহরণে exam শেষ করা অনুশীলন করে।""}, {""phrase"": ""একটি কঠিন week শেষ করা"", ""example_sentence"": ""শিক্ষার্থীরা উদাহরণে একটি কঠিন week শেষ করা অনুশীলন করে।""}, {""phrase"": ""workload শেষ করা"", ""example_sentence"": ""শিক্ষার্থীরা উদাহরণে workload শেষ করা অনুশীলন করে।""}]",finish; make contact; survive,leave unfinished; fail to connect; not survive,A2,"07 - Problems, Difficulty & Risk","After school, Aisha had to get through.","স্কুলের পর, আইশাকে শেষ করা বা করা যোগাযোগ করা বা টিকে থাকা কঠিন সময়কাল প্রয়োজন হয়েছিল।","realistic school scene matching the sentence, clear action and natural colors. Realistic contemporary setting, natural lighting, clear facial expressions, accurate everyday details, documentary photography style.","[""Lucas had to get through before lunch."", ""We decided to get through during the meeting."", ""They want to get through this week.""]"
Phrasal Verb,get together,/ɡɛt təɡɛðɚ/,GET TOOHGETHER,গেট টাগেদার,To meet socially or to assemble,সামাজিকভাবে দেখা করা বা একত্র হওয়া,"[{""phrase"": ""get together on time"", ""example_sentence"": ""The team tried to get together on time so the schedule stayed clear.""}, {""phrase"": ""get together during the project"", ""example_sentence"": ""Things may get together during the project when the workload increases.""}, {""phrase"": ""get together without delay"", ""example_sentence"": ""Everyone was ready to get together without delay after the announcement.""}]","[{""phrase"": ""সময়মতো সামাজিকভাবে দেখা করা"", ""example_sentence"": ""শিক্ষার্থীরা উদাহরণে সময়মতো সামাজিকভাবে দেখা করা অনুশীলন করে।""}, {""phrase"": ""প্রকল্প চলাকালে সামাজিকভাবে দেখা করা"", ""example_sentence"": ""শিক্ষার্থীরা উদাহরণে প্রকল্প চলাকালে সামাজিকভাবে দেখা করা অনুশীলন করে।""}, {""phrase"": ""দেরি না করে সামাজিকভাবে দেখা করা"", ""example_sentence"": ""শিক্ষার্থীরা উদাহরণে দেরি না করে সামাজিকভাবে দেখা করা অনুশীলন করে।""}]",meet; gather; assemble,separate; split up; stay apart,A2,"09 - Relationships, Feelings & Daily Life",The cousins decided to get together for lunch on Sunday.,কাজিনরা রবিবার দুপুরের খাবারের জন্য একত্র হওয়ার সিদ্ধান্ত নিয়েছিল।,"Family members meeting for lunch at a bright restaurant table, warm realistic social scene.","[""We should get together after the exam."", ""They got together to plan the school fair."", ""Our team gets together every Friday morning.""]"
Phrasal Verb,get used to,/ɡɛt juzd tu/,GET YOOZD too,গেট ইউজড টু,To become accustomed to something,কোনো কিছুর সঙ্গে অভ্যস্ত হওয়া,"[{""phrase"": ""get used to the weather"", ""example_sentence"": ""You can get used to the weather in everyday situations.""}, {""phrase"": ""get used to a new schedule"", ""example_sentence"": ""Workers often get used to a new schedule during a busy day.""}, {""phrase"": ""get used to working online"", ""example_sentence"": ""Students should learn to get used to working online when it is useful.""}]","[{""phrase"": ""weather কিছুর সঙ্গে অভ্যস্ত হওয়া"", ""example_sentence"": ""শিক্ষার্থীরা উদাহরণে weather কিছুর সঙ্গে অভ্যস্ত হওয়া অনুশীলন করে।""}, {""phrase"": ""একটি নতুন সময়সূচি কিছুর সঙ্গে অভ্যস্ত হওয়া"", ""example_sentence"": ""শিক্ষার্থীরা উদাহরণে একটি নতুন সময়সূচি কিছুর সঙ্গে অভ্যস্ত হওয়া অনুশীলন করে।""}, {""phrase"": ""working online কিছুর সঙ্গে অভ্যস্ত হওয়া"", ""example_sentence"": ""শিক্ষার্থীরা উদাহরণে working online কিছুর সঙ্গে অভ্যস্ত হওয়া অনুশীলন করে।""}]",become accustomed; adapt; grow familiar,remain unfamiliar; fail to adapt,B1,"08 - Change, Growth, Rules & Control",It took Mia two weeks to get used to the early train.,ভোরের ট্রেনে অভ্যস্ত হতে মিয়ার দুই সপ্তাহ লেগেছিল।,"Young commuter adjusting to an early morning train routine, realistic station scene with coffee and bag.","[""You will get used to the new keyboard soon."", ""He got used to the cold weather by December."", ""The children are slowly getting used to their new school.""]"
Phrasal Verb,give away,/ɡɪv əweɪ/,GIV OOHWAY,গিভ আওয়েই,To donate; to reveal a secret,দান করা; প্রকাশ করা গোপন কথা,"[{""phrase"": ""give away old clothes"", ""example_sentence"": ""You can give away old clothes in everyday situations.""}, {""phrase"": ""give away a secret"", ""example_sentence"": ""Workers often give away a secret during a busy day.""}, {""phrase"": ""give away free samples"", ""example_sentence"": ""Students should learn to give away free samples when it is useful.""}]","[{""phrase"": ""পুরোনো clothes দান করা"", ""example_sentence"": ""শিক্ষার্থীরা উদাহরণে পুরোনো clothes দান করা অনুশীলন করে।""}, {""phrase"": ""একটি গোপন কথা দান করা"", ""example_sentence"": ""শিক্ষার্থীরা উদাহরণে একটি গোপন কথা দান করা অনুশীলন করে।""}, {""phrase"": ""বিনামূল্যের নমুনা দান করা"", ""example_sentence"": ""শিক্ষার্থীরা উদাহরণে বিনামূল্যের নমুনা দান করা অনুশীলন করে।""}]",donate; reveal; hand over,keep; conceal; sell,A2,"09 - Relationships, Feelings & Daily Life","Until the launch day, Ethan had to give away.","লঞ্চের দিন পর্যন্ত, ইথানকে দান করা বা প্রকাশ করা গোপন কথা প্রয়োজন হয়েছিল।","product prototype covered and kept secret in a studio or lab. Realistic contemporary setting, natural lighting, clear facial expressions, accurate everyday details, documentary photography style.","[""They decided to give away until launch day."", ""Lina wanted to give away after the interview."", ""The team tried to give away during testing.""]"
Phrasal Verb,give back,/ɡɪv bæk/,GIV BACK,গিভ ব্যাক,To return something to its owner,কোনো কিছু তার মালিককে ফিরিয়ে দেওয়া,"[{""phrase"": ""give back the money"", ""example_sentence"": ""You can give back the money in everyday situations.""}, {""phrase"": ""give back the book"", ""example_sentence"": ""Workers often give back the book during a busy day.""}, {""phrase"": ""give back the tools"", ""example_sentence"": ""Students should learn to give back the tools when it is useful.""}]","[{""phrase"": ""টাকা কিছু তার মালিককে ফিরিয়ে দেওয়া"", ""example_sentence"": ""শিক্ষার্থীরা উদাহরণে টাকা কিছু তার মালিককে ফিরিয়ে দেওয়া অনুশীলন করে।""}, {""phrase"": ""বইটি কিছু তার মালিককে ফিরিয়ে দেওয়া"", ""example_sentence"": ""শিক্ষার্থীরা উদাহরণে বইটি কিছু তার মালিককে ফিরিয়ে দেওয়া অনুশীলন করে।""}, {""phrase"": ""tools কিছু তার মালিককে ফিরিয়ে দেওয়া"", ""example_sentence"": ""শিক্ষার্থীরা উদাহরণে tools কিছু তার মালিককে ফিরিয়ে দেওয়া অনুশীলন করে।""}]",return; restore; hand back,keep; take; withhold,A2,"09 - Relationships, Feelings & Daily Life","Before dinner, Lina had to give back a neighbor's house to drop off a book.","রাতের খাবারের আগে, লিনাকে একটি বই দিয়ে আসতে প্রতিবেশীর বাড়ি তার মালিককে ফিরিয়ে দেওয়া প্রয়োজন হয়েছিল।","friendly residential doorway visit, one person holding a book at the door. Realistic contemporary setting, natural lighting, clear facial expressions, accurate everyday details, documentary photography style.","[""I might give back the office after lunch."", ""Chloe plans to give back her aunt on Sunday."", ""Please give back the library if you have time.""]"
Phrasal Verb,give out,/ɡɪv aʊt/,GIV out,গিভ আউট,To distribute; to run out; to stop working,বিতরণ করা; শেষ হয়ে যাওয়া; বন্ধ করা কাজ করা,"[{""phrase"": ""give out leaflets"", ""example_sentence"": ""You can give out leaflets in everyday situations.""}, {""phrase"": ""give out instructions"", ""example_sentence"": ""Workers often give out instructions during a busy day.""}, {""phrase"": ""give out free tickets"", ""example_sentence"": ""Students should learn to give out free tickets when it is useful.""}]","[{""phrase"": ""leaflets বিতরণ করা"", ""example_sentence"": ""শিক্ষার্থীরা উদাহরণে leaflets বিতরণ করা অনুশীলন করে।""}, {""phrase"": ""নির্দেশনা বিতরণ করা"", ""example_sentence"": ""শিক্ষার্থীরা উদাহরণে নির্দেশনা বিতরণ করা অনুশীলন করে।""}, {""phrase"": ""বিনামূল্যের tickets বিতরণ করা"", ""example_sentence"": ""শিক্ষার্থীরা উদাহরণে বিনামূল্যের tickets বিতরণ করা অনুশীলন করে।""}]",distribute; run out; stop working,collect; keep; have enough; keep working,A2,01 - Communication & Discussion,"During the day, Omar had to give out.","দিনের মধ্যে, ওমরকে বিতরণ করা বা শেষ হয়ে যাওয়া বা বন্ধ করা কাজ করা প্রয়োজন হয়েছিল।","realistic daily-life scene matching the sentence, natural lighting, candid photography. Realistic contemporary setting, natural lighting, clear facial expressions, accurate everyday details, documentary photography style.","[""Chloe had to give out before lunch."", ""We decided to give out during the meeting."", ""They want to give out this week.""]"
Phrasal Verb,go along with,/ɡoʊ əlɔŋ wɪð/,GOH uh-LAWNG with,গো আলং উইথ,To agree with or support someone's plan,কারও পরিকল্পনার সঙ্গে একমত হওয়া বা সমর্থন করা,"[{""phrase"": ""go along with the plan"", ""example_sentence"": ""You can go along with the plan in everyday situations.""}, {""phrase"": ""go along with the decision"", ""example_sentence"": ""Workers often go along with the decision during a busy day.""}, {""phrase"": ""go along with the group"", ""example_sentence"": ""Students should learn to go along with the group when it is useful.""}]","[{""phrase"": ""পরিকল্পনাটি পরিকল্পনার সঙ্গে একমত হওয়া"", ""example_sentence"": ""শিক্ষার্থীরা উদাহরণে পরিকল্পনাটি পরিকল্পনার সঙ্গে একমত হওয়া অনুশীলন করে।""}, {""phrase"": ""সিদ্ধান্তটি পরিকল্পনার সঙ্গে একমত হওয়া"", ""example_sentence"": ""শিক্ষার্থীরা উদাহরণে সিদ্ধান্তটি পরিকল্পনার সঙ্গে একমত হওয়া অনুশীলন করে।""}, {""phrase"": ""দলটি পরিকল্পনার সঙ্গে একমত হওয়া"", ""example_sentence"": ""শিক্ষার্থীরা উদাহরণে দলটি পরিকল্পনার সঙ্গে একমত হওয়া অনুশীলন করে।""}]",agree with; support; accept,oppose; object to; resist,B1,"09 - Relationships, Feelings & Daily Life","After school, Chloe had to go along with.","স্কুলের পর, ক্লোইকে কারও পরিকল্পনার সঙ্গে একমত হওয়া বা সমর্থন করা প্রয়োজন হয়েছিল।","realistic school scene matching the sentence, clear action and natural colors. Realistic contemporary setting, natural lighting, clear facial expressions, accurate everyday details, documentary photography style.","[""Hassan had to go along with before lunch."", ""We decided to go along with during the meeting."", ""They want to go along with this week.""]"
Phrasal Verb,go back on,/ɡoʊ bæk ɑn/,GOH BACK on,গো ব্যাক অন,To fail to keep a promise,প্রতিশ্রুতি রাখতে ব্যর্থ হওয়া,"[{""phrase"": ""go back on a promise"", ""example_sentence"": ""You can go back on a promise in everyday situations.""}, {""phrase"": ""go back on an agreement"", ""example_sentence"": ""Workers often go back on an agreement during a busy day.""}, {""phrase"": ""go back on your word"", ""example_sentence"": ""Students should learn to go back on your word when it is useful.""}]","[{""phrase"": ""একটি promise প্রতিশ্রুতি রাখতে ব্যর্থ হওয়া"", ""example_sentence"": ""শিক্ষার্থীরা উদাহরণে একটি promise প্রতিশ্রুতি রাখতে ব্যর্থ হওয়া অনুশীলন করে।""}, {""phrase"": ""একটি agreement প্রতিশ্রুতি রাখতে ব্যর্থ হওয়া"", ""example_sentence"": ""শিক্ষার্থীরা উদাহরণে একটি agreement প্রতিশ্রুতি রাখতে ব্যর্থ হওয়া অনুশীলন করে।""}, {""phrase"": ""আপনার word প্রতিশ্রুতি রাখতে ব্যর্থ হওয়া"", ""example_sentence"": ""শিক্ষার্থীরা উদাহরণে আপনার word প্রতিশ্রুতি রাখতে ব্যর্থ হওয়া অনুশীলন করে।""}]",break a promise; renege; fail to keep,keep a promise; honor; stand by,B1,"08 - Change, Growth, Rules & Control","At work, Hassan had to go back on.","কর্মক্ষেত্রে, হাসানকে প্রতিশ্রুতি রাখতে ব্যর্থ হওয়া প্রয়োজন হয়েছিল।","realistic workplace scene matching the sentence, detailed environment and natural light. Realistic contemporary setting, natural lighting, clear facial expressions, accurate everyday details, documentary photography style.","[""Nora had to go back on before lunch."", ""We decided to go back on during the meeting."", ""They want to go back on this week.""]"
Phrasal Verb,go by,/ɡoʊ baɪ/,GOH by,গো বাই,To pass (time); to be guided by rules,সময় পার হওয়া; হওয়া পরিচালিত দ্বারা নিয়ম,"[{""phrase"": ""go by on time"", ""example_sentence"": ""The team tried to go by on time so the schedule stayed clear.""}, {""phrase"": ""go by during the project"", ""example_sentence"": ""Things may go by during the project when the workload increases.""}, {""phrase"": ""go by without delay"", ""example_sentence"": ""Everyone was ready to go by without delay after the announcement.""}]","[{""phrase"": ""সময়মতো সময় পার হওয়া"", ""example_sentence"": ""শিক্ষার্থীরা উদাহরণে সময়মতো সময় পার হওয়া অনুশীলন করে।""}, {""phrase"": ""প্রকল্প চলাকালে সময় পার হওয়া"", ""example_sentence"": ""শিক্ষার্থীরা উদাহরণে প্রকল্প চলাকালে সময় পার হওয়া অনুশীলন করে।""}, {""phrase"": ""দেরি না করে সময় পার হওয়া"", ""example_sentence"": ""শিক্ষার্থীরা উদাহরণে দেরি না করে সময় পার হওয়া অনুশীলন করে।""}]",pass; follow rules; be guided by,stand still; ignore rules; disregard,A2,"05 - Time, Scheduling & Process","During the day, Nora had to go by.","দিনের মধ্যে, নোরাকে সময় পার হওয়া বা হওয়া পরিচালিত দ্বারা নিয়ম প্রয়োজন হয়েছিল।","realistic daily-life scene matching the sentence, natural lighting, candid photography. Realistic contemporary setting, natural lighting, clear facial expressions, accurate everyday details, documentary photography style.","[""Ben had to go by before lunch."", ""We decided to go by during the meeting."", ""They want to go by this week.""]"
Phrasal Verb,go down,/ɡoʊ daʊn/,GOH DOWN,গো ডাউন,To decrease; to stop working (system),কমে যাওয়া; বন্ধ করা কাজ করা (সিস্টেম),"[{""phrase"": ""go down on time"", ""example_sentence"": ""The team tried to go down on time so the schedule stayed clear.""}, {""phrase"": ""go down during the project"", ""example_sentence"": ""Things may go down during the project when the workload increases.""}, {""phrase"": ""go down without delay"", ""example_sentence"": ""Everyone was ready to go down without delay after the announcement.""}]","[{""phrase"": ""সময়মতো বন্ধ করা কাজ করা (সিস্টেম)"", ""example_sentence"": ""শিক্ষার্থীরা উদাহরণে সময়মতো বন্ধ করা কাজ করা (সিস্টেম) অনুশীলন করে।""}, {""phrase"": ""প্রকল্প চলাকালে বন্ধ করা কাজ করা (সিস্টেম)"", ""example_sentence"": ""শিক্ষার্থীরা উদাহরণে প্রকল্প চলাকালে বন্ধ করা কাজ করা (সিস্টেম) অনুশীলন করে।""}, {""phrase"": ""দেরি না করে বন্ধ করা কাজ করা (সিস্টেম)"", ""example_sentence"": ""শিক্ষার্থীরা উদাহরণে দেরি না করে বন্ধ করা কাজ করা (সিস্টেম) অনুশীলন করে।""}]",decrease; fall; stop working,go up; increase; rise; work properly,A2,"08 - Change, Growth, Rules & Control","After school, Ben had to go down.","স্কুলের পর, বেনকে কমে যাওয়া বা বন্ধ করা কাজ করা (সিস্টেম) প্রয়োজন হয়েছিল।","realistic school scene matching the sentence, clear action and natural colors. Realistic contemporary setting, natural lighting, clear facial expressions, accurate everyday details, documentary photography style.","[""Sara had to go down before lunch."", ""We decided to go down during the meeting."", ""They want to go down this week.""]"
Phrasal Verb,go for,/ɡoʊ fɔr/,GOH for,গো ফর,To attempt; to choose; to apply for,চেষ্টা করা; বেছে নেওয়া; আবেদন করা জন্য,"[{""phrase"": ""go for a walk"", ""example_sentence"": ""You can go for a walk in everyday situations.""}, {""phrase"": ""go for the job"", ""example_sentence"": ""Workers often go for the job during a busy day.""}, {""phrase"": ""go for the cheaper option"", ""example_sentence"": ""Students should learn to go for the cheaper option when it is useful.""}]","[{""phrase"": ""একটি walk চেষ্টা করা"", ""example_sentence"": ""শিক্ষার্থীরা উদাহরণে একটি walk চেষ্টা করা অনুশীলন করে।""}, {""phrase"": ""চাকরিটি চেষ্টা করা"", ""example_sentence"": ""শিক্ষার্থীরা উদাহরণে চাকরিটি চেষ্টা করা অনুশীলন করে।""}, {""phrase"": ""cheaper বিকল্প চেষ্টা করা"", ""example_sentence"": ""শিক্ষার্থীরা উদাহরণে cheaper বিকল্প চেষ্টা করা অনুশীলন করে।""}]",attempt; choose; apply for,avoid; reject; withdraw,A2,"03 - Plans, Decisions & Strategy","At work, Sara had to go for.","কর্মক্ষেত্রে, সারাকে চেষ্টা করা বা বেছে নেওয়া বা আবেদন করা জন্য প্রয়োজন হয়েছিল।","realistic workplace scene matching the sentence, detailed environment and natural light. Realistic contemporary setting, natural lighting, clear facial expressions, accurate everyday details, documentary photography style.","[""Leo had to go for before lunch."", ""We decided to go for during the meeting."", ""They want to go for this week.""]"
Phrasal Verb,go off,/ɡoʊ ɔf/,GOH AWF,গো অফ,To explode; to sound an alarm; to go bad (food),বিস্ফোরিত হওয়া; বাজা অ্যালার্ম; নষ্ট (খাবার),"[{""phrase"": ""go off on time"", ""example_sentence"": ""The team tried to go off on time so the schedule stayed clear.""}, {""phrase"": ""go off during the project"", ""example_sentence"": ""Things may go off during the project when the workload increases.""}, {""phrase"": ""go off without delay"", ""example_sentence"": ""Everyone was ready to go off without delay after the announcement.""}]","[{""phrase"": ""সময়মতো বিস্ফোরিত হওয়া"", ""example_sentence"": ""শিক্ষার্থীরা উদাহরণে সময়মতো বিস্ফোরিত হওয়া অনুশীলন করে।""}, {""phrase"": ""প্রকল্প চলাকালে বিস্ফোরিত হওয়া"", ""example_sentence"": ""শিক্ষার্থীরা উদাহরণে প্রকল্প চলাকালে বিস্ফোরিত হওয়া অনুশীলন করে।""}, {""phrase"": ""দেরি না করে বিস্ফোরিত হওয়া"", ""example_sentence"": ""শিক্ষার্থীরা উদাহরণে দেরি না করে বিস্ফোরিত হওয়া অনুশীলন করে।""}]",explode; sound; spoil; go bad,remain intact; stay silent; stay fresh,A2,"09 - Relationships, Feelings & Daily Life","During the day, Leo had to go off.","দিনের মধ্যে, লিওকে বিস্ফোরিত হওয়া বা বাজা অ্যালার্ম বা নষ্ট (খাবার) প্রয়োজন হয়েছিল।","realistic daily-life scene matching the sentence, natural lighting, candid photography. Realistic contemporary setting, natural lighting, clear facial expressions, accurate everyday details, documentary photography style.","[""Maya had to go off before lunch."", ""We decided to go off during the meeting."", ""They want to go off this week.""]"
Phrasal Verb,go on,/ɡoʊ ɑn/,GOH on,গো অন,To continue; to happen,চালিয়ে যাওয়া; ঘটা,"[{""phrase"": ""go on on time"", ""example_sentence"": ""The team tried to go on on time so the schedule stayed clear.""}, {""phrase"": ""go on during the project"", ""example_sentence"": ""Things may go on during the project when the workload increases.""}, {""phrase"": ""go on without delay"", ""example_sentence"": ""Everyone was ready to go on without delay after the announcement.""}]","[{""phrase"": ""সময়মতো চালিয়ে যাওয়া; ঘটা"", ""example_sentence"": ""শিক্ষার্থীরা উদাহরণে সময়মতো চালিয়ে যাওয়া; ঘটা অনুশীলন করে।""}, {""phrase"": ""প্রকল্প চলাকালে চালিয়ে যাওয়া; ঘটা"", ""example_sentence"": ""শিক্ষার্থীরা উদাহরণে প্রকল্প চলাকালে চালিয়ে যাওয়া; ঘটা অনুশীলন করে।""}, {""phrase"": ""দেরি না করে চালিয়ে যাওয়া; ঘটা"", ""example_sentence"": ""শিক্ষার্থীরা উদাহরণে দেরি না করে চালিয়ে যাওয়া; ঘটা অনুশীলন করে।""}]",continue; happen; proceed; carry on,stop; end; cease; not happen,A2,"05 - Time, Scheduling & Process","Despite the rain, Maya decided to go on with football practice.","বৃষ্টি সত্ত্বেও, মায়া ফুটবল অনুশীলন চালিয়ে যাওয়া বা ঘটা করার সিদ্ধান্ত নিয়েছিল।","outdoor football field in light rain, coach and players continuing practice. Realistic contemporary setting, natural lighting, clear facial expressions, accurate everyday details, documentary photography style.","[""Please go on with your reading."", ""The workers go on after the short break."", ""Ivy had to go on despite the noise.""]"
Phrasal Verb,go out,/ɡoʊ aʊt/,GOH out,গো আউট,To leave; to stop burning; to socialize,চলে যাওয়া; বন্ধ করা জ্বলা; মেলামেশা করা,"[{""phrase"": ""go out on time"", ""example_sentence"": ""The team tried to go out on time so the schedule stayed clear.""}, {""phrase"": ""go out during the project"", ""example_sentence"": ""Things may go out during the project when the workload increases.""}, {""phrase"": ""go out without delay"", ""example_sentence"": ""Everyone was ready to go out without delay after the announcement.""}]","[{""phrase"": ""সময়মতো বন্ধ করা জ্বলা"", ""example_sentence"": ""শিক্ষার্থীরা উদাহরণে সময়মতো বন্ধ করা জ্বলা অনুশীলন করে।""}, {""phrase"": ""প্রকল্প চলাকালে বন্ধ করা জ্বলা"", ""example_sentence"": ""শিক্ষার্থীরা উদাহরণে প্রকল্প চলাকালে বন্ধ করা জ্বলা অনুশীলন করে।""}, {""phrase"": ""দেরি না করে বন্ধ করা জ্বলা"", ""example_sentence"": ""শিক্ষার্থীরা উদাহরণে দেরি না করে বন্ধ করা জ্বলা অনুশীলন করে।""}]",leave; socialize; stop burning,stay in; return; burn; avoid socializing,A2,"10 - Money, Business, Technology & Movement","At work, David had to go out.","কর্মক্ষেত্রে, ডেভিডকে চলে যাওয়া বা বন্ধ করা জ্বলা বা মেলামেশা করা প্রয়োজন হয়েছিল।","realistic workplace scene matching the sentence, detailed environment and natural light. Realistic contemporary setting, natural lighting, clear facial expressions, accurate everyday details, documentary photography style.","[""Ivy had to go out before lunch."", ""We decided to go out during the meeting."", ""They want to go out this week.""]"
Phrasal Verb,go up,/ɡoʊ ʌp/,GOH up,গো আপ,To increase; to be constructed,বৃদ্ধি পাওয়া; হওয়া নির্মিত,"[{""phrase"": ""go up on time"", ""example_sentence"": ""The team tried to go up on time so the schedule stayed clear.""}, {""phrase"": ""go up during the project"", ""example_sentence"": ""Things may go up during the project when the workload increases.""}, {""phrase"": ""go up without delay"", ""example_sentence"": ""Everyone was ready to go up without delay after the announcement.""}]","[{""phrase"": ""সময়মতো হওয়া নির্মিত"", ""example_sentence"": ""শিক্ষার্থীরা উদাহরণে সময়মতো হওয়া নির্মিত অনুশীলন করে।""}, {""phrase"": ""প্রকল্প চলাকালে হওয়া নির্মিত"", ""example_sentence"": ""শিক্ষার্থীরা উদাহরণে প্রকল্প চলাকালে হওয়া নির্মিত অনুশীলন করে।""}, {""phrase"": ""দেরি না করে হওয়া নির্মিত"", ""example_sentence"": ""শিক্ষার্থীরা উদাহরণে দেরি না করে হওয়া নির্মিত অনুশীলন করে।""}]",increase; rise; climb; be built,go down; decrease; fall,A2,"08 - Change, Growth, Rules & Control","During the day, Ivy had to go up.","দিনের মধ্যে, আইভিকে বৃদ্ধি পাওয়া বা হওয়া নির্মিত প্রয়োজন হয়েছিল।","realistic daily-life scene matching the sentence, natural lighting, candid photography. Realistic contemporary setting, natural lighting, clear facial expressions, accurate everyday details, documentary photography style.","[""Ryan had to go up before lunch."", ""We decided to go up during the meeting."", ""They want to go up this week.""]"
Phrasal Verb,grow up,/ɡroʊ ʌp/,GROH up,গ্রো আপ,To mature; to develop into an adult,পরিণত হওয়া; বিকশিত করা তে প্রাপ্তবয়স্ক,"[{""phrase"": ""grow up on time"", ""example_sentence"": ""The team tried to grow up on time so the schedule stayed clear.""}, {""phrase"": ""grow up during the project"", ""example_sentence"": ""Things may grow up during the project when the workload increases.""}, {""phrase"": ""grow up without delay"", ""example_sentence"": ""Everyone was ready to grow up without delay after the announcement.""}]","[{""phrase"": ""সময়মতো পরিণত হওয়া"", ""example_sentence"": ""শিক্ষার্থীরা উদাহরণে সময়মতো পরিণত হওয়া অনুশীলন করে।""}, {""phrase"": ""প্রকল্প চলাকালে পরিণত হওয়া"", ""example_sentence"": ""শিক্ষার্থীরা উদাহরণে প্রকল্প চলাকালে পরিণত হওয়া অনুশীলন করে।""}, {""phrase"": ""দেরি না করে পরিণত হওয়া"", ""example_sentence"": ""শিক্ষার্থীরা উদাহরণে দেরি না করে পরিণত হওয়া অনুশীলন করে।""}]",mature; develop; become an adult,remain childish; regress; stay immature,A2,"08 - Change, Growth, Rules & Control","After school, Ryan had to grow up.","স্কুলের পর, রায়ানকে পরিণত হওয়া বা বিকশিত করা তে প্রাপ্তবয়স্ক প্রয়োজন হয়েছিল।","realistic school scene matching the sentence, clear action and natural colors. Realistic contemporary setting, natural lighting, clear facial expressions, accurate everyday details, documentary photography style.","[""Julia had to grow up before lunch."", ""We decided to grow up during the meeting."", ""They want to grow up this week.""]"
Phrasal Verb,hang on,/hæŋ ɑn/,HANG on,হ্যাং অন,To wait; to hold tightly,অপেক্ষা করা; শক্ত করে ধরা,"[{""phrase"": ""hang on on time"", ""example_sentence"": ""The team tried to hang on on time so the schedule stayed clear.""}, {""phrase"": ""hang on during the project"", ""example_sentence"": ""Things may hang on during the project when the workload increases.""}, {""phrase"": ""hang on without delay"", ""example_sentence"": ""Everyone was ready to hang on without delay after the announcement.""}]","[{""phrase"": ""সময়মতো অপেক্ষা করা"", ""example_sentence"": ""শিক্ষার্থীরা উদাহরণে সময়মতো অপেক্ষা করা অনুশীলন করে।""}, {""phrase"": ""প্রকল্প চলাকালে অপেক্ষা করা"", ""example_sentence"": ""শিক্ষার্থীরা উদাহরণে প্রকল্প চলাকালে অপেক্ষা করা অনুশীলন করে।""}, {""phrase"": ""দেরি না করে অপেক্ষা করা"", ""example_sentence"": ""শিক্ষার্থীরা উদাহরণে দেরি না করে অপেক্ষা করা অনুশীলন করে।""}]",wait; hold on; grip tightly,let go; hang up; proceed,A2,"05 - Time, Scheduling & Process","When the website froze, Julia told the customer to hang on for one more minute.",ব্যক্তিটি অপেক্ষা করা বা শক্ত করে ধরা করেছিল।,"Office support worker on a phone call asking a customer to wait while checking a computer screen, realistic service desk scene.","[""Hang on while I find the right file."", ""Please hang on until the doctor is ready."", ""She told us to hang on and stay calm.""]"
Phrasal Verb,hang up,/hæŋ ʌp/,HANG up,হ্যাং আপ,To end a phone call; to put clothes on a hook,ফোন কল শেষ করা; রাখা কাপড় উপর হুক,"[{""phrase"": ""hang up the phone"", ""example_sentence"": ""You can hang up the phone in everyday situations.""}, {""phrase"": ""hang up your coat"", ""example_sentence"": ""Workers often hang up your coat during a busy day.""}, {""phrase"": ""hang up the picture"", ""example_sentence"": ""Students should learn to hang up the picture when it is useful.""}]","[{""phrase"": ""phone ফোন কল শেষ করা"", ""example_sentence"": ""শিক্ষার্থীরা উদাহরণে phone ফোন কল শেষ করা অনুশীলন করে।""}, {""phrase"": ""আপনার coat ফোন কল শেষ করা"", ""example_sentence"": ""শিক্ষার্থীরা উদাহরণে আপনার coat ফোন কল শেষ করা অনুশীলন করে।""}, {""phrase"": ""picture ফোন কল শেষ করা"", ""example_sentence"": ""শিক্ষার্থীরা উদাহরণে picture ফোন কল শেষ করা অনুশীলন করে।""}]",end a call; put on a hook,call back; stay on the line; take down,A2,01 - Communication & Discussion,"During the day, Sam had to hang up.","দিনের মধ্যে, স্যামকে ফোন কল শেষ করা বা রাখা কাপড় উপর হুক প্রয়োজন হয়েছিল।","realistic daily-life scene matching the sentence, natural lighting, candid photography. Realistic contemporary setting, natural lighting, clear facial expressions, accurate everyday details, documentary photography style.","[""Ella had to hang up before lunch."", ""We decided to hang up during the meeting."", ""They want to hang up this week.""]"
Phrasal Verb,hold back,/hoʊld bæk/,HOHLD BACK,হোল্ড ব্যাক,To restrain; to prevent from progressing,সংযত করা; ঠেকানো থেকে অগ্রগতি হওয়া,"[{""phrase"": ""hold back tears"", ""example_sentence"": ""You can hold back tears in everyday situations.""}, {""phrase"": ""hold back information"", ""example_sentence"": ""Workers often hold back information during a busy day.""}, {""phrase"": ""hold back progress"", ""example_sentence"": ""Students should learn to hold back progress when it is useful.""}]","[{""phrase"": ""tears সংযত করা"", ""example_sentence"": ""শিক্ষার্থীরা উদাহরণে tears সংযত করা অনুশীলন করে।""}, {""phrase"": ""তথ্য সংযত করা"", ""example_sentence"": ""শিক্ষার্থীরা উদাহরণে তথ্য সংযত করা অনুশীলন করে।""}, {""phrase"": ""অগ্রগতি সংযত করা"", ""example_sentence"": ""শিক্ষার্থীরা উদাহরণে অগ্রগতি সংযত করা অনুশীলন করে।""}]",restrain; prevent progress; withhold,release; encourage; let forward,A2,"07 - Problems, Difficulty & Risk","After school, Ella had to hold back.","স্কুলের পর, এলাকে সংযত করা বা ঠেকানো থেকে অগ্রগতি হওয়া প্রয়োজন হয়েছিল।","realistic school scene matching the sentence, clear action and natural colors. Realistic contemporary setting, natural lighting, clear facial expressions, accurate everyday details, documentary photography style.","[""Jonah had to hold back before lunch."", ""We decided to hold back during the meeting."", ""They want to hold back this week.""]"
Phrasal Verb,hold off,/hoʊld ɔf/,HOHLD AWF,হোল্ড অফ,To delay; to resist,বিলম্ব করা; প্রতিরোধ করা,"[{""phrase"": ""hold off on time"", ""example_sentence"": ""The team tried to hold off on time so the schedule stayed clear.""}, {""phrase"": ""hold off during the project"", ""example_sentence"": ""Things may hold off during the project when the workload increases.""}, {""phrase"": ""hold off without delay"", ""example_sentence"": ""Everyone was ready to hold off without delay after the announcement.""}]","[{""phrase"": ""সময়মতো বিলম্ব করা"", ""example_sentence"": ""শিক্ষার্থীরা উদাহরণে সময়মতো বিলম্ব করা অনুশীলন করে।""}, {""phrase"": ""প্রকল্প চলাকালে বিলম্ব করা"", ""example_sentence"": ""শিক্ষার্থীরা উদাহরণে প্রকল্প চলাকালে বিলম্ব করা অনুশীলন করে।""}, {""phrase"": ""দেরি না করে বিলম্ব করা"", ""example_sentence"": ""শিক্ষার্থীরা উদাহরণে দেরি না করে বিলম্ব করা অনুশীলন করে।""}]",delay; postpone; resist,proceed; start; give in,A2,"05 - Time, Scheduling & Process","When the manager was away, Jonah decided to hold off the meeting for one more day.","ম্যানেজার না থাকলে, জোনাহ মিটিংটি জন্য আরও এক দিন বিলম্ব করা বা প্রতিরোধ করার সিদ্ধান্ত নিয়েছিল।","empty meeting room with a rescheduled date on a wall calendar. Realistic contemporary setting, natural lighting, clear facial expressions, accurate everyday details, documentary photography style.","[""We had to hold off the match because of the rain."", ""Leila will hold off the meeting until Tuesday."", ""They chose to hold off the trip for one week.""]"
Phrasal Verb,hold out,/hoʊld aʊt/,HOHLD out,হোল্ড আউট,To resist; to last or endure,প্রতিরোধ করা; টিকে থাকা বা সহ্য করা,"[{""phrase"": ""hold out on time"", ""example_sentence"": ""The team tried to hold out on time so the schedule stayed clear.""}, {""phrase"": ""hold out during the project"", ""example_sentence"": ""Things may hold out during the project when the workload increases.""}, {""phrase"": ""hold out without delay"", ""example_sentence"": ""Everyone was ready to hold out without delay after the announcement.""}]","[{""phrase"": ""সময়মতো প্রতিরোধ করা"", ""example_sentence"": ""শিক্ষার্থীরা উদাহরণে সময়মতো প্রতিরোধ করা অনুশীলন করে।""}, {""phrase"": ""প্রকল্প চলাকালে প্রতিরোধ করা"", ""example_sentence"": ""শিক্ষার্থীরা উদাহরণে প্রকল্প চলাকালে প্রতিরোধ করা অনুশীলন করে।""}, {""phrase"": ""দেরি না করে প্রতিরোধ করা"", ""example_sentence"": ""শিক্ষার্থীরা উদাহরণে দেরি না করে প্রতিরোধ করা অনুশীলন করে।""}]",resist; endure; last,give in; collapse; run out,A2,"07 - Problems, Difficulty & Risk","During the day, Leila had to hold out.","দিনের মধ্যে, লেইলাকে প্রতিরোধ করা বা টিকে থাকা বা সহ্য করা প্রয়োজন হয়েছিল।","realistic daily-life scene matching the sentence, natural lighting, candid photography. Realistic contemporary setting, natural lighting, clear facial expressions, accurate everyday details, documentary photography style.","[""Victor had to hold out before lunch."", ""We decided to hold out during the meeting."", ""They want to hold out this week.""]"
Phrasal Verb,hold up,/hoʊld ʌp/,HOHLD up,হোল্ড আপ,To delay; to rob; to remain strong,বিলম্ব করা; ডাকাতি করা; শক্ত থাকা,"[{""phrase"": ""hold up traffic"", ""example_sentence"": ""You can hold up traffic in everyday situations.""}, {""phrase"": ""hold up the line"", ""example_sentence"": ""Workers often hold up the line during a busy day.""}, {""phrase"": ""hold up under pressure"", ""example_sentence"": ""Students should learn to hold up under pressure when it is useful.""}]","[{""phrase"": ""traffic বিলম্ব করা"", ""example_sentence"": ""শিক্ষার্থীরা উদাহরণে traffic বিলম্ব করা অনুশীলন করে।""}, {""phrase"": ""line বিলম্ব করা"", ""example_sentence"": ""শিক্ষার্থীরা উদাহরণে line বিলম্ব করা অনুশীলন করে।""}, {""phrase"": ""under pressure বিলম্ব করা"", ""example_sentence"": ""শিক্ষার্থীরা উদাহরণে under pressure বিলম্ব করা অনুশীলন করে।""}]",delay; remain strong; support; rob,speed up; collapse; fail,A2,"05 - Time, Scheduling & Process","After the train strike, Victor decided to hold up the trip until next weekend.","ট্রেন ধর্মঘটের পর, ভিক্টর ভ্রমণটি আগামী সপ্তাহান্ত পর্যন্ত বিলম্ব করা বা ডাকাতি করা বা শক্ত থাকার সিদ্ধান্ত নিয়েছিল।","travelers at a station looking at delayed schedule board and adjusting plans. Realistic contemporary setting, natural lighting, clear facial expressions, accurate everyday details, documentary photography style.","[""We had to hold up the match because of the rain."", ""Hana will hold up the meeting until Tuesday."", ""They chose to hold up the trip for one week.""]"
Phrasal Verb,keep away from,/kip əweɪ frʌm/,KEEP OOHWAY from,কিপ আওয়েই ফ্রম,To avoid or stay at a distance,এড়িয়ে চলা বা দূরে থাকা,"[{""phrase"": ""keep away from danger"", ""example_sentence"": ""You can keep away from danger in everyday situations.""}, {""phrase"": ""keep away from junk food"", ""example_sentence"": ""Workers often keep away from junk food during a busy day.""}, {""phrase"": ""keep away from negative people"", ""example_sentence"": ""Students should learn to keep away from negative people when it is useful.""}]","[{""phrase"": ""danger দূরে থাকা"", ""example_sentence"": ""শিক্ষার্থীরা উদাহরণে danger দূরে থাকা অনুশীলন করে।""}, {""phrase"": ""জাঙ্ক ফুড দূরে থাকা"", ""example_sentence"": ""শিক্ষার্থীরা উদাহরণে জাঙ্ক ফুড দূরে থাকা অনুশীলন করে।""}, {""phrase"": ""negative মানুষ দূরে থাকা"", ""example_sentence"": ""শিক্ষার্থীরা উদাহরণে negative মানুষ দূরে থাকা অনুশীলন করে।""}]",avoid; stay away from; steer clear of,approach; face; go near,B1,"08 - Change, Growth, Rules & Control","At work, Hana had to keep away from.","কর্মক্ষেত্রে, হানাকে এড়িয়ে চলা বা দূরে থাকা প্রয়োজন হয়েছিল।","realistic workplace scene matching the sentence, detailed environment and natural light. Realistic contemporary setting, natural lighting, clear facial expressions, accurate everyday details, documentary photography style.","[""Mason had to keep away from before lunch."", ""We decided to keep away from during the meeting."", ""They want to keep away from this week.""]"
Phrasal Verb,keep in mind,/kip ɪn maɪnd/,KEEP een MYND,কিপ ইন মাইন্ড,To remember or consider something,কোনো কিছু মনে রাখা বা বিবেচনা করা,"[{""phrase"": ""keep in mind the deadline"", ""example_sentence"": ""You can keep in mind the deadline in everyday situations.""}, {""phrase"": ""keep in mind the cost"", ""example_sentence"": ""Workers often keep in mind the cost during a busy day.""}, {""phrase"": ""keep in mind your goals"", ""example_sentence"": ""Students should learn to keep in mind your goals when it is useful.""}]","[{""phrase"": ""সময়সীমাটি বিবেচনা করা"", ""example_sentence"": ""শিক্ষার্থীরা উদাহরণে সময়সীমাটি বিবেচনা করা অনুশীলন করে।""}, {""phrase"": ""খরচটি বিবেচনা করা"", ""example_sentence"": ""শিক্ষার্থীরা উদাহরণে খরচটি বিবেচনা করা অনুশীলন করে।""}, {""phrase"": ""আপনার লক্ষ্যগুলো বিবেচনা করা"", ""example_sentence"": ""শিক্ষার্থীরা উদাহরণে আপনার লক্ষ্যগুলো বিবেচনা করা অনুশীলন করে।""}]",remember; bear in mind; consider,forget; ignore; overlook,B1,"02 - Thinking, Learning & Understanding","During the day, Mason had to keep in mind.","দিনের মধ্যে, মেসনকে কোনো কিছু মনে রাখা বা বিবেচনা করা প্রয়োজন হয়েছিল।","realistic daily-life scene matching the sentence, natural lighting, candid photography. Realistic contemporary setting, natural lighting, clear facial expressions, accurate everyday details, documentary photography style.","[""Nina had to keep in mind before lunch."", ""We decided to keep in mind during the meeting."", ""They want to keep in mind this week.""]"
Phrasal Verb,keep on,/kip ɑn/,KEEP on,কিপ অন,To continue doing something persistently,অবিরত কোনো কাজ চালিয়ে যাওয়া,"[{""phrase"": ""keep on on time"", ""example_sentence"": ""The team tried to keep on on time so the schedule stayed clear.""}, {""phrase"": ""keep on during the project"", ""example_sentence"": ""Things may keep on during the project when the workload increases.""}, {""phrase"": ""keep on without delay"", ""example_sentence"": ""Everyone was ready to keep on without delay after the announcement.""}]","[{""phrase"": ""সময়মতো অবিরত কোনো কাজ চালিয়ে যাওয়া"", ""example_sentence"": ""শিক্ষার্থীরা উদাহরণে সময়মতো অবিরত কোনো কাজ চালিয়ে যাওয়া অনুশীলন করে।""}, {""phrase"": ""প্রকল্প চলাকালে অবিরত কোনো কাজ চালিয়ে যাওয়া"", ""example_sentence"": ""শিক্ষার্থীরা উদাহরণে প্রকল্প চলাকালে অবিরত কোনো কাজ চালিয়ে যাওয়া অনুশীলন করে।""}, {""phrase"": ""দেরি না করে অবিরত কোনো কাজ চালিয়ে যাওয়া"", ""example_sentence"": ""শিক্ষার্থীরা উদাহরণে দেরি না করে অবিরত কোনো কাজ চালিয়ে যাওয়া অনুশীলন করে।""}]",continue; persist; carry on,stop; quit; give up,A2,"05 - Time, Scheduling & Process","Despite the rain, Nina decided to keep on with football practice.","বৃষ্টি সত্ত্বেও, নিনা অবিরত ফুটবল অনুশীলন চালিয়ে যাওয়ার সিদ্ধান্ত নিয়েছিল।","outdoor football field in light rain, coach and players continuing practice. Realistic contemporary setting, natural lighting, clear facial expressions, accurate everyday details, documentary photography style.","[""Please keep on with your reading."", ""The workers keep on after the short break."", ""Emma had to keep on despite the noise.""]"
Phrasal Verb,keep out,/kip aʊt/,KEEP out,কিপ আউট,To prevent from entering,প্রবেশ করতে বাধা দেওয়া,"[{""phrase"": ""keep out intruders"", ""example_sentence"": ""You can keep out intruders in everyday situations.""}, {""phrase"": ""keep out cold air"", ""example_sentence"": ""Workers often keep out cold air during a busy day.""}, {""phrase"": ""keep out unwanted visitors"", ""example_sentence"": ""Students should learn to keep out unwanted visitors when it is useful.""}]","[{""phrase"": ""intruders প্রবেশ করতে বাধা দেওয়া"", ""example_sentence"": ""শিক্ষার্থীরা উদাহরণে intruders প্রবেশ করতে বাধা দেওয়া অনুশীলন করে।""}, {""phrase"": ""cold air প্রবেশ করতে বাধা দেওয়া"", ""example_sentence"": ""শিক্ষার্থীরা উদাহরণে cold air প্রবেশ করতে বাধা দেওয়া অনুশীলন করে।""}, {""phrase"": ""unwanted visitors প্রবেশ করতে বাধা দেওয়া"", ""example_sentence"": ""শিক্ষার্থীরা উদাহরণে unwanted visitors প্রবেশ করতে বাধা দেওয়া অনুশীলন করে।""}]",exclude; block entry; prevent entering,let in; include; allow,A2,"08 - Change, Growth, Rules & Control","At work, Adam had to keep out.","কর্মক্ষেত্রে, আদমকে প্রবেশ করতে বাধা দেওয়া প্রয়োজন হয়েছিল।","realistic workplace scene matching the sentence, detailed environment and natural light. Realistic contemporary setting, natural lighting, clear facial expressions, accurate everyday details, documentary photography style.","[""Emma had to keep out before lunch."", ""We decided to keep out during the meeting."", ""They want to keep out this week.""]"
Phrasal Verb,keep to,/kip tu/,KEEP too,কিপ টু,To adhere to a plan or schedule,পরিকল্পনা বা সময়সূচি মেনে চলা,"[{""phrase"": ""keep to the schedule"", ""example_sentence"": ""You can keep to the schedule in everyday situations.""}, {""phrase"": ""keep to the rules"", ""example_sentence"": ""Workers often keep to the rules during a busy day.""}, {""phrase"": ""keep to the plan"", ""example_sentence"": ""Students should learn to keep to the plan when it is useful.""}]","[{""phrase"": ""সময়সূচিটি পরিকল্পনা বা সময়সূচি মেনে চলা"", ""example_sentence"": ""শিক্ষার্থীরা উদাহরণে সময়সূচিটি পরিকল্পনা বা সময়সূচি মেনে চলা অনুশীলন করে।""}, {""phrase"": ""নিয়মগুলো পরিকল্পনা বা সময়সূচি মেনে চলা"", ""example_sentence"": ""শিক্ষার্থীরা উদাহরণে নিয়মগুলো পরিকল্পনা বা সময়সূচি মেনে চলা অনুশীলন করে।""}, {""phrase"": ""পরিকল্পনাটি পরিকল্পনা বা সময়সূচি মেনে চলা"", ""example_sentence"": ""শিক্ষার্থীরা উদাহরণে পরিকল্পনাটি পরিকল্পনা বা সময়সূচি মেনে চলা অনুশীলন করে।""}]",follow; adhere to; stick to,break; ignore; depart from,A2,"08 - Change, Growth, Rules & Control","During the day, Emma had to keep to.","দিনের মধ্যে, এমাকে পরিকল্পনা বা সময়সূচি মেনে চলা প্রয়োজন হয়েছিল।","realistic daily-life scene matching the sentence, natural lighting, candid photography. Realistic contemporary setting, natural lighting, clear facial expressions, accurate everyday details, documentary photography style.","[""Noah had to keep to before lunch."", ""We decided to keep to during the meeting."", ""They want to keep to this week.""]"
Phrasal Verb,knock off,/nɑk ɔf/,NAHK AWF,নাক অফ,To stop working; to reduce a price,বন্ধ করা কাজ করা; কমানো,"[{""phrase"": ""knock off work early"", ""example_sentence"": ""You can knock off work early in everyday situations.""}, {""phrase"": ""knock off ten dollars"", ""example_sentence"": ""Workers often knock off ten dollars during a busy day.""}, {""phrase"": ""knock off a quick task"", ""example_sentence"": ""Students should learn to knock off a quick task when it is useful.""}]","[{""phrase"": ""আগে কাজ বন্ধ করা কাজ করা"", ""example_sentence"": ""শিক্ষার্থীরা উদাহরণে আগে কাজ বন্ধ করা কাজ করা অনুশীলন করে।""}, {""phrase"": ""ten dollars বন্ধ করা কাজ করা"", ""example_sentence"": ""শিক্ষার্থীরা উদাহরণে ten dollars বন্ধ করা কাজ করা অনুশীলন করে।""}, {""phrase"": ""একটি quick কাজ বন্ধ করা কাজ করা"", ""example_sentence"": ""শিক্ষার্থীরা উদাহরণে একটি quick কাজ বন্ধ করা কাজ করা অনুশীলন করে।""}]",stop working; finish; reduce a price,continue working; start; raise the price,A2,"04 - Work, Responsibility & Productivity","For the environment, Noah decided to knock off plastic use in the office.","পরিবেশের জন্য, নোয়া অফিসে প্লাস্টিকের ব্যবহার বন্ধ করা কাজ করা বা কমানো করার সিদ্ধান্ত নিয়েছিল।","office kitchen with reusable bottles and containers replacing plastic items. Realistic contemporary setting, natural lighting, clear facial expressions, accurate everyday details, documentary photography style.","[""The family wants to knock off on waste this month."", ""Daniel decided to knock off after looking at the bill."", ""We need to knock off before the exam week.""]"
Phrasal Verb,lay out,/leɪ aʊt/,LAY out,লেই আউট,To arrange or present clearly; to spend money,স্পষ্টভাবে সাজানো বা উপস্থাপন করা; খরচ করা টাকা,"[{""phrase"": ""lay out the plan"", ""example_sentence"": ""You can lay out the plan in everyday situations.""}, {""phrase"": ""lay out the rules"", ""example_sentence"": ""Workers often lay out the rules during a busy day.""}, {""phrase"": ""lay out the options"", ""example_sentence"": ""Students should learn to lay out the options when it is useful.""}]","[{""phrase"": ""পরিকল্পনাটি উপস্থাপন করা"", ""example_sentence"": ""শিক্ষার্থীরা উদাহরণে পরিকল্পনাটি উপস্থাপন করা অনুশীলন করে।""}, {""phrase"": ""নিয়মগুলো উপস্থাপন করা"", ""example_sentence"": ""শিক্ষার্থীরা উদাহরণে নিয়মগুলো উপস্থাপন করা অনুশীলন করে।""}, {""phrase"": ""বিকল্পগুলো উপস্থাপন করা"", ""example_sentence"": ""শিক্ষার্থীরা উদাহরণে বিকল্পগুলো উপস্থাপন করা অনুশীলন করে।""}]",arrange clearly; present; spread out; spend money,hide; confuse; gather up; save money,A2,01 - Communication & Discussion,"In the hall, Mia decided to lay out the chairs in a straight line.","হলে, মিয়া চেয়ারগুলো সোজা লাইনে স্পষ্টভাবে সাজানো বা উপস্থাপন করা বা খরচ করা টাকা করার সিদ্ধান্ত নিয়েছিল।","community hall with chairs being arranged neatly before an event. Realistic contemporary setting, natural lighting, clear facial expressions, accurate everyday details, documentary photography style.","[""Daniel helped to lay out the chairs before class."", ""We should lay out the ideas more clearly."", ""The manager asked them to lay out the files on the desk.""]"
Phrasal Verb,lead to,/lɛd tu/,LED too,লেড টু,To result in or cause something,কোনো কিছুর ফল হওয়া বা ঘটানো,"[{""phrase"": ""lead to better results"", ""example_sentence"": ""You can lead to better results in everyday situations.""}, {""phrase"": ""lead to new problems"", ""example_sentence"": ""Workers often lead to new problems during a busy day.""}, {""phrase"": ""lead to higher sales"", ""example_sentence"": ""Students should learn to lead to higher sales when it is useful.""}]","[{""phrase"": ""better ফলাফল কিছুর ফল হওয়া"", ""example_sentence"": ""শিক্ষার্থীরা উদাহরণে better ফলাফল কিছুর ফল হওয়া অনুশীলন করে।""}, {""phrase"": ""নতুন problems কিছুর ফল হওয়া"", ""example_sentence"": ""শিক্ষার্থীরা উদাহরণে নতুন problems কিছুর ফল হওয়া অনুশীলন করে।""}, {""phrase"": ""higher বিক্রি কিছুর ফল হওয়া"", ""example_sentence"": ""শিক্ষার্থীরা উদাহরণে higher বিক্রি কিছুর ফল হওয়া অনুশীলন করে।""}]",result in; cause; bring about,prevent; stop; avoid causing,A2,"06 - Progress, Success & Results","During the day, Daniel had to lead to.","দিনের মধ্যে, ড্যানিয়েলকে কোনো কিছুর ফল হওয়া বা ঘটানো প্রয়োজন হয়েছিল।","realistic daily-life scene matching the sentence, natural lighting, candid photography. Realistic contemporary setting, natural lighting, clear facial expressions, accurate everyday details, documentary photography style.","[""Aisha had to lead to before lunch."", ""We decided to lead to during the meeting."", ""They want to lead to this week.""]"
Phrasal Verb,let down,/lɛt daʊn/,LET DOWN,লেট ডাউন,To disappoint someone,কাউকে হতাশ করা,"[{""phrase"": ""let down a friend"", ""example_sentence"": ""You can let down a friend in everyday situations.""}, {""phrase"": ""let down the team"", ""example_sentence"": ""Workers often let down the team during a busy day.""}, {""phrase"": ""let down your family"", ""example_sentence"": ""Students should learn to let down your family when it is useful.""}]","[{""phrase"": ""একজন বন্ধু কাউকে হতাশ করা"", ""example_sentence"": ""শিক্ষার্থীরা উদাহরণে একজন বন্ধু কাউকে হতাশ করা অনুশীলন করে।""}, {""phrase"": ""দলটি কাউকে হতাশ করা"", ""example_sentence"": ""শিক্ষার্থীরা উদাহরণে দলটি কাউকে হতাশ করা অনুশীলন করে।""}, {""phrase"": ""আপনার family কাউকে হতাশ করা"", ""example_sentence"": ""শিক্ষার্থীরা উদাহরণে আপনার family কাউকে হতাশ করা অনুশীলন করে।""}]",disappoint; fail someone,support; satisfy; encourage,A2,"09 - Relationships, Feelings & Daily Life","After school, Aisha had to let down.","স্কুলের পর, আইশাকে কাউকে হতাশ করা প্রয়োজন হয়েছিল।","realistic school scene matching the sentence, clear action and natural colors. Realistic contemporary setting, natural lighting, clear facial expressions, accurate everyday details, documentary photography style.","[""Lucas had to let down before lunch."", ""We decided to let down during the meeting."", ""They want to let down this week.""]"
Phrasal Verb,let go of,/lɛt ɡoʊ ʌv/,LET GOH uv,লেট গো আভ,To release; to stop holding onto something emotionally,মুক্ত করা; বন্ধ করা আবেগগতভাবে আঁকড়ে ধরা,"[{""phrase"": ""let go of the past"", ""example_sentence"": ""You can let go of the past in everyday situations.""}, {""phrase"": ""let go of the rope"", ""example_sentence"": ""Workers often let go of the rope during a busy day.""}, {""phrase"": ""let go of old habits"", ""example_sentence"": ""Students should learn to let go of old habits when it is useful.""}]","[{""phrase"": ""past মুক্ত করা"", ""example_sentence"": ""শিক্ষার্থীরা উদাহরণে past মুক্ত করা অনুশীলন করে।""}, {""phrase"": ""rope মুক্ত করা"", ""example_sentence"": ""শিক্ষার্থীরা উদাহরণে rope মুক্ত করা অনুশীলন করে।""}, {""phrase"": ""পুরোনো অভ্যাস মুক্ত করা"", ""example_sentence"": ""শিক্ষার্থীরা উদাহরণে পুরোনো অভ্যাস মুক্ত করা অনুশীলন করে।""}]",release; stop holding; stop clinging to,hold; keep; cling to,B1,"09 - Relationships, Feelings & Daily Life","At work, Lucas had to let go of.","কর্মক্ষেত্রে, লুকাসকে মুক্ত করা বা বন্ধ করা আবেগগতভাবে আঁকড়ে ধরা প্রয়োজন হয়েছিল।","realistic workplace scene matching the sentence, detailed environment and natural light. Realistic contemporary setting, natural lighting, clear facial expressions, accurate everyday details, documentary photography style.","[""Sofia had to let go of before lunch."", ""We decided to let go of during the meeting."", ""They want to let go of this week.""]"
Phrasal Verb,let in,/lɛt ɪn/,LET een,লেট ইন,To allow someone to enter,কাউকে প্রবেশ করতে দেওয়া,"[{""phrase"": ""let in fresh air"", ""example_sentence"": ""You can let in fresh air in everyday situations.""}, {""phrase"": ""let in a visitor"", ""example_sentence"": ""Workers often let in a visitor during a busy day.""}, {""phrase"": ""let in more light"", ""example_sentence"": ""Students should learn to let in more light when it is useful.""}]","[{""phrase"": ""fresh air কাউকে প্রবেশ করতে দেওয়া"", ""example_sentence"": ""শিক্ষার্থীরা উদাহরণে fresh air কাউকে প্রবেশ করতে দেওয়া অনুশীলন করে।""}, {""phrase"": ""একটি visitor কাউকে প্রবেশ করতে দেওয়া"", ""example_sentence"": ""শিক্ষার্থীরা উদাহরণে একটি visitor কাউকে প্রবেশ করতে দেওয়া অনুশীলন করে।""}, {""phrase"": ""more light কাউকে প্রবেশ করতে দেওয়া"", ""example_sentence"": ""শিক্ষার্থীরা উদাহরণে more light কাউকে প্রবেশ করতে দেওয়া অনুশীলন করে।""}]",allow in; admit; permit entry,keep out; block; exclude,A2,"08 - Change, Growth, Rules & Control","During the day, Sofia had to let in.","দিনের মধ্যে, সোফিয়াকে কাউকে প্রবেশ করতে দেওয়া প্রয়োজন হয়েছিল।","realistic daily-life scene matching the sentence, natural lighting, candid photography. Realistic contemporary setting, natural lighting, clear facial expressions, accurate everyday details, documentary photography style.","[""Ethan had to let in before lunch."", ""We decided to let in during the meeting."", ""They want to let in this week.""]"
Phrasal Verb,let know,/lɛt noʊ/,LET NOH,লেট নো,To inform someone,কাউকে জানানো,"[{""phrase"": ""let know the manager"", ""example_sentence"": ""You can let know the manager in everyday situations.""}, {""phrase"": ""let know your teacher"", ""example_sentence"": ""Workers often let know your teacher during a busy day.""}, {""phrase"": ""let know the team"", ""example_sentence"": ""Students should learn to let know the team when it is useful.""}]","[{""phrase"": ""manager কাউকে জানানো"", ""example_sentence"": ""শিক্ষার্থীরা উদাহরণে manager কাউকে জানানো অনুশীলন করে।""}, {""phrase"": ""আপনার teacher কাউকে জানানো"", ""example_sentence"": ""শিক্ষার্থীরা উদাহরণে আপনার teacher কাউকে জানানো অনুশীলন করে।""}, {""phrase"": ""দলটি কাউকে জানানো"", ""example_sentence"": ""শিক্ষার্থীরা উদাহরণে দলটি কাউকে জানানো অনুশীলন করে।""}]",inform; tell; notify,keep uninformed; hide; mislead,A2,01 - Communication & Discussion,"After school, Ethan had to let know.","স্কুলের পর, ইথানকে কাউকে জানানো প্রয়োজন হয়েছিল।","realistic school scene matching the sentence, clear action and natural colors. Realistic contemporary setting, natural lighting, clear facial expressions, accurate everyday details, documentary photography style.","[""Lina had to let know before lunch."", ""We decided to let know during the meeting."", ""They want to let know this week.""]"
Phrasal Verb,let out,/lɛt aʊt/,LET out,লেট আউট,To release; to make a garment larger,মুক্ত করা; করা পোশাক বড়,"[{""phrase"": ""let out a secret"", ""example_sentence"": ""You can let out a secret in everyday situations.""}, {""phrase"": ""let out a sigh"", ""example_sentence"": ""Workers often let out a sigh during a busy day.""}, {""phrase"": ""let out the dog"", ""example_sentence"": ""Students should learn to let out the dog when it is useful.""}]","[{""phrase"": ""একটি গোপন কথা মুক্ত করা"", ""example_sentence"": ""শিক্ষার্থীরা উদাহরণে একটি গোপন কথা মুক্ত করা অনুশীলন করে।""}, {""phrase"": ""একটি sigh মুক্ত করা"", ""example_sentence"": ""শিক্ষার্থীরা উদাহরণে একটি sigh মুক্ত করা অনুশীলন করে।""}, {""phrase"": ""dog মুক্ত করা"", ""example_sentence"": ""শিক্ষার্থীরা উদাহরণে dog মুক্ত করা অনুশীলন করে।""}]",release; allow out; make larger,hold in; keep; take in; tighten,A2,"09 - Relationships, Feelings & Daily Life","At work, Lina had to let out.","কর্মক্ষেত্রে, লিনাকে মুক্ত করা বা করা পোশাক বড় প্রয়োজন হয়েছিল।","realistic workplace scene matching the sentence, detailed environment and natural light. Realistic contemporary setting, natural lighting, clear facial expressions, accurate everyday details, documentary photography style.","[""Omar had to let out before lunch."", ""We decided to let out during the meeting."", ""They want to let out this week.""]"
Phrasal Verb,live up to,/laɪv ʌp tu/,LEYEV up too,লাইভ আপ টু,To meet expectations or standards,প্রত্যাশা বা মান পূরণ করা,"[{""phrase"": ""live up to expectations"", ""example_sentence"": ""You can live up to expectations in everyday situations.""}, {""phrase"": ""live up to your promise"", ""example_sentence"": ""Workers often live up to your promise during a busy day.""}, {""phrase"": ""live up to the standard"", ""example_sentence"": ""Students should learn to live up to the standard when it is useful.""}]","[{""phrase"": ""expectations মান পূরণ করা"", ""example_sentence"": ""শিক্ষার্থীরা উদাহরণে expectations মান পূরণ করা অনুশীলন করে।""}, {""phrase"": ""আপনার promise মান পূরণ করা"", ""example_sentence"": ""শিক্ষার্থীরা উদাহরণে আপনার promise মান পূরণ করা অনুশীলন করে।""}, {""phrase"": ""standard মান পূরণ করা"", ""example_sentence"": ""শিক্ষার্থীরা উদাহরণে standard মান পূরণ করা অনুশীলন করে।""}]",meet expectations; meet standards; measure up,fall short; disappoint; fail to meet standards,B1,"06 - Progress, Success & Results","During the day, Omar had to live up to.","দিনের মধ্যে, ওমরকে প্রত্যাশা বা মান পূরণ করা প্রয়োজন হয়েছিল।","realistic daily-life scene matching the sentence, natural lighting, candid photography. Realistic contemporary setting, natural lighting, clear facial expressions, accurate everyday details, documentary photography style.","[""Chloe had to live up to before lunch."", ""We decided to live up to during the meeting."", ""They want to live up to this week.""]"
Phrasal Verb,look back on,/lʊk bæk ɑn/,LOOK BACK on,লুক ব্যাক অন,To reflect on past events,অতীত ঘটনা নিয়ে ভাবা,"[{""phrase"": ""look back on your childhood"", ""example_sentence"": ""You can look back on your childhood in everyday situations.""}, {""phrase"": ""look back on the project"", ""example_sentence"": ""Workers often look back on the project during a busy day.""}, {""phrase"": ""look back on that decision"", ""example_sentence"": ""Students should learn to look back on that decision when it is useful.""}]","[{""phrase"": ""আপনার childhood অতীত ঘটনা নিয়ে ভাবা"", ""example_sentence"": ""শিক্ষার্থীরা উদাহরণে আপনার childhood অতীত ঘটনা নিয়ে ভাবা অনুশীলন করে।""}, {""phrase"": ""প্রকল্পটি অতীত ঘটনা নিয়ে ভাবা"", ""example_sentence"": ""শিক্ষার্থীরা উদাহরণে প্রকল্পটি অতীত ঘটনা নিয়ে ভাবা অনুশীলন করে।""}, {""phrase"": ""that সিদ্ধান্ত অতীত ঘটনা নিয়ে ভাবা"", ""example_sentence"": ""শিক্ষার্থীরা উদাহরণে that সিদ্ধান্ত অতীত ঘটনা নিয়ে ভাবা অনুশীলন করে।""}]",remember; reflect on; think about the past,forget; ignore the past; look ahead,B1,"02 - Thinking, Learning & Understanding","Years later, Chloe still looks back on her first job with pride.","বছর পরে, ক্লোই অতীত ঘটনা নিয়ে ভাবা করেছিল।","Adult looking through an old work photo album at home, warm evening light, thoughtful expression, realistic lifestyle photography.","[""I often look back on our old school trips."", ""He likes to look back on his time in the village."", ""They will look back on this season with relief.""]"
Phrasal Verb,look down on,/lʊk daʊn ɑn/,LOOK DOWN on,লুক ডাউন অন,To regard with contempt or condescension,অবজ্ঞা বা তাচ্ছিল্যের চোখে দেখা,"[{""phrase"": ""look down on others"", ""example_sentence"": ""You can look down on others in everyday situations.""}, {""phrase"": ""look down on poor people"", ""example_sentence"": ""Workers often look down on poor people during a busy day.""}, {""phrase"": ""look down on new employees"", ""example_sentence"": ""Students should learn to look down on new employees when it is useful.""}]","[{""phrase"": ""others অবজ্ঞা বা তাচ্ছিল্যের চোখে দেখা"", ""example_sentence"": ""শিক্ষার্থীরা উদাহরণে others অবজ্ঞা বা তাচ্ছিল্যের চোখে দেখা অনুশীলন করে।""}, {""phrase"": ""poor মানুষ অবজ্ঞা বা তাচ্ছিল্যের চোখে দেখা"", ""example_sentence"": ""শিক্ষার্থীরা উদাহরণে poor মানুষ অবজ্ঞা বা তাচ্ছিল্যের চোখে দেখা অনুশীলন করে।""}, {""phrase"": ""নতুন employees অবজ্ঞা বা তাচ্ছিল্যের চোখে দেখা"", ""example_sentence"": ""শিক্ষার্থীরা উদাহরণে নতুন employees অবজ্ঞা বা তাচ্ছিল্যের চোখে দেখা অনুশীলন করে।""}]",despise; regard as inferior; scorn,respect; admire; look up to,B1,"09 - Relationships, Feelings & Daily Life","At work, Hassan had to look down on.","কর্মক্ষেত্রে, হাসানকে অবজ্ঞা বা তাচ্ছিল্যের চোখে দেখা প্রয়োজন হয়েছিল।","realistic workplace scene matching the sentence, detailed environment and natural light. Realistic contemporary setting, natural lighting, clear facial expressions, accurate everyday details, documentary photography style.","[""Nora had to look down on before lunch."", ""We decided to look down on during the meeting."", ""They want to look down on this week.""]"
Phrasal Verb,look on,/lʊk ɑn/,LOOK on,লুক অন,To watch as a spectator,দর্শক হিসেবে দেখা,"[{""phrase"": ""look on the bright side"", ""example_sentence"": ""You can look on the bright side in everyday situations.""}, {""phrase"": ""look on silently"", ""example_sentence"": ""Workers often look on silently during a busy day.""}, {""phrase"": ""look on with interest"", ""example_sentence"": ""Students should learn to look on with interest when it is useful.""}]","[{""phrase"": ""bright side দর্শক হিসেবে দেখা"", ""example_sentence"": ""শিক্ষার্থীরা উদাহরণে bright side দর্শক হিসেবে দেখা অনুশীলন করে।""}, {""phrase"": ""silently দর্শক হিসেবে দেখা"", ""example_sentence"": ""শিক্ষার্থীরা উদাহরণে silently দর্শক হিসেবে দেখা অনুশীলন করে।""}, {""phrase"": ""with interest দর্শক হিসেবে দেখা"", ""example_sentence"": ""শিক্ষার্থীরা উদাহরণে with interest দর্শক হিসেবে দেখা অনুশীলন করে।""}]",watch; observe; view as a spectator,participate; join in; ignore,A2,"02 - Thinking, Learning & Understanding","During the day, Nora had to look on.","দিনের মধ্যে, নোরাকে দর্শক হিসেবে দেখা প্রয়োজন হয়েছিল।","realistic daily-life scene matching the sentence, natural lighting, candid photography. Realistic contemporary setting, natural lighting, clear facial expressions, accurate everyday details, documentary photography style.","[""Ben had to look on before lunch."", ""We decided to look on during the meeting."", ""They want to look on this week.""]"
Phrasal Verb,look out for,/lʊk aʊt fɔr/,LOOK out for,লুক আউট ফর,To watch for; to protect or take care of,খেয়াল রাখা; রক্ষা করা বা নেওয়া যত্ন এর,"[{""phrase"": ""look out for warning signs"", ""example_sentence"": ""You can look out for warning signs in everyday situations.""}, {""phrase"": ""look out for your friends"", ""example_sentence"": ""Workers often look out for your friends during a busy day.""}, {""phrase"": ""look out for good deals"", ""example_sentence"": ""Students should learn to look out for good deals when it is useful.""}]","[{""phrase"": ""warning signs রক্ষা করা"", ""example_sentence"": ""শিক্ষার্থীরা উদাহরণে warning signs রক্ষা করা অনুশীলন করে।""}, {""phrase"": ""আপনার বন্ধুরা রক্ষা করা"", ""example_sentence"": ""শিক্ষার্থীরা উদাহরণে আপনার বন্ধুরা রক্ষা করা অনুশীলন করে।""}, {""phrase"": ""good deals রক্ষা করা"", ""example_sentence"": ""শিক্ষার্থীরা উদাহরণে good deals রক্ষা করা অনুশীলন করে।""}]",watch for; protect; take care of,ignore; neglect; endanger,B1,"09 - Relationships, Feelings & Daily Life","After school, Ben had to look out for.","স্কুলের পর, বেনকে খেয়াল রাখা বা রক্ষা করা বা নেওয়া যত্ন এর প্রয়োজন হয়েছিল।","realistic school scene matching the sentence, clear action and natural colors. Realistic contemporary setting, natural lighting, clear facial expressions, accurate everyday details, documentary photography style.","[""Sara had to look out for before lunch."", ""We decided to look out for during the meeting."", ""They want to look out for this week.""]"
Phrasal Verb,look over,/lʊk oʊvɚ/,LOOK oh-ver,লুক ওভার,To examine or review something quickly,দ্রুত কোনো কিছু পরীক্ষা বা পর্যালোচনা করা,"[{""phrase"": ""look over the report"", ""example_sentence"": ""You can look over the report in everyday situations.""}, {""phrase"": ""look over the contract"", ""example_sentence"": ""Workers often look over the contract during a busy day.""}, {""phrase"": ""look over your notes"", ""example_sentence"": ""Students should learn to look over your notes when it is useful.""}]","[{""phrase"": ""রিপোর্টটি পর্যালোচনা করা"", ""example_sentence"": ""শিক্ষার্থীরা উদাহরণে রিপোর্টটি পর্যালোচনা করা অনুশীলন করে।""}, {""phrase"": ""contract পর্যালোচনা করা"", ""example_sentence"": ""শিক্ষার্থীরা উদাহরণে contract পর্যালোচনা করা অনুশীলন করে।""}, {""phrase"": ""আপনার notes পর্যালোচনা করা"", ""example_sentence"": ""শিক্ষার্থীরা উদাহরণে আপনার notes পর্যালোচনা করা অনুশীলন করে।""}]",review quickly; examine; inspect,ignore; skip; overlook,A2,"02 - Thinking, Learning & Understanding","Before the client call, Sara had to look over how to fix the login error so the system would work in time.","ক্লায়েন্ট কলের আগে, সারাকে দ্রুত কোনো কিছু পরীক্ষা বা পর্যালোচনা করা প্রয়োজন হয়েছিল।","modern office, laptop with login screen, employee focused on troubleshooting. Realistic contemporary setting, natural lighting, clear facial expressions, accurate everyday details, documentary photography style.","[""Leo tried to look over the last question alone."", ""We need to look over why the app keeps freezing."", ""Maya could not look over the map until sunset.""]"
Phrasal Verb,look through,/lʊk θru/,LOOK THROO,লুক থ্রু,To search by browsing; to examine item by item,উল্টেপাল্টে খোঁজা; পরীক্ষা করা দ্বারা,"[{""phrase"": ""look through the files"", ""example_sentence"": ""You can look through the files in everyday situations.""}, {""phrase"": ""look through the list"", ""example_sentence"": ""Workers often look through the list during a busy day.""}, {""phrase"": ""look through the window"", ""example_sentence"": ""Students should learn to look through the window when it is useful.""}]","[{""phrase"": ""ফাইলগুলো পরীক্ষা করা দ্বারা"", ""example_sentence"": ""শিক্ষার্থীরা উদাহরণে ফাইলগুলো পরীক্ষা করা দ্বারা অনুশীলন করে।""}, {""phrase"": ""তালিকাটি পরীক্ষা করা দ্বারা"", ""example_sentence"": ""শিক্ষার্থীরা উদাহরণে তালিকাটি পরীক্ষা করা দ্বারা অনুশীলন করে।""}, {""phrase"": ""window পরীক্ষা করা দ্বারা"", ""example_sentence"": ""শিক্ষার্থীরা উদাহরণে window পরীক্ষা করা দ্বারা অনুশীলন করে।""}]",browse; search through; examine item by item,ignore; skip; stop searching,A2,"02 - Thinking, Learning & Understanding","At her desk, Leo had to look through why the printer kept stopping before the report was due.","নিজের ডেস্কে, লিওকে রিপোর্ট জমা দেওয়ার আগে প্রিন্টারটি কেন বারবার বন্ধ হচ্ছিল উল্টেপাল্টে খোঁজা বা পরীক্ষা করা দ্বারা প্রয়োজন হয়েছিল।","office desk with computer, stopped printer, young professional thinking and checking documents. Realistic contemporary setting, natural lighting, clear facial expressions, accurate everyday details, documentary photography style.","[""Maya tried to look through the last question alone."", ""We need to look through why the app keeps freezing."", ""David could not look through the map until sunset.""]"
Phrasal Verb,look up to,/lʊk ʌp tu/,LOOK up too,লুক আপ টু,To admire and respect someone,কাউকে প্রশংসা ও সম্মান করা,"[{""phrase"": ""look up to your parents"", ""example_sentence"": ""You can look up to your parents in everyday situations.""}, {""phrase"": ""look up to a role model"", ""example_sentence"": ""Workers often look up to a role model during a busy day.""}, {""phrase"": ""look up to the coach"", ""example_sentence"": ""Students should learn to look up to the coach when it is useful.""}]","[{""phrase"": ""আপনার parents কাউকে প্রশংসা ও সম্মান করা"", ""example_sentence"": ""শিক্ষার্থীরা উদাহরণে আপনার parents কাউকে প্রশংসা ও সম্মান করা অনুশীলন করে।""}, {""phrase"": ""একটি দায়িত্ব model কাউকে প্রশংসা ও সম্মান করা"", ""example_sentence"": ""শিক্ষার্থীরা উদাহরণে একটি দায়িত্ব model কাউকে প্রশংসা ও সম্মান করা অনুশীলন করে।""}, {""phrase"": ""coach কাউকে প্রশংসা ও সম্মান করা"", ""example_sentence"": ""শিক্ষার্থীরা উদাহরণে coach কাউকে প্রশংসা ও সম্মান করা অনুশীলন করে।""}]",admire; respect; esteem,look down on; disrespect; despise,B1,"09 - Relationships, Feelings & Daily Life","After school, Maya had to look up to.","স্কুলের পর, মায়াকে কাউকে প্রশংসা ও সম্মান করা প্রয়োজন হয়েছিল।","realistic school scene matching the sentence, clear action and natural colors. Realistic contemporary setting, natural lighting, clear facial expressions, accurate everyday details, documentary photography style.","[""David had to look up to before lunch."", ""We decided to look up to during the meeting."", ""They want to look up to this week.""]"
Phrasal Verb,make it,/meɪk ɪt/,MAYK EET,মেইক ইট,To succeed or arrive in time,সফল হওয়া বা সময়মতো পৌঁছানো,"[{""phrase"": ""make it to the meeting"", ""example_sentence"": ""You can make it to the meeting in everyday situations.""}, {""phrase"": ""make it on time"", ""example_sentence"": ""Workers often make it on time during a busy day.""}, {""phrase"": ""make it through the day"", ""example_sentence"": ""Students should learn to make it through the day when it is useful.""}]","[{""phrase"": ""to মিটিং সফল হওয়া"", ""example_sentence"": ""শিক্ষার্থীরা উদাহরণে to মিটিং সফল হওয়া অনুশীলন করে।""}, {""phrase"": ""সময়মতো সফল হওয়া"", ""example_sentence"": ""শিক্ষার্থীরা উদাহরণে সময়মতো সফল হওয়া অনুশীলন করে।""}, {""phrase"": ""through day সফল হওয়া"", ""example_sentence"": ""শিক্ষার্থীরা উদাহরণে through day সফল হওয়া অনুশীলন করে।""}]",succeed; arrive in time; manage,fail; miss; arrive late,A2,"06 - Progress, Success & Results","At work, David had to make it.","কর্মক্ষেত্রে, ডেভিডকে সফল হওয়া বা সময়মতো পৌঁছানো প্রয়োজন হয়েছিল।","realistic workplace scene matching the sentence, detailed environment and natural light. Realistic contemporary setting, natural lighting, clear facial expressions, accurate everyday details, documentary photography style.","[""Ivy had to make it before lunch."", ""We decided to make it during the meeting."", ""They want to make it this week.""]"
Phrasal Verb,make out,/meɪk aʊt/,MAYK out,মেইক আউট,To understand; to manage; to write a check,বোঝা; সামলানো,"[{""phrase"": ""make out the words"", ""example_sentence"": ""You can make out the words in everyday situations.""}, {""phrase"": ""make out a face"", ""example_sentence"": ""Workers often make out a face during a busy day.""}, {""phrase"": ""make out the signature"", ""example_sentence"": ""Students should learn to make out the signature when it is useful.""}]","[{""phrase"": ""words বোঝা; সামলানো"", ""example_sentence"": ""শিক্ষার্থীরা উদাহরণে words বোঝা; সামলানো অনুশীলন করে।""}, {""phrase"": ""একটি face বোঝা; সামলানো"", ""example_sentence"": ""শিক্ষার্থীরা উদাহরণে একটি face বোঝা; সামলানো অনুশীলন করে।""}, {""phrase"": ""signature বোঝা; সামলানো"", ""example_sentence"": ""শিক্ষার্থীরা উদাহরণে signature বোঝা; সামলানো অনুশীলন করে।""}]",understand; distinguish; manage; write,misunderstand; fail; miss; erase,A2,"02 - Thinking, Learning & Understanding","At her desk, Ivy had to make out why the printer kept stopping before the report was due.","নিজের ডেস্কে, আইভিকে রিপোর্ট জমা দেওয়ার আগে প্রিন্টারটি কেন বারবার বন্ধ হচ্ছিল বোঝা বা সামলানো প্রয়োজন হয়েছিল।","office desk with computer, stopped printer, young professional thinking and checking documents. Realistic contemporary setting, natural lighting, clear facial expressions, accurate everyday details, documentary photography style.","[""Ryan tried to make out the last question alone."", ""We need to make out why the app keeps freezing."", ""Julia could not make out the map until sunset.""]"
Phrasal Verb,make over,/meɪk oʊvɚ/,MAYK oh-ver,মেইক ওভার,To renovate or redesign completely,সম্পূর্ণভাবে সংস্কার বা নতুন নকশা করা,"[{""phrase"": ""make over a room"", ""example_sentence"": ""You can make over a room in everyday situations.""}, {""phrase"": ""make over the website"", ""example_sentence"": ""Workers often make over the website during a busy day.""}, {""phrase"": ""make over your image"", ""example_sentence"": ""Students should learn to make over your image when it is useful.""}]","[{""phrase"": ""একটি room নতুন নকশা করা"", ""example_sentence"": ""শিক্ষার্থীরা উদাহরণে একটি room নতুন নকশা করা অনুশীলন করে।""}, {""phrase"": ""ওয়েবসাইটটি নতুন নকশা করা"", ""example_sentence"": ""শিক্ষার্থীরা উদাহরণে ওয়েবসাইটটি নতুন নকশা করা অনুশীলন করে।""}, {""phrase"": ""আপনার image নতুন নকশা করা"", ""example_sentence"": ""শিক্ষার্থীরা উদাহরণে আপনার image নতুন নকশা করা অনুশীলন করে।""}]",renovate; redesign; transform,leave unchanged; neglect; damage,A2,"08 - Change, Growth, Rules & Control","After school, Ryan had to make over.","স্কুলের পর, রায়ানকে সম্পূর্ণভাবে সংস্কার বা নতুন নকশা করা প্রয়োজন হয়েছিল।","realistic school scene matching the sentence, clear action and natural colors. Realistic contemporary setting, natural lighting, clear facial expressions, accurate everyday details, documentary photography style.","[""Julia had to make over before lunch."", ""We decided to make over during the meeting."", ""They want to make over this week.""]"
Phrasal Verb,make sense of,/meɪk sɛns ʌv/,MAYK SENS uv,মেইক সেন্স আভ,To understand something complex,জটিল কিছু বোঝা,"[{""phrase"": ""make sense of the data"", ""example_sentence"": ""You can make sense of the data in everyday situations.""}, {""phrase"": ""make sense of the instructions"", ""example_sentence"": ""Workers often make sense of the instructions during a busy day.""}, {""phrase"": ""make sense of the situation"", ""example_sentence"": ""Students should learn to make sense of the situation when it is useful.""}]","[{""phrase"": ""ডেটাটি জটিল কিছু বোঝা"", ""example_sentence"": ""শিক্ষার্থীরা উদাহরণে ডেটাটি জটিল কিছু বোঝা অনুশীলন করে।""}, {""phrase"": ""নির্দেশনাগুলো জটিল কিছু বোঝা"", ""example_sentence"": ""শিক্ষার্থীরা উদাহরণে নির্দেশনাগুলো জটিল কিছু বোঝা অনুশীলন করে।""}, {""phrase"": ""পরিস্থিতিটি জটিল কিছু বোঝা"", ""example_sentence"": ""শিক্ষার্থীরা উদাহরণে পরিস্থিতিটি জটিল কিছু বোঝা অনুশীলন করে।""}]",understand; interpret; figure out,misunderstand; confuse; fail to grasp,B1,"02 - Thinking, Learning & Understanding","Before the client call, Julia had to make sense of how to fix the login error so the system would work in time.","ক্লায়েন্ট কলের আগে, জুলিয়াকে জটিল কিছু বোঝা প্রয়োজন হয়েছিল।","modern office, laptop with login screen, employee focused on troubleshooting. Realistic contemporary setting, natural lighting, clear facial expressions, accurate everyday details, documentary photography style.","[""Sam tried to make sense of the last question alone."", ""We need to make sense of why the app keeps freezing."", ""Ella could not make sense of the map until sunset.""]"
Phrasal Verb,miss out on,/mɪs aʊt ɑn/,MEES out on,মিস আউট অন,To fail to benefit from an opportunity,সুযোগ থেকে লাভবান হতে ব্যর্থ হওয়া,"[{""phrase"": ""miss out on the chance"", ""example_sentence"": ""You can miss out on the chance in everyday situations.""}, {""phrase"": ""miss out on the discount"", ""example_sentence"": ""Workers often miss out on the discount during a busy day.""}, {""phrase"": ""miss out on the fun"", ""example_sentence"": ""Students should learn to miss out on the fun when it is useful.""}]","[{""phrase"": ""chance সুযোগ থেকে লাভবান হতে ব্যর্থ হওয়া"", ""example_sentence"": ""শিক্ষার্থীরা উদাহরণে chance সুযোগ থেকে লাভবান হতে ব্যর্থ হওয়া অনুশীলন করে।""}, {""phrase"": ""discount সুযোগ থেকে লাভবান হতে ব্যর্থ হওয়া"", ""example_sentence"": ""শিক্ষার্থীরা উদাহরণে discount সুযোগ থেকে লাভবান হতে ব্যর্থ হওয়া অনুশীলন করে।""}, {""phrase"": ""fun সুযোগ থেকে লাভবান হতে ব্যর্থ হওয়া"", ""example_sentence"": ""শিক্ষার্থীরা উদাহরণে fun সুযোগ থেকে লাভবান হতে ব্যর্থ হওয়া অনুশীলন করে।""}]",lose the chance; fail to benefit; be left out,benefit from; take advantage of; join in,B1,"07 - Problems, Difficulty & Risk","During the day, Sam had to miss out on.","দিনের মধ্যে, স্যামকে সুযোগ থেকে লাভবান হতে ব্যর্থ হওয়া প্রয়োজন হয়েছিল।","realistic daily-life scene matching the sentence, natural lighting, candid photography. Realistic contemporary setting, natural lighting, clear facial expressions, accurate everyday details, documentary photography style.","[""Ella had to miss out on before lunch."", ""We decided to miss out on during the meeting."", ""They want to miss out on this week.""]"
Phrasal Verb,mix up,/mɪks ʌp/,MEEKS up,মিক্স আপ,To confuse two things; to combine,দুটি জিনিস গুলিয়ে ফেলা; একত্র করা,"[{""phrase"": ""mix up the dates"", ""example_sentence"": ""You can mix up the dates in everyday situations.""}, {""phrase"": ""mix up the names"", ""example_sentence"": ""Workers often mix up the names during a busy day.""}, {""phrase"": ""mix up the files"", ""example_sentence"": ""Students should learn to mix up the files when it is useful.""}]","[{""phrase"": ""dates একত্র করা"", ""example_sentence"": ""শিক্ষার্থীরা উদাহরণে dates একত্র করা অনুশীলন করে।""}, {""phrase"": ""names একত্র করা"", ""example_sentence"": ""শিক্ষার্থীরা উদাহরণে names একত্র করা অনুশীলন করে।""}, {""phrase"": ""ফাইলগুলো একত্র করা"", ""example_sentence"": ""শিক্ষার্থীরা উদাহরণে ফাইলগুলো একত্র করা অনুশীলন করে।""}]",confuse; mistake one for another; combine,distinguish; separate; sort out,A2,"02 - Thinking, Learning & Understanding","After school, Ella had to mix up.","স্কুলের পর, এলাকে দুটি জিনিস গুলিয়ে ফেলা বা একত্র করা প্রয়োজন হয়েছিল।","realistic school scene matching the sentence, clear action and natural colors. Realistic contemporary setting, natural lighting, clear facial expressions, accurate everyday details, documentary photography style.","[""Jonah had to mix up before lunch."", ""We decided to mix up during the meeting."", ""They want to mix up this week.""]"
Phrasal Verb,open up,/oʊpən ʌp/,OHPOOHN up,ওপান আপ,To begin sharing feelings; to unlock; to expand,অনুভূতি প্রকাশ করা শুরু করা; তালা খোলা; প্রসারিত করা,"[{""phrase"": ""open up new opportunities"", ""example_sentence"": ""You can open up new opportunities in everyday situations.""}, {""phrase"": ""open up the shop"", ""example_sentence"": ""Workers often open up the shop during a busy day.""}, {""phrase"": ""open up about your feelings"", ""example_sentence"": ""Students should learn to open up about your feelings when it is useful.""}]","[{""phrase"": ""নতুন opportunities অনুভূতি প্রকাশ করা শুরু করা"", ""example_sentence"": ""শিক্ষার্থীরা উদাহরণে নতুন opportunities অনুভূতি প্রকাশ করা শুরু করা অনুশীলন করে।""}, {""phrase"": ""shop অনুভূতি প্রকাশ করা শুরু করা"", ""example_sentence"": ""শিক্ষার্থীরা উদাহরণে shop অনুভূতি প্রকাশ করা শুরু করা অনুশীলন করে।""}, {""phrase"": ""about আপনার feelings অনুভূতি প্রকাশ করা শুরু করা"", ""example_sentence"": ""শিক্ষার্থীরা উদাহরণে about আপনার feelings অনুভূতি প্রকাশ করা শুরু করা অনুশীলন করে।""}]",share feelings; unlock; expand; become available,close off; shut down; keep private,A2,"09 - Relationships, Feelings & Daily Life","At work, Jonah had to open up.","কর্মক্ষেত্রে, জোনাহকে অনুভূতি প্রকাশ করা শুরু করা বা তালা খোলা বা প্রসারিত করা প্রয়োজন হয়েছিল।","realistic workplace scene matching the sentence, detailed environment and natural light. Realistic contemporary setting, natural lighting, clear facial expressions, accurate everyday details, documentary photography style.","[""Leila had to open up before lunch."", ""We decided to open up during the meeting."", ""They want to open up this week.""]"
Phrasal Verb,pass on,/pæs ɑn/,PAS on,প্যাস অন,To decline; to convey a message; to die,প্রত্যাখ্যান করা; পৌঁছে দেওয়া বার্তা; মারা যাওয়া,"[{""phrase"": ""pass on the message"", ""example_sentence"": ""You can pass on the message in everyday situations.""}, {""phrase"": ""pass on the offer"", ""example_sentence"": ""Workers often pass on the offer during a busy day.""}, {""phrase"": ""pass on your knowledge"", ""example_sentence"": ""Students should learn to pass on your knowledge when it is useful.""}]","[{""phrase"": ""বার্তাটি প্রত্যাখ্যান করা"", ""example_sentence"": ""শিক্ষার্থীরা উদাহরণে বার্তাটি প্রত্যাখ্যান করা অনুশীলন করে।""}, {""phrase"": ""প্রস্তাবটি প্রত্যাখ্যান করা"", ""example_sentence"": ""শিক্ষার্থীরা উদাহরণে প্রস্তাবটি প্রত্যাখ্যান করা অনুশীলন করে।""}, {""phrase"": ""আপনার knowledge প্রত্যাখ্যান করা"", ""example_sentence"": ""শিক্ষার্থীরা উদাহরণে আপনার knowledge প্রত্যাখ্যান করা অনুশীলন করে।""}]",decline; convey; transmit; die,accept; keep; withhold,A2,01 - Communication & Discussion,"During the day, Leila had to pass on.","দিনের মধ্যে, লেইলাকে প্রত্যাখ্যান করা বা পৌঁছে দেওয়া বার্তা বা মারা যাওয়া প্রয়োজন হয়েছিল।","realistic daily-life scene matching the sentence, natural lighting, candid photography. Realistic contemporary setting, natural lighting, clear facial expressions, accurate everyday details, documentary photography style.","[""Victor had to pass on before lunch."", ""We decided to pass on during the meeting."", ""They want to pass on this week.""]"
Phrasal Verb,pay off,/peɪ ɔf/,PAY AWF,পেই অফ,To be successful or profitable; to repay a debt,সফল বা লাভজনক হওয়া; শোধ করা ঋণ,"[{""phrase"": ""pay off the loan"", ""example_sentence"": ""You can pay off the loan in everyday situations.""}, {""phrase"": ""pay off hard work"", ""example_sentence"": ""Workers often pay off hard work during a busy day.""}, {""phrase"": ""pay off the debt"", ""example_sentence"": ""Students should learn to pay off the debt when it is useful.""}]","[{""phrase"": ""loan লাভজনক হওয়া"", ""example_sentence"": ""শিক্ষার্থীরা উদাহরণে loan লাভজনক হওয়া অনুশীলন করে।""}, {""phrase"": ""hard কাজ লাভজনক হওয়া"", ""example_sentence"": ""শিক্ষার্থীরা উদাহরণে hard কাজ লাভজনক হওয়া অনুশীলন করে।""}, {""phrase"": ""ঋণটি লাভজনক হওয়া"", ""example_sentence"": ""শিক্ষার্থীরা উদাহরণে ঋণটি লাভজনক হওয়া অনুশীলন করে।""}]",succeed; be worthwhile; repay,fail; lose money; remain in debt,A2,"10 - Money, Business, Technology & Movement","After a weak quarter, Victor had to pay off.",ব্যক্তিটি সফল বা লাভজনক হওয়া বা শোধ করা ঋণ করেছিল।,"cafe owner checking sales figures and expense sheets at a counter. Realistic contemporary setting, natural lighting, clear facial expressions, accurate everyday details, documentary photography style.","[""We should pay off before buying the new van."", ""Mason had to pay off after a weak month."", ""The owner used a spreadsheet to pay off.""]"
Phrasal Verb,pick out,/pɪk aʊt/,PICK out,পিক আউট,To select or identify from a group,একটি দল থেকে নির্বাচন বা শনাক্ত করা,"[{""phrase"": ""pick out a dress"", ""example_sentence"": ""You can pick out a dress in everyday situations.""}, {""phrase"": ""pick out the best option"", ""example_sentence"": ""Workers often pick out the best option during a busy day.""}, {""phrase"": ""pick out a mistake"", ""example_sentence"": ""Students should learn to pick out a mistake when it is useful.""}]","[{""phrase"": ""একটি dress শনাক্ত করা"", ""example_sentence"": ""শিক্ষার্থীরা উদাহরণে একটি dress শনাক্ত করা অনুশীলন করে।""}, {""phrase"": ""সেরা বিকল্পটি শনাক্ত করা"", ""example_sentence"": ""শিক্ষার্থীরা উদাহরণে সেরা বিকল্পটি শনাক্ত করা অনুশীলন করে।""}, {""phrase"": ""একটি ভুল শনাক্ত করা"", ""example_sentence"": ""শিক্ষার্থীরা উদাহরণে একটি ভুল শনাক্ত করা অনুশীলন করে।""}]",select; choose; identify,reject; overlook; miss,A2,"03 - Plans, Decisions & Strategy","At work, Hana had to pick out.","কর্মক্ষেত্রে, হানাকে একটি দল থেকে নির্বাচন বা শনাক্ত করা প্রয়োজন হয়েছিল।","realistic workplace scene matching the sentence, detailed environment and natural light. Realistic contemporary setting, natural lighting, clear facial expressions, accurate everyday details, documentary photography style.","[""Mason had to pick out before lunch."", ""We decided to pick out during the meeting."", ""They want to pick out this week.""]"
Phrasal Verb,play down,/pleɪ daʊn/,PLAY DOWN,প্লেই ডাউন,To make something seem less important than it is,কোনো কিছুকে বাস্তবের চেয়ে কম গুরুত্বপূর্ণ দেখানো,"[{""phrase"": ""play down the risk"", ""example_sentence"": ""You can play down the risk in everyday situations.""}, {""phrase"": ""play down the problem"", ""example_sentence"": ""Workers often play down the problem during a busy day.""}, {""phrase"": ""play down the mistake"", ""example_sentence"": ""Students should learn to play down the mistake when it is useful.""}]","[{""phrase"": ""ঝুঁকিটি কোনো কিছুকে বাস্তবের চেয়ে কম গুরুত্বপূর্ণ দেখানো"", ""example_sentence"": ""শিক্ষার্থীরা উদাহরণে ঝুঁকিটি কোনো কিছুকে বাস্তবের চেয়ে কম গুরুত্বপূর্ণ দেখানো অনুশীলন করে।""}, {""phrase"": ""সমস্যাটি কোনো কিছুকে বাস্তবের চেয়ে কম গুরুত্বপূর্ণ দেখানো"", ""example_sentence"": ""শিক্ষার্থীরা উদাহরণে সমস্যাটি কোনো কিছুকে বাস্তবের চেয়ে কম গুরুত্বপূর্ণ দেখানো অনুশীলন করে।""}, {""phrase"": ""ভুলটি কোনো কিছুকে বাস্তবের চেয়ে কম গুরুত্বপূর্ণ দেখানো"", ""example_sentence"": ""শিক্ষার্থীরা উদাহরণে ভুলটি কোনো কিছুকে বাস্তবের চেয়ে কম গুরুত্বপূর্ণ দেখানো অনুশীলন করে।""}]",understate; minimize; make seem less important,emphasize; exaggerate; play up,A2,01 - Communication & Discussion,"To save money, Mason decided to play down on taxi rides this month.","টাকা বাঁচাতে, মেসন ট্যাক্সি ভ্রমণ এই মাসেকে বাস্তবের চেয়ে কম গুরুত্বপূর্ণ দেখানো করার সিদ্ধান্ত নিয়েছিল।","young adult checking a budget app while choosing to walk down a city street. Realistic contemporary setting, natural lighting, clear facial expressions, accurate everyday details, documentary photography style.","[""The family wants to play down on waste this month."", ""Adam decided to play down after looking at the bill."", ""We need to play down before the exam week.""]"
Phrasal Verb,press on,/prɛs ɑn/,PRESS on,প্রেস অন,To continue despite difficulty,কঠিনতার মধ্যেও চালিয়ে যাওয়া,"[{""phrase"": ""press on on time"", ""example_sentence"": ""The team tried to press on on time so the schedule stayed clear.""}, {""phrase"": ""press on during the project"", ""example_sentence"": ""Things may press on during the project when the workload increases.""}, {""phrase"": ""press on without delay"", ""example_sentence"": ""Everyone was ready to press on without delay after the announcement.""}]","[{""phrase"": ""সময়মতো কঠিনতার মধ্যেও চালিয়ে যাওয়া"", ""example_sentence"": ""শিক্ষার্থীরা উদাহরণে সময়মতো কঠিনতার মধ্যেও চালিয়ে যাওয়া অনুশীলন করে।""}, {""phrase"": ""প্রকল্প চলাকালে কঠিনতার মধ্যেও চালিয়ে যাওয়া"", ""example_sentence"": ""শিক্ষার্থীরা উদাহরণে প্রকল্প চলাকালে কঠিনতার মধ্যেও চালিয়ে যাওয়া অনুশীলন করে।""}, {""phrase"": ""দেরি না করে কঠিনতার মধ্যেও চালিয়ে যাওয়া"", ""example_sentence"": ""শিক্ষার্থীরা উদাহরণে দেরি না করে কঠিনতার মধ্যেও চালিয়ে যাওয়া অনুশীলন করে।""}]",continue despite difficulty; persist,give up; stop; retreat,A2,"05 - Time, Scheduling & Process","Despite the rain, Nina decided to press on with football practice.","বৃষ্টি সত্ত্বেও, নিনা ফুটবল অনুশীলন কঠিনতার মধ্যেও চালিয়ে যাওয়ার সিদ্ধান্ত নিয়েছিল।","outdoor football field in light rain, coach and players continuing practice. Realistic contemporary setting, natural lighting, clear facial expressions, accurate everyday details, documentary photography style.","[""Please press on with your reading."", ""The workers press on after the short break."", ""Emma had to press on despite the noise.""]"
Phrasal Verb,print out,/prɪnt aʊt/,PREENT out,প্রিন্ট আউট,To produce a printed copy of a document,নথির মুদ্রিত কপি তৈরি করা,"[{""phrase"": ""print out the tickets"", ""example_sentence"": ""You can print out the tickets in everyday situations.""}, {""phrase"": ""print out the form"", ""example_sentence"": ""Workers often print out the form during a busy day.""}, {""phrase"": ""print out the report"", ""example_sentence"": ""Students should learn to print out the report when it is useful.""}]","[{""phrase"": ""tickets নথির মুদ্রিত কপি তৈরি করা"", ""example_sentence"": ""শিক্ষার্থীরা উদাহরণে tickets নথির মুদ্রিত কপি তৈরি করা অনুশীলন করে।""}, {""phrase"": ""ফর্মটি নথির মুদ্রিত কপি তৈরি করা"", ""example_sentence"": ""শিক্ষার্থীরা উদাহরণে ফর্মটি নথির মুদ্রিত কপি তৈরি করা অনুশীলন করে।""}, {""phrase"": ""রিপোর্টটি নথির মুদ্রিত কপি তৈরি করা"", ""example_sentence"": ""শিক্ষার্থীরা উদাহরণে রিপোর্টটি নথির মুদ্রিত কপি তৈরি করা অনুশীলন করে।""}]",print; produce a hard copy,delete; keep digital; leave unprinted,A2,"10 - Money, Business, Technology & Movement","At work, Adam had to print out.","কর্মক্ষেত্রে, আদমকে নথির মুদ্রিত কপি তৈরি করা প্রয়োজন হয়েছিল।","realistic workplace scene matching the sentence, detailed environment and natural light. Realistic contemporary setting, natural lighting, clear facial expressions, accurate everyday details, documentary photography style.","[""Emma had to print out before lunch."", ""We decided to print out during the meeting."", ""They want to print out this week.""]"
Phrasal Verb,pull back,/pʊl bæk/,PULL BACK,পুল ব্যাক,To retreat; to reduce involvement,পিছু হটা; কমানো সম্পৃক্ততা,"[{""phrase"": ""pull back on time"", ""example_sentence"": ""The team tried to pull back on time so the schedule stayed clear.""}, {""phrase"": ""pull back during the project"", ""example_sentence"": ""Things may pull back during the project when the workload increases.""}, {""phrase"": ""pull back without delay"", ""example_sentence"": ""Everyone was ready to pull back without delay after the announcement.""}]","[{""phrase"": ""সময়মতো পিছু হটা; কমানো সম্পৃক্ততা"", ""example_sentence"": ""শিক্ষার্থীরা উদাহরণে সময়মতো পিছু হটা; কমানো সম্পৃক্ততা অনুশীলন করে।""}, {""phrase"": ""প্রকল্প চলাকালে পিছু হটা; কমানো সম্পৃক্ততা"", ""example_sentence"": ""শিক্ষার্থীরা উদাহরণে প্রকল্প চলাকালে পিছু হটা; কমানো সম্পৃক্ততা অনুশীলন করে।""}, {""phrase"": ""দেরি না করে পিছু হটা; কমানো সম্পৃক্ততা"", ""example_sentence"": ""শিক্ষার্থীরা উদাহরণে দেরি না করে পিছু হটা; কমানো সম্পৃক্ততা অনুশীলন করে।""}]",withdraw; retreat; reduce,advance; push forward; increase,A2,"03 - Plans, Decisions & Strategy","After the first ad failed, the company decided to pull back from the campaign for a month.",ব্যক্তিটি পিছু হটা বা কমানো সম্পৃক্ততা করেছিল।,"Marketing team pausing a campaign, screens with performance charts, serious discussion in office, realistic business environment.","[""The army had to pull back before nightfall."", ""We chose to pull back from the deal after the price changed."", ""The shop plans to pull back on online ads this winter.""]"
Phrasal Verb,pull through,/pʊl θru/,PULL THROO,পুল থ্রু,To recover from illness; to succeed despite difficulty,অসুস্থতা থেকে সেরে ওঠা; কঠিনতার পরও সফল হওয়া,"[{""phrase"": ""pull through on time"", ""example_sentence"": ""The team tried to pull through on time so the schedule stayed clear.""}, {""phrase"": ""pull through during the project"", ""example_sentence"": ""Things may pull through during the project when the workload increases.""}, {""phrase"": ""pull through without delay"", ""example_sentence"": ""Everyone was ready to pull through without delay after the announcement.""}]","[{""phrase"": ""সময়মতো কঠিনতার পরও সফল হওয়া"", ""example_sentence"": ""শিক্ষার্থীরা উদাহরণে সময়মতো কঠিনতার পরও সফল হওয়া অনুশীলন করে।""}, {""phrase"": ""প্রকল্প চলাকালে কঠিনতার পরও সফল হওয়া"", ""example_sentence"": ""শিক্ষার্থীরা উদাহরণে প্রকল্প চলাকালে কঠিনতার পরও সফল হওয়া অনুশীলন করে।""}, {""phrase"": ""দেরি না করে কঠিনতার পরও সফল হওয়া"", ""example_sentence"": ""শিক্ষার্থীরা উদাহরণে দেরি না করে কঠিনতার পরও সফল হওয়া অনুশীলন করে।""}]",recover; survive; succeed despite difficulty,relapse; fail; not survive,A2,"07 - Problems, Difficulty & Risk","After school, Noah had to pull through.","স্কুলের পর, নোয়াকে অসুস্থতা থেকে সেরে ওঠা বা কঠিনতার পরও সফল হওয়া প্রয়োজন হয়েছিল।","realistic school scene matching the sentence, clear action and natural colors. Realistic contemporary setting, natural lighting, clear facial expressions, accurate everyday details, documentary photography style.","[""Mia had to pull through before lunch."", ""We decided to pull through during the meeting."", ""They want to pull through this week.""]"
Phrasal Verb,put across,/pʊt əkrɔs/,PUT uh-KRAWS,পুট আক্রস,To communicate an idea clearly,একটি ধারণা স্পষ্টভাবে বোঝানো,"[{""phrase"": ""put across your point"", ""example_sentence"": ""You can put across your point in everyday situations.""}, {""phrase"": ""put across the idea"", ""example_sentence"": ""Workers often put across the idea during a busy day.""}, {""phrase"": ""put across the message"", ""example_sentence"": ""Students should learn to put across the message when it is useful.""}]","[{""phrase"": ""আপনার point একটি ধারণা স্পষ্টভাবে বোঝানো"", ""example_sentence"": ""শিক্ষার্থীরা উদাহরণে আপনার point একটি ধারণা স্পষ্টভাবে বোঝানো অনুশীলন করে।""}, {""phrase"": ""ধারণাটি একটি ধারণা স্পষ্টভাবে বোঝানো"", ""example_sentence"": ""শিক্ষার্থীরা উদাহরণে ধারণাটি একটি ধারণা স্পষ্টভাবে বোঝানো অনুশীলন করে।""}, {""phrase"": ""বার্তাটি একটি ধারণা স্পষ্টভাবে বোঝানো"", ""example_sentence"": ""শিক্ষার্থীরা উদাহরণে বার্তাটি একটি ধারণা স্পষ্টভাবে বোঝানো অনুশীলন করে।""}]",communicate clearly; convey; express,obscure; confuse; miscommunicate,A2,01 - Communication & Discussion,"At work, Mia had to put across.","কর্মক্ষেত্রে, মিয়াকে একটি ধারণা স্পষ্টভাবে বোঝানো প্রয়োজন হয়েছিল।","realistic workplace scene matching the sentence, detailed environment and natural light. Realistic contemporary setting, natural lighting, clear facial expressions, accurate everyday details, documentary photography style.","[""Daniel had to put across before lunch."", ""We decided to put across during the meeting."", ""They want to put across this week.""]"
Phrasal Verb,put away,/pʊt əweɪ/,PUT OOHWAY,পুট আওয়েই,To store in the proper place,সঠিক জায়গায় সংরক্ষণ করা,"[{""phrase"": ""put away the dishes"", ""example_sentence"": ""You can put away the dishes in everyday situations.""}, {""phrase"": ""put away your phone"", ""example_sentence"": ""Workers often put away your phone during a busy day.""}, {""phrase"": ""put away some money"", ""example_sentence"": ""Students should learn to put away some money when it is useful.""}]","[{""phrase"": ""dishes সঠিক জায়গায় সংরক্ষণ করা"", ""example_sentence"": ""শিক্ষার্থীরা উদাহরণে dishes সঠিক জায়গায় সংরক্ষণ করা অনুশীলন করে।""}, {""phrase"": ""আপনার phone সঠিক জায়গায় সংরক্ষণ করা"", ""example_sentence"": ""শিক্ষার্থীরা উদাহরণে আপনার phone সঠিক জায়গায় সংরক্ষণ করা অনুশীলন করে।""}, {""phrase"": ""some টাকা সঠিক জায়গায় সংরক্ষণ করা"", ""example_sentence"": ""শিক্ষার্থীরা উদাহরণে some টাকা সঠিক জায়গায় সংরক্ষণ করা অনুশীলন করে।""}]",store; tidy away; place in storage,take out; leave out; scatter,A2,"09 - Relationships, Feelings & Daily Life","During the day, Daniel had to put away.","দিনের মধ্যে, ড্যানিয়েলকে সঠিক জায়গায় সংরক্ষণ করা প্রয়োজন হয়েছিল।","realistic daily-life scene matching the sentence, natural lighting, candid photography. Realistic contemporary setting, natural lighting, clear facial expressions, accurate everyday details, documentary photography style.","[""Aisha had to put away before lunch."", ""We decided to put away during the meeting."", ""They want to put away this week.""]"
Phrasal Verb,put back,/pʊt bæk/,PUT BACK,পুট ব্যাক,To return something to its original position,কোনো কিছু আগের জায়গায় ফিরিয়ে রাখা,"[{""phrase"": ""put back the book"", ""example_sentence"": ""You can put back the book in everyday situations.""}, {""phrase"": ""put back the meeting"", ""example_sentence"": ""Workers often put back the meeting during a busy day.""}, {""phrase"": ""put back the chairs"", ""example_sentence"": ""Students should learn to put back the chairs when it is useful.""}]","[{""phrase"": ""বইটি কোনো কিছু আগের জায়গায় ফিরিয়ে রাখা"", ""example_sentence"": ""শিক্ষার্থীরা উদাহরণে বইটি কোনো কিছু আগের জায়গায় ফিরিয়ে রাখা অনুশীলন করে।""}, {""phrase"": ""মিটিংটি কোনো কিছু আগের জায়গায় ফিরিয়ে রাখা"", ""example_sentence"": ""শিক্ষার্থীরা উদাহরণে মিটিংটি কোনো কিছু আগের জায়গায় ফিরিয়ে রাখা অনুশীলন করে।""}, {""phrase"": ""chairs কোনো কিছু আগের জায়গায় ফিরিয়ে রাখা"", ""example_sentence"": ""শিক্ষার্থীরা উদাহরণে chairs কোনো কিছু আগের জায়গায় ফিরিয়ে রাখা অনুশীলন করে।""}]",return; replace; restore to position,remove; take away; misplace,A2,"09 - Relationships, Feelings & Daily Life","After work, Aisha had to put back the office again to pick up a charger.",ব্যক্তিটি কোনো কিছু আগের জায়গায় ফিরিয়ে রাখা করেছিল।,"employee returning to a quiet office in the evening, holding keys and a bag. Realistic contemporary setting, natural lighting, clear facial expressions, accurate everyday details, documentary photography style.","[""I might put back the office after lunch."", ""Sofia plans to put back her aunt on Sunday."", ""Please put back the library if you have time.""]"
Phrasal Verb,put down,/pʊt daʊn/,PUT DOWN,পুট ডাউন,To criticize harshly; to place something down; to end an animal's life,কঠোরভাবে সমালোচনা করা; রাখা কোনো কিছু নিচে; শেষ করা প্রাণীর জীবন,"[{""phrase"": ""put down your bag"", ""example_sentence"": ""You can put down your bag in everyday situations.""}, {""phrase"": ""put down a deposit"", ""example_sentence"": ""Workers often put down a deposit during a busy day.""}, {""phrase"": ""put down a rude comment"", ""example_sentence"": ""Students should learn to put down a rude comment when it is useful.""}]","[{""phrase"": ""আপনার bag কঠোরভাবে সমালোচনা করা"", ""example_sentence"": ""শিক্ষার্থীরা উদাহরণে আপনার bag কঠোরভাবে সমালোচনা করা অনুশীলন করে।""}, {""phrase"": ""একটি deposit কঠোরভাবে সমালোচনা করা"", ""example_sentence"": ""শিক্ষার্থীরা উদাহরণে একটি deposit কঠোরভাবে সমালোচনা করা অনুশীলন করে।""}, {""phrase"": ""একটি rude comment কঠোরভাবে সমালোচনা করা"", ""example_sentence"": ""শিক্ষার্থীরা উদাহরণে একটি rude comment কঠোরভাবে সমালোচনা করা অনুশীলন করে।""}]",criticize; place down; put to sleep,praise; pick up; save,A2,"09 - Relationships, Feelings & Daily Life","At work, Lucas had to put down.","কর্মক্ষেত্রে, লুকাসকে কঠোরভাবে সমালোচনা করা বা রাখা কোনো কিছু নিচে বা শেষ করা প্রাণীর জীবন প্রয়োজন হয়েছিল।","realistic workplace scene matching the sentence, detailed environment and natural light. Realistic contemporary setting, natural lighting, clear facial expressions, accurate everyday details, documentary photography style.","[""Sofia had to put down before lunch."", ""We decided to put down during the meeting."", ""They want to put down this week.""]"
Phrasal Verb,put in,/pʊt ɪn/,PUT een,পুট ইন,To install; to contribute time or effort,ইনস্টল করা; সময় বা চেষ্টা,"[{""phrase"": ""put in extra effort"", ""example_sentence"": ""You can put in extra effort in everyday situations.""}, {""phrase"": ""put in a request"", ""example_sentence"": ""Workers often put in a request during a busy day.""}, {""phrase"": ""put in new software"", ""example_sentence"": ""Students should learn to put in new software when it is useful.""}]","[{""phrase"": ""অতিরিক্ত effort ইনস্টল করা"", ""example_sentence"": ""শিক্ষার্থীরা উদাহরণে অতিরিক্ত effort ইনস্টল করা অনুশীলন করে।""}, {""phrase"": ""একটি অনুরোধ ইনস্টল করা"", ""example_sentence"": ""শিক্ষার্থীরা উদাহরণে একটি অনুরোধ ইনস্টল করা অনুশীলন করে।""}, {""phrase"": ""নতুন software ইনস্টল করা"", ""example_sentence"": ""শিক্ষার্থীরা উদাহরণে নতুন software ইনস্টল করা অনুশীলন করে।""}]",install; contribute; spend effort,remove; withhold; take out,A2,"04 - Work, Responsibility & Productivity","Before the deadline, Sofia decided to put in the new plan.","সময়সীমার আগে, সোফিয়া নতুন পরিকল্পনাটি ইনস্টল করা বা সময় বা চেষ্টা করার সিদ্ধান্ত নিয়েছিল।","team members gathered around a table, supporting a plan shown on a laptop and printed notes. Realistic contemporary setting, natural lighting, clear facial expressions, accurate everyday details, documentary photography style.","[""Everyone must put in during the group task."", ""Lina was ready to put in the plan."", ""The team asked all members to put in.""]"
Phrasal Verb,put on,/pʊt ɑn/,PUT on,পুট অন,To wear; to start a device; to pretend,পরিধান করা; শুরু করা; ভান করা,"[{""phrase"": ""put on a jacket"", ""example_sentence"": ""You can put on a jacket in everyday situations.""}, {""phrase"": ""put on weight"", ""example_sentence"": ""Workers often put on weight during a busy day.""}, {""phrase"": ""put on a show"", ""example_sentence"": ""Students should learn to put on a show when it is useful.""}]","[{""phrase"": ""একটি jacket পরিধান করা"", ""example_sentence"": ""শিক্ষার্থীরা উদাহরণে একটি jacket পরিধান করা অনুশীলন করে।""}, {""phrase"": ""weight পরিধান করা"", ""example_sentence"": ""শিক্ষার্থীরা উদাহরণে weight পরিধান করা অনুশীলন করে।""}, {""phrase"": ""একটি show পরিধান করা"", ""example_sentence"": ""শিক্ষার্থীরা উদাহরণে একটি show পরিধান করা অনুশীলন করে।""}]",wear; switch on; pretend,take off; turn off; be genuine,A2,"09 - Relationships, Feelings & Daily Life","After school, Ethan had to put on.","স্কুলের পর, ইথানকে পরিধান করা বা শুরু করা বা ভান করা প্রয়োজন হয়েছিল।","realistic school scene matching the sentence, clear action and natural colors. Realistic contemporary setting, natural lighting, clear facial expressions, accurate everyday details, documentary photography style.","[""Lina had to put on before lunch."", ""We decided to put on during the meeting."", ""They want to put on this week.""]"
Phrasal Verb,put out,/pʊt aʊt/,PUT out,পুট আউট,To extinguish; to publish; to inconvenience,নেভানো; প্রকাশ করা; অসুবিধা,"[{""phrase"": ""put out the fire"", ""example_sentence"": ""You can put out the fire in everyday situations.""}, {""phrase"": ""put out a statement"", ""example_sentence"": ""Workers often put out a statement during a busy day.""}, {""phrase"": ""put out a new product"", ""example_sentence"": ""Students should learn to put out a new product when it is useful.""}]","[{""phrase"": ""fire প্রকাশ করা"", ""example_sentence"": ""শিক্ষার্থীরা উদাহরণে fire প্রকাশ করা অনুশীলন করে।""}, {""phrase"": ""একটি statement প্রকাশ করা"", ""example_sentence"": ""শিক্ষার্থীরা উদাহরণে একটি statement প্রকাশ করা অনুশীলন করে।""}, {""phrase"": ""একটি নতুন product প্রকাশ করা"", ""example_sentence"": ""শিক্ষার্থীরা উদাহরণে একটি নতুন product প্রকাশ করা অনুশীলন করে।""}]",extinguish; publish; inconvenience,light; conceal; help,A2,"09 - Relationships, Feelings & Daily Life","At work, Lina had to put out.","কর্মক্ষেত্রে, লিনাকে নেভানো বা প্রকাশ করা বা অসুবিধা প্রয়োজন হয়েছিল।","realistic workplace scene matching the sentence, detailed environment and natural light. Realistic contemporary setting, natural lighting, clear facial expressions, accurate everyday details, documentary photography style.","[""Omar had to put out before lunch."", ""We decided to put out during the meeting."", ""They want to put out this week.""]"
Phrasal Verb,put through,/pʊt θru/,PUT THROO,পুট থ্রু,To connect by phone; to cause to endure something,ফোনে সংযোগ দেওয়া; কারণ হওয়া/ঘটানো শেষ করা কোনো কিছু,"[{""phrase"": ""put through a call"", ""example_sentence"": ""You can put through a call in everyday situations.""}, {""phrase"": ""put through a payment"", ""example_sentence"": ""Workers often put through a payment during a busy day.""}, {""phrase"": ""put through a difficult test"", ""example_sentence"": ""Students should learn to put through a difficult test when it is useful.""}]","[{""phrase"": ""একটি কল ফোনে সংযোগ দেওয়া"", ""example_sentence"": ""শিক্ষার্থীরা উদাহরণে একটি কল ফোনে সংযোগ দেওয়া অনুশীলন করে।""}, {""phrase"": ""একটি payment ফোনে সংযোগ দেওয়া"", ""example_sentence"": ""শিক্ষার্থীরা উদাহরণে একটি payment ফোনে সংযোগ দেওয়া অনুশীলন করে।""}, {""phrase"": ""একটি কঠিন test ফোনে সংযোগ দেওয়া"", ""example_sentence"": ""শিক্ষার্থীরা উদাহরণে একটি কঠিন test ফোনে সংযোগ দেওয়া অনুশীলন করে।""}]",connect by phone; make someone endure,disconnect; spare; block,A2,01 - Communication & Discussion,"During the day, Omar had to put through.","দিনের মধ্যে, ওমরকে ফোনে সংযোগ দেওয়া বা কারণ হওয়া/ঘটানো শেষ করা কোনো কিছু প্রয়োজন হয়েছিল।","realistic daily-life scene matching the sentence, natural lighting, candid photography. Realistic contemporary setting, natural lighting, clear facial expressions, accurate everyday details, documentary photography style.","[""Chloe had to put through before lunch."", ""We decided to put through during the meeting."", ""They want to put through this week.""]"
Phrasal Verb,put together,/pʊt təɡɛðɚ/,PUT TOOHGETHER,পুট টাগেদার,To assemble or organize,একত্র করা বা সংগঠিত করা,"[{""phrase"": ""put together a team"", ""example_sentence"": ""You can put together a team in everyday situations.""}, {""phrase"": ""put together a report"", ""example_sentence"": ""Workers often put together a report during a busy day.""}, {""phrase"": ""put together a proposal"", ""example_sentence"": ""Students should learn to put together a proposal when it is useful.""}]","[{""phrase"": ""একটি দল একত্র করা"", ""example_sentence"": ""শিক্ষার্থীরা উদাহরণে একটি দল একত্র করা অনুশীলন করে।""}, {""phrase"": ""একটি রিপোর্ট একত্র করা"", ""example_sentence"": ""শিক্ষার্থীরা উদাহরণে একটি রিপোর্ট একত্র করা অনুশীলন করে।""}, {""phrase"": ""একটি প্রস্তাব একত্র করা"", ""example_sentence"": ""শিক্ষার্থীরা উদাহরণে একটি প্রস্তাব একত্র করা অনুশীলন করে।""}]",assemble; organize; combine,take apart; scatter; disorganize,A2,"04 - Work, Responsibility & Productivity","For the presentation, Chloe decided to put together the main ideas on the whiteboard.",ব্যক্তিটি একত্র করা বা সংগঠিত করা করেছিল।,"classroom or office whiteboard with key points arranged clearly, presenter preparing. Realistic contemporary setting, natural lighting, clear facial expressions, accurate everyday details, documentary photography style.","[""Hassan helped to put together the chairs before class."", ""We should put together the ideas more clearly."", ""The manager asked them to put together the files on the desk.""]"
Phrasal Verb,read up on,/rɛd ʌp ɑn/,RED up on,রেড আপ অন,To research a topic thoroughly,কোনো বিষয় ভালোভাবে গবেষণা করা,"[{""phrase"": ""read up on the topic"", ""example_sentence"": ""You can read up on the topic in everyday situations.""}, {""phrase"": ""read up on company policy"", ""example_sentence"": ""Workers often read up on company policy during a busy day.""}, {""phrase"": ""read up on local history"", ""example_sentence"": ""Students should learn to read up on local history when it is useful.""}]","[{""phrase"": ""বিষয়টি বিষয় ভালোভাবে গবেষণা করা"", ""example_sentence"": ""শিক্ষার্থীরা উদাহরণে বিষয়টি বিষয় ভালোভাবে গবেষণা করা অনুশীলন করে।""}, {""phrase"": ""কোম্পানি নীতি বিষয় ভালোভাবে গবেষণা করা"", ""example_sentence"": ""শিক্ষার্থীরা উদাহরণে কোম্পানি নীতি বিষয় ভালোভাবে গবেষণা করা অনুশীলন করে।""}, {""phrase"": ""local history বিষয় ভালোভাবে গবেষণা করা"", ""example_sentence"": ""শিক্ষার্থীরা উদাহরণে local history বিষয় ভালোভাবে গবেষণা করা অনুশীলন করে।""}]",research; study; read about thoroughly,ignore; avoid studying; stay uninformed,B1,"02 - Thinking, Learning & Understanding","Before the client call, Hassan had to read up on how to fix the login error so the system would work in time.","ক্লায়েন্ট কলের আগে, হাসানকে কোনো বিষয় ভালোভাবে গবেষণা করা প্রয়োজন হয়েছিল।","modern office, laptop with login screen, employee focused on troubleshooting. Realistic contemporary setting, natural lighting, clear facial expressions, accurate everyday details, documentary photography style.","[""Nora tried to read up on the last question alone."", ""We need to read up on why the app keeps freezing."", ""Ben could not read up on the map until sunset.""]"
Phrasal Verb,rely on,/rɪlaɪ ɑn/,RIH-ly on,রিলাই অন,To depend on someone or something,কাউকে বা কোনো কিছুর ওপর নির্ভর করা,"[{""phrase"": ""rely on your friends"", ""example_sentence"": ""You can rely on your friends in everyday situations.""}, {""phrase"": ""rely on accurate data"", ""example_sentence"": ""Workers often rely on accurate data during a busy day.""}, {""phrase"": ""rely on public transport"", ""example_sentence"": ""Students should learn to rely on public transport when it is useful.""}]","[{""phrase"": ""আপনার বন্ধুরা কিছুর ওপর নির্ভর করা"", ""example_sentence"": ""শিক্ষার্থীরা উদাহরণে আপনার বন্ধুরা কিছুর ওপর নির্ভর করা অনুশীলন করে।""}, {""phrase"": ""accurate ডেটা কিছুর ওপর নির্ভর করা"", ""example_sentence"": ""শিক্ষার্থীরা উদাহরণে accurate ডেটা কিছুর ওপর নির্ভর করা অনুশীলন করে।""}, {""phrase"": ""public transport কিছুর ওপর নির্ভর করা"", ""example_sentence"": ""শিক্ষার্থীরা উদাহরণে public transport কিছুর ওপর নির্ভর করা অনুশীলন করে।""}]",depend on; count on; trust,distrust; do without; doubt,A2,"09 - Relationships, Feelings & Daily Life","During the day, Nora had to rely on.","দিনের মধ্যে, নোরাকে কাউকে বা কোনো কিছুর ওপর নির্ভর করা প্রয়োজন হয়েছিল।","realistic daily-life scene matching the sentence, natural lighting, candid photography. Realistic contemporary setting, natural lighting, clear facial expressions, accurate everyday details, documentary photography style.","[""Ben had to rely on before lunch."", ""We decided to rely on during the meeting."", ""They want to rely on this week.""]"
Phrasal Verb,report back,/ripɔrt bæk/,RIH-port BACK,রিপর্ট ব্যাক,To return with findings or results,ফলাফল বা তথ্য নিয়ে ফিরে আসা,"[{""phrase"": ""report back on time"", ""example_sentence"": ""The team tried to report back on time so the schedule stayed clear.""}, {""phrase"": ""report back during the project"", ""example_sentence"": ""Things may report back during the project when the workload increases.""}, {""phrase"": ""report back without delay"", ""example_sentence"": ""Everyone was ready to report back without delay after the announcement.""}]","[{""phrase"": ""সময়মতো ফলাফল বা তথ্য নিয়ে ফিরে আসা"", ""example_sentence"": ""শিক্ষার্থীরা উদাহরণে সময়মতো ফলাফল বা তথ্য নিয়ে ফিরে আসা অনুশীলন করে।""}, {""phrase"": ""প্রকল্প চলাকালে ফলাফল বা তথ্য নিয়ে ফিরে আসা"", ""example_sentence"": ""শিক্ষার্থীরা উদাহরণে প্রকল্প চলাকালে ফলাফল বা তথ্য নিয়ে ফিরে আসা অনুশীলন করে।""}, {""phrase"": ""দেরি না করে ফলাফল বা তথ্য নিয়ে ফিরে আসা"", ""example_sentence"": ""শিক্ষার্থীরা উদাহরণে দেরি না করে ফলাফল বা তথ্য নিয়ে ফিরে আসা অনুশীলন করে।""}]",return with information; give results; update,stay silent; withhold findings; fail to report,A2,01 - Communication & Discussion,"After work, Ben had to report back the office again to pick up a charger.",ব্যক্তিটি ফলাফল বা তথ্য নিয়ে ফিরে আসা করেছিল।,"employee returning to a quiet office in the evening, holding keys and a bag. Realistic contemporary setting, natural lighting, clear facial expressions, accurate everyday details, documentary photography style.","[""I might report back the office after lunch."", ""Leo plans to report back her aunt on Sunday."", ""Please report back the library if you have time.""]"
Phrasal Verb,roll out,/roʊl aʊt/,ROHL out,রোল আউট,To launch or introduce something new,নতুন কিছু চালু বা পরিচয় করানো,"[{""phrase"": ""roll out a new feature"", ""example_sentence"": ""You can roll out a new feature in everyday situations.""}, {""phrase"": ""roll out the program"", ""example_sentence"": ""Workers often roll out the program during a busy day.""}, {""phrase"": ""roll out the update"", ""example_sentence"": ""Students should learn to roll out the update when it is useful.""}]","[{""phrase"": ""একটি নতুন feature পরিচয় করানো"", ""example_sentence"": ""শিক্ষার্থীরা উদাহরণে একটি নতুন feature পরিচয় করানো অনুশীলন করে।""}, {""phrase"": ""program পরিচয় করানো"", ""example_sentence"": ""শিক্ষার্থীরা উদাহরণে program পরিচয় করানো অনুশীলন করে।""}, {""phrase"": ""update পরিচয় করানো"", ""example_sentence"": ""শিক্ষার্থীরা উদাহরণে update পরিচয় করানো অনুশীলন করে।""}]",launch; introduce; release gradually,withdraw; cancel; phase out,A2,"03 - Plans, Decisions & Strategy","At dinner, Sara had to roll out the summer travel plan while the family was eating together.","রাতের খাবারের সময়, সারাকে নতুন পরিবার একসঙ্গে খাওয়ার সময় গ্রীষ্মের ভ্রমণ পরিকল্পনাটি চালু বা পরিচয় করানো প্রয়োজন হয়েছিল।","family dinner table in a warm kitchen, one person speaking about plans while others listen. Realistic contemporary setting, natural lighting, clear facial expressions, accurate everyday details, documentary photography style.","[""Please roll out the budget issue today."", ""Leo wanted to roll out the class trip at lunch."", ""The teacher asked us to roll out one more point.""]"
Phrasal Verb,round up,/raʊnd ʌp/,ROWND up,রাউন্ড আপ,To gather together; to raise a number to the nearest whole,একত্র করা; সংখ্যাকে নিকটতম পূর্ণসংখ্যায় উন্নীত করা,"[{""phrase"": ""round up the volunteers"", ""example_sentence"": ""You can round up the volunteers in everyday situations.""}, {""phrase"": ""round up the figures"", ""example_sentence"": ""Workers often round up the figures during a busy day.""}, {""phrase"": ""round up the children"", ""example_sentence"": ""Students should learn to round up the children when it is useful.""}]","[{""phrase"": ""volunteers একত্র করা"", ""example_sentence"": ""শিক্ষার্থীরা উদাহরণে volunteers একত্র করা অনুশীলন করে।""}, {""phrase"": ""figures একত্র করা"", ""example_sentence"": ""শিক্ষার্থীরা উদাহরণে figures একত্র করা অনুশীলন করে।""}, {""phrase"": ""শিশুদের একত্র করা"", ""example_sentence"": ""শিক্ষার্থীরা উদাহরণে শিশুদের একত্র করা অনুশীলন করে।""}]",gather; collect; round upward,scatter; separate; round down,A2,"09 - Relationships, Feelings & Daily Life","During the day, Leo had to round up.","দিনের মধ্যে, লিওকে একত্র করা বা সংখ্যাকে নিকটতম পূর্ণসংখ্যায় উন্নীত করা প্রয়োজন হয়েছিল।","realistic daily-life scene matching the sentence, natural lighting, candid photography. Realistic contemporary setting, natural lighting, clear facial expressions, accurate everyday details, documentary photography style.","[""Maya had to round up before lunch."", ""We decided to round up during the meeting."", ""They want to round up this week.""]"
Phrasal Verb,rule out,/rul aʊt/,ROOL out,রুল আউট,To eliminate as a possibility,সম্ভাবনা হিসেবে বাদ দেওয়া,"[{""phrase"": ""rule out the possibility"", ""example_sentence"": ""You can rule out the possibility in everyday situations.""}, {""phrase"": ""rule out a mistake"", ""example_sentence"": ""Workers often rule out a mistake during a busy day.""}, {""phrase"": ""rule out that option"", ""example_sentence"": ""Students should learn to rule out that option when it is useful.""}]","[{""phrase"": ""possibility সম্ভাবনা হিসেবে বাদ দেওয়া"", ""example_sentence"": ""শিক্ষার্থীরা উদাহরণে possibility সম্ভাবনা হিসেবে বাদ দেওয়া অনুশীলন করে।""}, {""phrase"": ""একটি ভুল সম্ভাবনা হিসেবে বাদ দেওয়া"", ""example_sentence"": ""শিক্ষার্থীরা উদাহরণে একটি ভুল সম্ভাবনা হিসেবে বাদ দেওয়া অনুশীলন করে।""}, {""phrase"": ""that বিকল্প সম্ভাবনা হিসেবে বাদ দেওয়া"", ""example_sentence"": ""শিক্ষার্থীরা উদাহরণে that বিকল্প সম্ভাবনা হিসেবে বাদ দেওয়া অনুশীলন করে।""}]",exclude; eliminate as possible; dismiss,consider; include; keep open,A2,"03 - Plans, Decisions & Strategy","For the environment, Maya decided to rule out plastic use in the office.","পরিবেশের জন্য, মায়া অফিসে প্লাস্টিকের ব্যবহার সম্ভাবনা হিসেবে বাদ দেওয়ার সিদ্ধান্ত নিয়েছিল।","office kitchen with reusable bottles and containers replacing plastic items. Realistic contemporary setting, natural lighting, clear facial expressions, accurate everyday details, documentary photography style.","[""The family wants to rule out on waste this month."", ""Ivy decided to rule out after looking at the bill."", ""We need to rule out before the exam week.""]"
Phrasal Verb,run through,/rʌn θru/,RUN THROO,রান থ্রু,To rehearse; to quickly review,অনুশীলন করা; দ্রুত পর্যালোচনা করা,"[{""phrase"": ""run through the agenda"", ""example_sentence"": ""You can run through the agenda in everyday situations.""}, {""phrase"": ""run through the steps"", ""example_sentence"": ""Workers often run through the steps during a busy day.""}, {""phrase"": ""run through the budget"", ""example_sentence"": ""Students should learn to run through the budget when it is useful.""}]","[{""phrase"": ""agenda অনুশীলন করা"", ""example_sentence"": ""শিক্ষার্থীরা উদাহরণে agenda অনুশীলন করা অনুশীলন করে।""}, {""phrase"": ""steps অনুশীলন করা"", ""example_sentence"": ""শিক্ষার্থীরা উদাহরণে steps অনুশীলন করা অনুশীলন করে।""}, {""phrase"": ""বাজেটটি অনুশীলন করা"", ""example_sentence"": ""শিক্ষার্থীরা উদাহরণে বাজেটটি অনুশীলন করা অনুশীলন করে।""}]",rehearse; review quickly; go over,skip; improvise; avoid reviewing,A2,"02 - Thinking, Learning & Understanding","At work, David had to run through.","কর্মক্ষেত্রে, ডেভিডকে অনুশীলন করা বা দ্রুত পর্যালোচনা করা প্রয়োজন হয়েছিল।","realistic workplace scene matching the sentence, detailed environment and natural light. Realistic contemporary setting, natural lighting, clear facial expressions, accurate everyday details, documentary photography style.","[""Ivy had to run through before lunch."", ""We decided to run through during the meeting."", ""They want to run through this week.""]"
Phrasal Verb,send off,/sɛnd ɔf/,SEND AWF,সেন্ড অফ,To dispatch; to dismiss from a game,পাঠিয়ে দেওয়া; থেকে খেলা,"[{""phrase"": ""send off an application"", ""example_sentence"": ""You can send off an application in everyday situations.""}, {""phrase"": ""send off a package"", ""example_sentence"": ""Workers often send off a package during a busy day.""}, {""phrase"": ""send off the players"", ""example_sentence"": ""Students should learn to send off the players when it is useful.""}]","[{""phrase"": ""একটি আবেদন পাঠিয়ে দেওয়া"", ""example_sentence"": ""শিক্ষার্থীরা উদাহরণে একটি আবেদন পাঠিয়ে দেওয়া অনুশীলন করে।""}, {""phrase"": ""একটি প্যাকেজ পাঠিয়ে দেওয়া"", ""example_sentence"": ""শিক্ষার্থীরা উদাহরণে একটি প্যাকেজ পাঠিয়ে দেওয়া অনুশীলন করে।""}, {""phrase"": ""players পাঠিয়ে দেওয়া"", ""example_sentence"": ""শিক্ষার্থীরা উদাহরণে players পাঠিয়ে দেওয়া অনুশীলন করে।""}]",dispatch; send away; dismiss from a game,receive; keep; allow to stay,A2,01 - Communication & Discussion,"During the day, Ivy had to send off.","দিনের মধ্যে, আইভিকে পাঠিয়ে দেওয়া বা থেকে খেলা প্রয়োজন হয়েছিল।","realistic daily-life scene matching the sentence, natural lighting, candid photography. Realistic contemporary setting, natural lighting, clear facial expressions, accurate everyday details, documentary photography style.","[""Ryan had to send off before lunch."", ""We decided to send off during the meeting."", ""They want to send off this week.""]"
Phrasal Verb,set aside,/sɛt əsaɪd/,SET OOHSEYED,সেট আসাইড,To reserve for a specific purpose; to disregard,নির্দিষ্ট উদ্দেশ্যে আলাদা রাখা; উপেক্ষা,"[{""phrase"": ""set aside time"", ""example_sentence"": ""You can set aside time in everyday situations.""}, {""phrase"": ""set aside money"", ""example_sentence"": ""Workers often set aside money during a busy day.""}, {""phrase"": ""set aside old worries"", ""example_sentence"": ""Students should learn to set aside old worries when it is useful.""}]","[{""phrase"": ""সময় নির্দিষ্ট উদ্দেশ্যে আলাদা রাখা; উপেক্ষা"", ""example_sentence"": ""শিক্ষার্থীরা উদাহরণে সময় নির্দিষ্ট উদ্দেশ্যে আলাদা রাখা; উপেক্ষা অনুশীলন করে।""}, {""phrase"": ""টাকা নির্দিষ্ট উদ্দেশ্যে আলাদা রাখা; উপেক্ষা"", ""example_sentence"": ""শিক্ষার্থীরা উদাহরণে টাকা নির্দিষ্ট উদ্দেশ্যে আলাদা রাখা; উপেক্ষা অনুশীলন করে।""}, {""phrase"": ""পুরোনো worries নির্দিষ্ট উদ্দেশ্যে আলাদা রাখা; উপেক্ষা"", ""example_sentence"": ""শিক্ষার্থীরা উদাহরণে পুরোনো worries নির্দিষ্ট উদ্দেশ্যে আলাদা রাখা; উপেক্ষা অনুশীলন করে।""}]",reserve; put apart; disregard temporarily,use now; include; consider,A2,"03 - Plans, Decisions & Strategy","After school, Ryan had to set aside.","স্কুলের পর, রায়ানকে নির্দিষ্ট উদ্দেশ্যে আলাদা রাখা বা উপেক্ষা প্রয়োজন হয়েছিল।","realistic school scene matching the sentence, clear action and natural colors. Realistic contemporary setting, natural lighting, clear facial expressions, accurate everyday details, documentary photography style.","[""Julia had to set aside before lunch."", ""We decided to set aside during the meeting."", ""They want to set aside this week.""]"
Phrasal Verb,set back,/sɛt bæk/,SET BACK,সেট ব্যাক,To delay progress; to cost a particular amount,অগ্রগতি বিলম্বিত করা; নির্দিষ্ট পরিমাণ খরচ হওয়া,"[{""phrase"": ""set back the project"", ""example_sentence"": ""You can set back the project in everyday situations.""}, {""phrase"": ""set back our progress"", ""example_sentence"": ""Workers often set back our progress during a busy day.""}, {""phrase"": ""set back the schedule"", ""example_sentence"": ""Students should learn to set back the schedule when it is useful.""}]","[{""phrase"": ""প্রকল্পটি অগ্রগতি বিলম্বিত করা"", ""example_sentence"": ""শিক্ষার্থীরা উদাহরণে প্রকল্পটি অগ্রগতি বিলম্বিত করা অনুশীলন করে।""}, {""phrase"": ""আমাদের অগ্রগতি অগ্রগতি বিলম্বিত করা"", ""example_sentence"": ""শিক্ষার্থীরা উদাহরণে আমাদের অগ্রগতি অগ্রগতি বিলম্বিত করা অনুশীলন করে।""}, {""phrase"": ""সময়সূচিটি অগ্রগতি বিলম্বিত করা"", ""example_sentence"": ""শিক্ষার্থীরা উদাহরণে সময়সূচিটি অগ্রগতি বিলম্বিত করা অনুশীলন করে।""}]",delay; slow progress; cost,advance; speed up; help progress,A2,"05 - Time, Scheduling & Process",Heavy rain set back the road repairs by nearly two weeks.,Heavy অগ্রগতি বিলম্বিত করা বা নির্দিষ্ট পরিমাণ খরচ হওয়া করেছিল।,"Road construction site in heavy rain with machinery stopped and workers checking a delayed schedule, realistic outdoor scene.","[""The broken printer set back our work this morning."", ""A late delivery set back the opening date."", ""The extra fees set the family back more than they expected.""]"
Phrasal Verb,set out,/sɛt aʊt/,SET out,সেট আউট,To begin a journey; to explain or present,যাত্রা শুরু করা; ব্যাখ্যা করা বা উপস্থাপন,"[{""phrase"": ""set out the rules"", ""example_sentence"": ""You can set out the rules in everyday situations.""}, {""phrase"": ""set out your goals"", ""example_sentence"": ""Workers often set out your goals during a busy day.""}, {""phrase"": ""set out the plan"", ""example_sentence"": ""Students should learn to set out the plan when it is useful.""}]","[{""phrase"": ""নিয়মগুলো যাত্রা শুরু করা"", ""example_sentence"": ""শিক্ষার্থীরা উদাহরণে নিয়মগুলো যাত্রা শুরু করা অনুশীলন করে।""}, {""phrase"": ""আপনার লক্ষ্যগুলো যাত্রা শুরু করা"", ""example_sentence"": ""শিক্ষার্থীরা উদাহরণে আপনার লক্ষ্যগুলো যাত্রা শুরু করা অনুশীলন করে।""}, {""phrase"": ""পরিকল্পনাটি যাত্রা শুরু করা"", ""example_sentence"": ""শিক্ষার্থীরা উদাহরণে পরিকল্পনাটি যাত্রা শুরু করা অনুশীলন করে।""}]",begin a journey; explain; present,return; stay; conceal; leave unclear,A2,"10 - Money, Business, Technology & Movement","During the day, Sam had to set out.","দিনের মধ্যে, স্যামকে যাত্রা শুরু করা বা ব্যাখ্যা করা বা উপস্থাপন প্রয়োজন হয়েছিল।","realistic daily-life scene matching the sentence, natural lighting, candid photography. Realistic contemporary setting, natural lighting, clear facial expressions, accurate everyday details, documentary photography style.","[""Ella had to set out before lunch."", ""We decided to set out during the meeting."", ""They want to set out this week.""]"
Phrasal Verb,settle down,/sɛtəl daʊn/,SETOOHL DOWN,সেটাল ডাউন,To become calm; to establish a stable life,শান্ত হওয়া; স্থাপন করা স্থির জীবন,"[{""phrase"": ""settle down on time"", ""example_sentence"": ""The team tried to settle down on time so the schedule stayed clear.""}, {""phrase"": ""settle down during the project"", ""example_sentence"": ""Things may settle down during the project when the workload increases.""}, {""phrase"": ""settle down without delay"", ""example_sentence"": ""Everyone was ready to settle down without delay after the announcement.""}]","[{""phrase"": ""সময়মতো শান্ত হওয়া"", ""example_sentence"": ""শিক্ষার্থীরা উদাহরণে সময়মতো শান্ত হওয়া অনুশীলন করে।""}, {""phrase"": ""প্রকল্প চলাকালে শান্ত হওয়া"", ""example_sentence"": ""শিক্ষার্থীরা উদাহরণে প্রকল্প চলাকালে শান্ত হওয়া অনুশীলন করে।""}, {""phrase"": ""দেরি না করে শান্ত হওয়া"", ""example_sentence"": ""শিক্ষার্থীরা উদাহরণে দেরি না করে শান্ত হওয়া অনুশীলন করে।""}]",become calm; become stable; establish a life,get upset; move around; remain unsettled,A2,"09 - Relationships, Feelings & Daily Life","When the teacher dimmed the lights, the noisy class began to settle down.","শিক্ষক আলো ম্লান করলে, হৈচৈ করা ক্লাসটি শান্ত হতে শুরু করেছিল।","Classroom with students gradually becoming calm as a teacher prepares to begin the lesson, realistic school environment.","[""Please settle down so we can start the lesson."", ""The baby settled down after her mother sang softly."", ""After moving often, they hoped to settle down in one city.""]"
Phrasal Verb,settle for,/sɛtəl fɔr/,SETOOHL for,সেটাল ফর,To accept something less than ideal,আদর্শের চেয়ে কম কিছু মেনে নেওয়া,"[{""phrase"": ""settle for less"", ""example_sentence"": ""You can settle for less in everyday situations.""}, {""phrase"": ""settle for a cheaper option"", ""example_sentence"": ""Workers often settle for a cheaper option during a busy day.""}, {""phrase"": ""settle for second place"", ""example_sentence"": ""Students should learn to settle for second place when it is useful.""}]","[{""phrase"": ""less আদর্শের চেয়ে কম কিছু মেনে নেওয়া"", ""example_sentence"": ""শিক্ষার্থীরা উদাহরণে less আদর্শের চেয়ে কম কিছু মেনে নেওয়া অনুশীলন করে।""}, {""phrase"": ""একটি cheaper বিকল্প আদর্শের চেয়ে কম কিছু মেনে নেওয়া"", ""example_sentence"": ""শিক্ষার্থীরা উদাহরণে একটি cheaper বিকল্প আদর্শের চেয়ে কম কিছু মেনে নেওয়া অনুশীলন করে।""}, {""phrase"": ""second place আদর্শের চেয়ে কম কিছু মেনে নেওয়া"", ""example_sentence"": ""শিক্ষার্থীরা উদাহরণে second place আদর্শের চেয়ে কম কিছু মেনে নেওয়া অনুশীলন করে।""}]",accept less; make do with,insist on better; reject; hold out,A2,"03 - Plans, Decisions & Strategy","Before bedtime, Jonah decided to settle for screen time in the evening.","ঘুমানোর আগে, জোনাহ আদর্শের চেয়ে কম সন্ধ্যার স্ক্রিন টাইম মেনে নেওয়ার সিদ্ধান্ত নিয়েছিল।","person placing a phone on a table at night, calm bedroom lighting. Realistic contemporary setting, natural lighting, clear facial expressions, accurate everyday details, documentary photography style.","[""The family wants to settle for on waste this month."", ""Victor decided to settle for after looking at the bill."", ""We need to settle for before the exam week.""]"
Phrasal Verb,show off,/ʃoʊ ɔf/,SHOH AWF,শো অফ,To display proudly; to boast,গর্ব করে প্রদর্শন করা; দম্ভ,"[{""phrase"": ""show off on time"", ""example_sentence"": ""The team tried to show off on time so the schedule stayed clear.""}, {""phrase"": ""show off during the project"", ""example_sentence"": ""Things may show off during the project when the workload increases.""}, {""phrase"": ""show off without delay"", ""example_sentence"": ""Everyone was ready to show off without delay after the announcement.""}]","[{""phrase"": ""সময়মতো গর্ব করে প্রদর্শন করা"", ""example_sentence"": ""শিক্ষার্থীরা উদাহরণে সময়মতো গর্ব করে প্রদর্শন করা অনুশীলন করে।""}, {""phrase"": ""প্রকল্প চলাকালে গর্ব করে প্রদর্শন করা"", ""example_sentence"": ""শিক্ষার্থীরা উদাহরণে প্রকল্প চলাকালে গর্ব করে প্রদর্শন করা অনুশীলন করে।""}, {""phrase"": ""দেরি না করে গর্ব করে প্রদর্শন করা"", ""example_sentence"": ""শিক্ষার্থীরা উদাহরণে দেরি না করে গর্ব করে প্রদর্শন করা অনুশীলন করে।""}]",boast; display proudly; flaunt,hide; downplay; be modest,A2,"09 - Relationships, Feelings & Daily Life","During the day, Leila had to show off.","দিনের মধ্যে, লেইলাকে গর্ব করে প্রদর্শন করা বা দম্ভ প্রয়োজন হয়েছিল।","realistic daily-life scene matching the sentence, natural lighting, candid photography. Realistic contemporary setting, natural lighting, clear facial expressions, accurate everyday details, documentary photography style.","[""Victor had to show off before lunch."", ""We decided to show off during the meeting."", ""They want to show off this week.""]"
Phrasal Verb,shut down,/ʃʌt daʊn/,SHUT DOWN,শাট ডাউন,To stop operations; to close a system,কার্যক্রম বন্ধ করা; বন্ধ করা সিস্টেম,"[{""phrase"": ""shut down on time"", ""example_sentence"": ""The team tried to shut down on time so the schedule stayed clear.""}, {""phrase"": ""shut down during the project"", ""example_sentence"": ""Things may shut down during the project when the workload increases.""}, {""phrase"": ""shut down without delay"", ""example_sentence"": ""Everyone was ready to shut down without delay after the announcement.""}]","[{""phrase"": ""সময়মতো কার্যক্রম বন্ধ করা"", ""example_sentence"": ""শিক্ষার্থীরা উদাহরণে সময়মতো কার্যক্রম বন্ধ করা অনুশীলন করে।""}, {""phrase"": ""প্রকল্প চলাকালে কার্যক্রম বন্ধ করা"", ""example_sentence"": ""শিক্ষার্থীরা উদাহরণে প্রকল্প চলাকালে কার্যক্রম বন্ধ করা অনুশীলন করে।""}, {""phrase"": ""দেরি না করে কার্যক্রম বন্ধ করা"", ""example_sentence"": ""শিক্ষার্থীরা উদাহরণে দেরি না করে কার্যক্রম বন্ধ করা অনুশীলন করে।""}]",stop operations; close; turn off,start up; open; keep running,A2,"10 - Money, Business, Technology & Movement","After school, Victor had to shut down.","স্কুলের পর, ভিক্টরকে কার্যক্রম বন্ধ করা বা বন্ধ করা সিস্টেম প্রয়োজন হয়েছিল।","realistic school scene matching the sentence, clear action and natural colors. Realistic contemporary setting, natural lighting, clear facial expressions, accurate everyday details, documentary photography style.","[""Hana had to shut down before lunch."", ""We decided to shut down during the meeting."", ""They want to shut down this week.""]"
Phrasal Verb,speak up,/spik ʌp/,SPEEK up,স্পিক আপ,To talk louder; to express one's opinion,জোরে কথা বলা; নিজের,"[{""phrase"": ""speak up on time"", ""example_sentence"": ""The team tried to speak up on time so the schedule stayed clear.""}, {""phrase"": ""speak up during the project"", ""example_sentence"": ""Things may speak up during the project when the workload increases.""}, {""phrase"": ""speak up without delay"", ""example_sentence"": ""Everyone was ready to speak up without delay after the announcement.""}]","[{""phrase"": ""সময়মতো জোরে কথা বলা; নিজের"", ""example_sentence"": ""শিক্ষার্থীরা উদাহরণে সময়মতো জোরে কথা বলা; নিজের অনুশীলন করে।""}, {""phrase"": ""প্রকল্প চলাকালে জোরে কথা বলা; নিজের"", ""example_sentence"": ""শিক্ষার্থীরা উদাহরণে প্রকল্প চলাকালে জোরে কথা বলা; নিজের অনুশীলন করে।""}, {""phrase"": ""দেরি না করে জোরে কথা বলা; নিজের"", ""example_sentence"": ""শিক্ষার্থীরা উদাহরণে দেরি না করে জোরে কথা বলা; নিজের অনুশীলন করে।""}]",talk louder; express an opinion; speak out,stay silent; mumble; hold back,A2,01 - Communication & Discussion,"At dinner, Hana had to speak up the summer travel plan while the family was eating together.","রাতের খাবারের সময়, হানাকে পরিবার একসঙ্গে খাওয়ার সময় গ্রীষ্মের ভ্রমণ পরিকল্পনাটি জোরে কথা বলা বা নিজের প্রয়োজন হয়েছিল।","family dinner table in a warm kitchen, one person speaking about plans while others listen. Realistic contemporary setting, natural lighting, clear facial expressions, accurate everyday details, documentary photography style.","[""Please speak up the budget issue today."", ""Mason wanted to speak up the class trip at lunch."", ""The teacher asked us to speak up one more point.""]"
Phrasal Verb,speed up,/spid ʌp/,SPEED up,স্পিড আপ,To increase the pace of something,কোনো কিছুর গতি বাড়ানো,"[{""phrase"": ""speed up on time"", ""example_sentence"": ""The team tried to speed up on time so the schedule stayed clear.""}, {""phrase"": ""speed up during the project"", ""example_sentence"": ""Things may speed up during the project when the workload increases.""}, {""phrase"": ""speed up without delay"", ""example_sentence"": ""Everyone was ready to speed up without delay after the announcement.""}]","[{""phrase"": ""সময়মতো কোনো কিছুর গতি বাড়ানো"", ""example_sentence"": ""শিক্ষার্থীরা উদাহরণে সময়মতো কোনো কিছুর গতি বাড়ানো অনুশীলন করে।""}, {""phrase"": ""প্রকল্প চলাকালে কোনো কিছুর গতি বাড়ানো"", ""example_sentence"": ""শিক্ষার্থীরা উদাহরণে প্রকল্প চলাকালে কোনো কিছুর গতি বাড়ানো অনুশীলন করে।""}, {""phrase"": ""দেরি না করে কোনো কিছুর গতি বাড়ানো"", ""example_sentence"": ""শিক্ষার্থীরা উদাহরণে দেরি না করে কোনো কিছুর গতি বাড়ানো অনুশীলন করে।""}]",accelerate; go faster; quicken,slow down; delay; decelerate,A2,"08 - Change, Growth, Rules & Control","During the day, Mason had to speed up.","দিনের মধ্যে, মেসনকে কোনো কিছুর গতি বাড়ানো প্রয়োজন হয়েছিল।","realistic daily-life scene matching the sentence, natural lighting, candid photography. Realistic contemporary setting, natural lighting, clear facial expressions, accurate everyday details, documentary photography style.","[""Nina had to speed up before lunch."", ""We decided to speed up during the meeting."", ""They want to speed up this week.""]"
Phrasal Verb,stand by,/stænd baɪ/,STAND by,স্ট্যান্ড বাই,To wait; to support someone; to be ready,অপেক্ষা করা; সমর্থন করা কাউকে; হওয়া প্রস্তুত,"[{""phrase"": ""stand by on time"", ""example_sentence"": ""The team tried to stand by on time so the schedule stayed clear.""}, {""phrase"": ""stand by during the project"", ""example_sentence"": ""Things may stand by during the project when the workload increases.""}, {""phrase"": ""stand by without delay"", ""example_sentence"": ""Everyone was ready to stand by without delay after the announcement.""}]","[{""phrase"": ""সময়মতো অপেক্ষা করা"", ""example_sentence"": ""শিক্ষার্থীরা উদাহরণে সময়মতো অপেক্ষা করা অনুশীলন করে।""}, {""phrase"": ""প্রকল্প চলাকালে অপেক্ষা করা"", ""example_sentence"": ""শিক্ষার্থীরা উদাহরণে প্রকল্প চলাকালে অপেক্ষা করা অনুশীলন করে।""}, {""phrase"": ""দেরি না করে অপেক্ষা করা"", ""example_sentence"": ""শিক্ষার্থীরা উদাহরণে দেরি না করে অপেক্ষা করা অনুশীলন করে।""}]",wait; support; be ready,leave; oppose; be unprepared,A2,"09 - Relationships, Feelings & Daily Life","After school, Nina had to stand by.","স্কুলের পর, নিনাকে অপেক্ষা করা বা সমর্থন করা কাউকে বা হওয়া প্রস্তুত প্রয়োজন হয়েছিল।","realistic school scene matching the sentence, clear action and natural colors. Realistic contemporary setting, natural lighting, clear facial expressions, accurate everyday details, documentary photography style.","[""Adam had to stand by before lunch."", ""We decided to stand by during the meeting."", ""They want to stand by this week.""]"
Phrasal Verb,stand for,/stænd fɔr/,STAND for,স্ট্যান্ড ফর,To represent or tolerate,প্রতিনিধিত্ব করা বা সহ্য করা,"[{""phrase"": ""stand for quality"", ""example_sentence"": ""You can stand for quality in everyday situations.""}, {""phrase"": ""stand for freedom"", ""example_sentence"": ""Workers often stand for freedom during a busy day.""}, {""phrase"": ""stand for three letters"", ""example_sentence"": ""Students should learn to stand for three letters when it is useful.""}]","[{""phrase"": ""quality প্রতিনিধিত্ব করা"", ""example_sentence"": ""শিক্ষার্থীরা উদাহরণে quality প্রতিনিধিত্ব করা অনুশীলন করে।""}, {""phrase"": ""freedom প্রতিনিধিত্ব করা"", ""example_sentence"": ""শিক্ষার্থীরা উদাহরণে freedom প্রতিনিধিত্ব করা অনুশীলন করে।""}, {""phrase"": ""three letters প্রতিনিধিত্ব করা"", ""example_sentence"": ""শিক্ষার্থীরা উদাহরণে three letters প্রতিনিধিত্ব করা অনুশীলন করে।""}]",represent; mean; tolerate,misrepresent; reject; refuse to tolerate,A2,01 - Communication & Discussion,"At work, Adam had to stand for.","কর্মক্ষেত্রে, আদমকে প্রতিনিধিত্ব করা বা সহ্য করা প্রয়োজন হয়েছিল।","realistic workplace scene matching the sentence, detailed environment and natural light. Realistic contemporary setting, natural lighting, clear facial expressions, accurate everyday details, documentary photography style.","[""Emma had to stand for before lunch."", ""We decided to stand for during the meeting."", ""They want to stand for this week.""]"
Phrasal Verb,stand out,/stænd aʊt/,STAND out,স্ট্যান্ড আউট,To be noticeably different or better,স্পষ্টভাবে আলাদা বা ভালো হওয়া,"[{""phrase"": ""stand out on time"", ""example_sentence"": ""The team tried to stand out on time so the schedule stayed clear.""}, {""phrase"": ""stand out during the project"", ""example_sentence"": ""Things may stand out during the project when the workload increases.""}, {""phrase"": ""stand out without delay"", ""example_sentence"": ""Everyone was ready to stand out without delay after the announcement.""}]","[{""phrase"": ""সময়মতো ভালো হওয়া"", ""example_sentence"": ""শিক্ষার্থীরা উদাহরণে সময়মতো ভালো হওয়া অনুশীলন করে।""}, {""phrase"": ""প্রকল্প চলাকালে ভালো হওয়া"", ""example_sentence"": ""শিক্ষার্থীরা উদাহরণে প্রকল্প চলাকালে ভালো হওয়া অনুশীলন করে।""}, {""phrase"": ""দেরি না করে ভালো হওয়া"", ""example_sentence"": ""শিক্ষার্থীরা উদাহরণে দেরি না করে ভালো হওয়া অনুশীলন করে।""}]",be noticeable; be distinctive; excel,blend in; be ordinary; go unnoticed,A2,"06 - Progress, Success & Results","During the day, Emma had to stand out.","দিনের মধ্যে, এমাকে স্পষ্টভাবে আলাদা বা ভালো হওয়া প্রয়োজন হয়েছিল।","realistic daily-life scene matching the sentence, natural lighting, candid photography. Realistic contemporary setting, natural lighting, clear facial expressions, accurate everyday details, documentary photography style.","[""Noah had to stand out before lunch."", ""We decided to stand out during the meeting."", ""They want to stand out this week.""]"
Phrasal Verb,stand up for,/stænd ʌp fɔr/,STAND up for,স্ট্যান্ড আপ ফর,To defend or support,রক্ষা বা সমর্থন করা,"[{""phrase"": ""stand up for your rights"", ""example_sentence"": ""You can stand up for your rights in everyday situations.""}, {""phrase"": ""stand up for a colleague"", ""example_sentence"": ""Workers often stand up for a colleague during a busy day.""}, {""phrase"": ""stand up for what is fair"", ""example_sentence"": ""Students should learn to stand up for what is fair when it is useful.""}]","[{""phrase"": ""আপনার rights সমর্থন করা"", ""example_sentence"": ""শিক্ষার্থীরা উদাহরণে আপনার rights সমর্থন করা অনুশীলন করে।""}, {""phrase"": ""একটি colleague সমর্থন করা"", ""example_sentence"": ""শিক্ষার্থীরা উদাহরণে একটি colleague সমর্থন করা অনুশীলন করে।""}, {""phrase"": ""what is fair সমর্থন করা"", ""example_sentence"": ""শিক্ষার্থীরা উদাহরণে what is fair সমর্থন করা অনুশীলন করে।""}]",defend; support; protect,attack; abandon; betray,B1,"09 - Relationships, Feelings & Daily Life","After school, Noah had to stand up for.","স্কুলের পর, নোয়াকে রক্ষা বা সমর্থন করা প্রয়োজন হয়েছিল।","realistic school scene matching the sentence, clear action and natural colors. Realistic contemporary setting, natural lighting, clear facial expressions, accurate everyday details, documentary photography style.","[""Mia had to stand up for before lunch."", ""We decided to stand up for during the meeting."", ""They want to stand up for this week.""]"
Phrasal Verb,start over,/stɑrt oʊvɚ/,START oh-ver,স্টার্ট ওভার,To begin again from the beginning,শুরু থেকে আবার শুরু করা,"[{""phrase"": ""start over on time"", ""example_sentence"": ""The team tried to start over on time so the schedule stayed clear.""}, {""phrase"": ""start over during the project"", ""example_sentence"": ""Things may start over during the project when the workload increases.""}, {""phrase"": ""start over without delay"", ""example_sentence"": ""Everyone was ready to start over without delay after the announcement.""}]","[{""phrase"": ""সময়মতো শুরু থেকে আবার শুরু করা"", ""example_sentence"": ""শিক্ষার্থীরা উদাহরণে সময়মতো শুরু থেকে আবার শুরু করা অনুশীলন করে।""}, {""phrase"": ""প্রকল্প চলাকালে শুরু থেকে আবার শুরু করা"", ""example_sentence"": ""শিক্ষার্থীরা উদাহরণে প্রকল্প চলাকালে শুরু থেকে আবার শুরু করা অনুশীলন করে।""}, {""phrase"": ""দেরি না করে শুরু থেকে আবার শুরু করা"", ""example_sentence"": ""শিক্ষার্থীরা উদাহরণে দেরি না করে শুরু থেকে আবার শুরু করা অনুশীলন করে।""}]",begin again; restart; reset,continue; finish; carry on,A2,"05 - Time, Scheduling & Process","At work, Mia had to start over.","কর্মক্ষেত্রে, মিয়াকে শুরু থেকে আবার শুরু করা প্রয়োজন হয়েছিল।","realistic workplace scene matching the sentence, detailed environment and natural light. Realistic contemporary setting, natural lighting, clear facial expressions, accurate everyday details, documentary photography style.","[""Daniel had to start over before lunch."", ""We decided to start over during the meeting."", ""They want to start over this week.""]"
Phrasal Verb,stick to,/stɪk tu/,STICK too,স্টিক টু,To continue with a plan or decision,পরিকল্পনা বা সিদ্ধান্তে অটল থাকা,"[{""phrase"": ""stick to the plan"", ""example_sentence"": ""You can stick to the plan in everyday situations.""}, {""phrase"": ""stick to the budget"", ""example_sentence"": ""Workers often stick to the budget during a busy day.""}, {""phrase"": ""stick to the rules"", ""example_sentence"": ""Students should learn to stick to the rules when it is useful.""}]","[{""phrase"": ""পরিকল্পনাটি সিদ্ধান্তে অটল থাকা"", ""example_sentence"": ""শিক্ষার্থীরা উদাহরণে পরিকল্পনাটি সিদ্ধান্তে অটল থাকা অনুশীলন করে।""}, {""phrase"": ""বাজেটটি সিদ্ধান্তে অটল থাকা"", ""example_sentence"": ""শিক্ষার্থীরা উদাহরণে বাজেটটি সিদ্ধান্তে অটল থাকা অনুশীলন করে।""}, {""phrase"": ""নিয়মগুলো সিদ্ধান্তে অটল থাকা"", ""example_sentence"": ""শিক্ষার্থীরা উদাহরণে নিয়মগুলো সিদ্ধান্তে অটল থাকা অনুশীলন করে।""}]",follow; adhere to; keep with,abandon; ignore; depart from,A2,"08 - Change, Growth, Rules & Control","After lunch, Daniel decided to stick to with the science project.","দুপুরের খাবারের পর, ড্যানিয়েল বিজ্ঞান প্রকল্পটি পরিকল্পনা বা সিদ্ধান্তে অটল থাকার সিদ্ধান্ত নিয়েছিল।","school lab with students continuing an experiment, notebooks and simple lab tools on a bench. Realistic contemporary setting, natural lighting, clear facial expressions, accurate everyday details, documentary photography style.","[""Please stick to with your reading."", ""The workers stick to after the short break."", ""Lucas had to stick to despite the noise.""]"
Phrasal Verb,stick with,/stɪk wɪð/,STICK with,স্টিক উইথ,To remain loyal to; to continue using,বিশ্বস্ত থাকা; চালিয়ে যাওয়া ব্যবহার,"[{""phrase"": ""stick with the decision"", ""example_sentence"": ""You can stick with the decision in everyday situations.""}, {""phrase"": ""stick with your team"", ""example_sentence"": ""Workers often stick with your team during a busy day.""}, {""phrase"": ""stick with the routine"", ""example_sentence"": ""Students should learn to stick with the routine when it is useful.""}]","[{""phrase"": ""সিদ্ধান্তটি বিশ্বস্ত থাকা"", ""example_sentence"": ""শিক্ষার্থীরা উদাহরণে সিদ্ধান্তটি বিশ্বস্ত থাকা অনুশীলন করে।""}, {""phrase"": ""আপনার দল বিশ্বস্ত থাকা"", ""example_sentence"": ""শিক্ষার্থীরা উদাহরণে আপনার দল বিশ্বস্ত থাকা অনুশীলন করে।""}, {""phrase"": ""routine বিশ্বস্ত থাকা"", ""example_sentence"": ""শিক্ষার্থীরা উদাহরণে routine বিশ্বস্ত থাকা অনুশীলন করে।""}]",stay loyal to; continue using; persist with,abandon; switch; give up,A2,"05 - Time, Scheduling & Process","Despite the rain, Aisha decided to stick with with football practice.","বৃষ্টি সত্ত্বেও, আইশা ফুটবল অনুশীলন বিশ্বস্ত থাকা বা চালিয়ে যাওয়া ব্যবহার করার সিদ্ধান্ত নিয়েছিল।","outdoor football field in light rain, coach and players continuing practice. Realistic contemporary setting, natural lighting, clear facial expressions, accurate everyday details, documentary photography style.","[""Please stick with with your reading."", ""The workers stick with after the short break."", ""Sofia had to stick with despite the noise.""]"
Phrasal Verb,sum up,/sʌm ʌp/,SUM up,সাম আপ,To summarize the main points,মূল বিষয়গুলো সংক্ষেপে বলা,"[{""phrase"": ""sum up the results"", ""example_sentence"": ""You can sum up the results in everyday situations.""}, {""phrase"": ""sum up the main idea"", ""example_sentence"": ""Workers often sum up the main idea during a busy day.""}, {""phrase"": ""sum up the discussion"", ""example_sentence"": ""Students should learn to sum up the discussion when it is useful.""}]","[{""phrase"": ""ফলাফলগুলো মূল বিষয়গুলো সংক্ষেপে বলা"", ""example_sentence"": ""শিক্ষার্থীরা উদাহরণে ফলাফলগুলো মূল বিষয়গুলো সংক্ষেপে বলা অনুশীলন করে।""}, {""phrase"": ""main ধারণা মূল বিষয়গুলো সংক্ষেপে বলা"", ""example_sentence"": ""শিক্ষার্থীরা উদাহরণে main ধারণা মূল বিষয়গুলো সংক্ষেপে বলা অনুশীলন করে।""}, {""phrase"": ""আলোচনাটি মূল বিষয়গুলো সংক্ষেপে বলা"", ""example_sentence"": ""শিক্ষার্থীরা উদাহরণে আলোচনাটি মূল বিষয়গুলো সংক্ষেপে বলা অনুশীলন করে।""}]",summarize; recap; give main points,elaborate; expand; go into detail,A2,01 - Communication & Discussion,"At work, Lucas had to sum up.","কর্মক্ষেত্রে, লুকাসকে মূল বিষয়গুলো সংক্ষেপে বলা প্রয়োজন হয়েছিল।","realistic workplace scene matching the sentence, detailed environment and natural light. Realistic contemporary setting, natural lighting, clear facial expressions, accurate everyday details, documentary photography style.","[""Sofia had to sum up before lunch."", ""We decided to sum up during the meeting."", ""They want to sum up this week.""]"
Phrasal Verb,take back,/teɪk bæk/,TAYK BACK,টেইক ব্যাক,To retract a statement; to return an item,বক্তব্য প্রত্যাহার করা; ফিরিয়ে দেওয়া,"[{""phrase"": ""take back your words"", ""example_sentence"": ""You can take back your words in everyday situations.""}, {""phrase"": ""take back the product"", ""example_sentence"": ""Workers often take back the product during a busy day.""}, {""phrase"": ""take back the book"", ""example_sentence"": ""Students should learn to take back the book when it is useful.""}]","[{""phrase"": ""আপনার words বক্তব্য প্রত্যাহার করা"", ""example_sentence"": ""শিক্ষার্থীরা উদাহরণে আপনার words বক্তব্য প্রত্যাহার করা অনুশীলন করে।""}, {""phrase"": ""product বক্তব্য প্রত্যাহার করা"", ""example_sentence"": ""শিক্ষার্থীরা উদাহরণে product বক্তব্য প্রত্যাহার করা অনুশীলন করে।""}, {""phrase"": ""বইটি বক্তব্য প্রত্যাহার করা"", ""example_sentence"": ""শিক্ষার্থীরা উদাহরণে বইটি বক্তব্য প্রত্যাহার করা অনুশীলন করে।""}]",retract; withdraw; return,stand by; keep; repeat,A2,01 - Communication & Discussion,"On the way home, Sofia decided to take back the library for ten minutes.","বাড়ি ফেরার পথে, সোফিয়া বক্তব্য প্রত্যাহার করা বা ফিরিয়ে দেওয়ার সিদ্ধান্ত নিয়েছিল।","person stopping by a neighborhood library after school, evening light. Realistic contemporary setting, natural lighting, clear facial expressions, accurate everyday details, documentary photography style.","[""I might take back the office after lunch."", ""Lina plans to take back her aunt on Sunday."", ""Please take back the library if you have time.""]"
Phrasal Verb,take down,/teɪk daʊn/,TAYK DOWN,টেইক ডাউন,To dismantle; to write notes; to defeat,খুলে ফেলা; নোট লেখা; পরাজিত,"[{""phrase"": ""take down notes"", ""example_sentence"": ""You can take down notes in everyday situations.""}, {""phrase"": ""take down the poster"", ""example_sentence"": ""Workers often take down the poster during a busy day.""}, {""phrase"": ""take down the details"", ""example_sentence"": ""Students should learn to take down the details when it is useful.""}]","[{""phrase"": ""notes খুলে ফেলা; নোট লেখা; পরাজিত"", ""example_sentence"": ""শিক্ষার্থীরা উদাহরণে notes খুলে ফেলা; নোট লেখা; পরাজিত অনুশীলন করে।""}, {""phrase"": ""poster খুলে ফেলা; নোট লেখা; পরাজিত"", ""example_sentence"": ""শিক্ষার্থীরা উদাহরণে poster খুলে ফেলা; নোট লেখা; পরাজিত অনুশীলন করে।""}, {""phrase"": ""বিস্তারিত বিষয়গুলো খুলে ফেলা; নোট লেখা; পরাজিত"", ""example_sentence"": ""শিক্ষার্থীরা উদাহরণে বিস্তারিত বিষয়গুলো খুলে ফেলা; নোট লেখা; পরাজিত অনুশীলন করে।""}]",dismantle; write down; defeat,build up; ignore; lose to,A2,"10 - Money, Business, Technology & Movement","After school, Ethan had to take down.","স্কুলের পর, ইথানকে খুলে ফেলা বা নোট লেখা বা পরাজিত প্রয়োজন হয়েছিল।","realistic school scene matching the sentence, clear action and natural colors. Realistic contemporary setting, natural lighting, clear facial expressions, accurate everyday details, documentary photography style.","[""Lina had to take down before lunch."", ""We decided to take down during the meeting."", ""They want to take down this week.""]"
Phrasal Verb,take in,/teɪk ɪn/,TAYK een,টেইক ইন,To absorb information; to deceive; to provide shelter,তথ্য গ্রহণ করা; প্রতারণা; আশ্রয় দেওয়া,"[{""phrase"": ""take in the information"", ""example_sentence"": ""You can take in the information in everyday situations.""}, {""phrase"": ""take in the view"", ""example_sentence"": ""Workers often take in the view during a busy day.""}, {""phrase"": ""take in a stray cat"", ""example_sentence"": ""Students should learn to take in a stray cat when it is useful.""}]","[{""phrase"": ""তথ্য তথ্য গ্রহণ করা"", ""example_sentence"": ""শিক্ষার্থীরা উদাহরণে তথ্য তথ্য গ্রহণ করা অনুশীলন করে।""}, {""phrase"": ""view তথ্য গ্রহণ করা"", ""example_sentence"": ""শিক্ষার্থীরা উদাহরণে view তথ্য গ্রহণ করা অনুশীলন করে।""}, {""phrase"": ""একটি stray cat তথ্য গ্রহণ করা"", ""example_sentence"": ""শিক্ষার্থীরা উদাহরণে একটি stray cat তথ্য গ্রহণ করা অনুশীলন করে।""}]",absorb; understand; deceive; shelter,reject; misunderstand; expose; evict,A2,"02 - Thinking, Learning & Understanding","After the news spread, Lina had to take in.","খবরটি ছড়িয়ে পড়ার পর, লিনাকে তথ্য গ্রহণ করা বা প্রতারণা বা আশ্রয় দেওয়া প্রয়োজন হয়েছিল।","people discussing information in a realistic office or school hallway. Realistic contemporary setting, natural lighting, clear facial expressions, accurate everyday details, documentary photography style.","[""Please take in with me after the call."", ""Omar tried to take in before rumors spread."", ""The update helped everyone take in.""]"
Phrasal Verb,take on,/teɪk ɑn/,TAYK on,টেইক অন,To accept responsibility; to hire; to confront,দায়িত্ব গ্রহণ করা; নিয়োগ; মুখোমুখি,"[{""phrase"": ""take on a new role"", ""example_sentence"": ""You can take on a new role in everyday situations.""}, {""phrase"": ""take on extra work"", ""example_sentence"": ""Workers often take on extra work during a busy day.""}, {""phrase"": ""take on a difficult task"", ""example_sentence"": ""Students should learn to take on a difficult task when it is useful.""}]","[{""phrase"": ""একটি নতুন দায়িত্ব দায়িত্ব গ্রহণ করা"", ""example_sentence"": ""শিক্ষার্থীরা উদাহরণে একটি নতুন দায়িত্ব দায়িত্ব গ্রহণ করা অনুশীলন করে।""}, {""phrase"": ""অতিরিক্ত কাজ দায়িত্ব গ্রহণ করা"", ""example_sentence"": ""শিক্ষার্থীরা উদাহরণে অতিরিক্ত কাজ দায়িত্ব গ্রহণ করা অনুশীলন করে।""}, {""phrase"": ""একটি কঠিন কাজ দায়িত্ব গ্রহণ করা"", ""example_sentence"": ""শিক্ষার্থীরা উদাহরণে একটি কঠিন কাজ দায়িত্ব গ্রহণ করা অনুশীলন করে।""}]",accept; undertake; assume responsibility; confront,refuse; reject; avoid; pass on,A2,"04 - Work, Responsibility & Productivity","When the manager got sick, Nina had to take on extra duties for the rest of the week.","ম্যানেজার অসুস্থ হলে, নিনাকে সপ্তাহের বাকি সময়ের জন্য অতিরিক্ত দায়িত্ব দায়িত্ব গ্রহণ করা বা নিয়োগ বা মুখোমুখি প্রয়োজন হয়েছিল।","Busy office scene with a young professional taking on extra tasks, open laptop, printed schedules, coworkers asking questions, realistic workplace lighting.","[""She did not want to take on another late shift."", ""Our team can take on two new clients this month."", ""He was ready to take on more responsibility at work.""]"
Phrasal Verb,take out,/teɪk aʊt/,TAYK out,টেইক আউট,To remove; to escort; to obtain (a loan),সরিয়ে ফেলা; সঙ্গে নেওয়া; ( ঋণ),"[{""phrase"": ""take out the trash"", ""example_sentence"": ""You can take out the trash in everyday situations.""}, {""phrase"": ""take out a loan"", ""example_sentence"": ""Workers often take out a loan during a busy day.""}, {""phrase"": ""take out insurance"", ""example_sentence"": ""Students should learn to take out insurance when it is useful.""}]","[{""phrase"": ""trash সঙ্গে নেওয়া"", ""example_sentence"": ""শিক্ষার্থীরা উদাহরণে trash সঙ্গে নেওয়া অনুশীলন করে।""}, {""phrase"": ""একটি loan সঙ্গে নেওয়া"", ""example_sentence"": ""শিক্ষার্থীরা উদাহরণে একটি loan সঙ্গে নেওয়া অনুশীলন করে।""}, {""phrase"": ""insurance সঙ্গে নেওয়া"", ""example_sentence"": ""শিক্ষার্থীরা উদাহরণে insurance সঙ্গে নেওয়া অনুশীলন করে।""}]",remove; escort; borrow,put in; bring in; repay,A2,"09 - Relationships, Feelings & Daily Life","Before dinner, Chloe went to take out the trash from the kitchen.","রাতের খাবারের আগে, ক্লোই সরিয়ে ফেলা বা সঙ্গে নেওয়া বা ( ঋণ) করতে গিয়েছিল।","Person carrying a kitchen trash bag outside at dusk, home doorway and recycling bins visible, realistic domestic scene.","[""Please take out the chairs before the guests arrive."", ""He took out a small loan to buy the van."", ""The waiter took the customers out for a quick tour of the patio.""]"
Phrasal Verb,take over,/teɪk oʊvɚ/,TAYK oh-ver,টেইক ওভার,To assume control of something,কোনো কিছুর নিয়ন্ত্রণ নেওয়া,"[{""phrase"": ""take over the company"", ""example_sentence"": ""You can take over the company in everyday situations.""}, {""phrase"": ""take over the project"", ""example_sentence"": ""Workers often take over the project during a busy day.""}, {""phrase"": ""take over the role"", ""example_sentence"": ""Students should learn to take over the role when it is useful.""}]","[{""phrase"": ""কোম্পানি কিছুর নিয়ন্ত্রণ নেওয়া"", ""example_sentence"": ""শিক্ষার্থীরা উদাহরণে কোম্পানি কিছুর নিয়ন্ত্রণ নেওয়া অনুশীলন করে।""}, {""phrase"": ""প্রকল্পটি কিছুর নিয়ন্ত্রণ নেওয়া"", ""example_sentence"": ""শিক্ষার্থীরা উদাহরণে প্রকল্পটি কিছুর নিয়ন্ত্রণ নেওয়া অনুশীলন করে।""}, {""phrase"": ""দায়িত্ব কিছুর নিয়ন্ত্রণ নেওয়া"", ""example_sentence"": ""শিক্ষার্থীরা উদাহরণে দায়িত্ব কিছুর নিয়ন্ত্রণ নেওয়া অনুশীলন করে।""}]",assume control; take charge; replace,give up control; hand over; step down,A2,"08 - Change, Growth, Rules & Control","At work, Hassan had to take over.","কর্মক্ষেত্রে, হাসানকে কোনো কিছুর নিয়ন্ত্রণ নেওয়া প্রয়োজন হয়েছিল।","realistic workplace scene matching the sentence, detailed environment and natural light. Realistic contemporary setting, natural lighting, clear facial expressions, accurate everyday details, documentary photography style.","[""Nora had to take over before lunch."", ""We decided to take over during the meeting."", ""They want to take over this week.""]"
Phrasal Verb,take part in,/teɪk pɑrt ɪn/,TAYK PAHRT een,টেইক পার্ট ইন,To participate in an activity,কোনো কার্যক্রমে অংশ নেওয়া,"[{""phrase"": ""take part in the event"", ""example_sentence"": ""You can take part in the event in everyday situations.""}, {""phrase"": ""take part in a survey"", ""example_sentence"": ""Workers often take part in a survey during a busy day.""}, {""phrase"": ""take part in the discussion"", ""example_sentence"": ""Students should learn to take part in the discussion when it is useful.""}]","[{""phrase"": ""ঘটনাটি কার্যক্রমে অংশ নেওয়া"", ""example_sentence"": ""শিক্ষার্থীরা উদাহরণে ঘটনাটি কার্যক্রমে অংশ নেওয়া অনুশীলন করে।""}, {""phrase"": ""একটি survey কার্যক্রমে অংশ নেওয়া"", ""example_sentence"": ""শিক্ষার্থীরা উদাহরণে একটি survey কার্যক্রমে অংশ নেওয়া অনুশীলন করে।""}, {""phrase"": ""আলোচনাটি কার্যক্রমে অংশ নেওয়া"", ""example_sentence"": ""শিক্ষার্থীরা উদাহরণে আলোচনাটি কার্যক্রমে অংশ নেওয়া অনুশীলন করে।""}]",participate in; join; be involved in,sit out; opt out; avoid joining,B1,"09 - Relationships, Feelings & Daily Life","During the day, Nora had to take part in.","দিনের মধ্যে, নোরাকে কোনো কার্যক্রমে অংশ নেওয়া প্রয়োজন হয়েছিল।","realistic daily-life scene matching the sentence, natural lighting, candid photography. Realistic contemporary setting, natural lighting, clear facial expressions, accurate everyday details, documentary photography style.","[""Ben had to take part in before lunch."", ""We decided to take part in during the meeting."", ""They want to take part in this week.""]"
Phrasal Verb,take place,/teɪk pleɪs/,TAYK PLAYS,টেইক প্লেইস,To happen or occur,ঘটা বা সংঘটিত হওয়া,"[{""phrase"": ""take place on time"", ""example_sentence"": ""The team tried to take place on time so the schedule stayed clear.""}, {""phrase"": ""take place during the project"", ""example_sentence"": ""Things may take place during the project when the workload increases.""}, {""phrase"": ""take place without delay"", ""example_sentence"": ""Everyone was ready to take place without delay after the announcement.""}]","[{""phrase"": ""সময়মতো সংঘটিত হওয়া"", ""example_sentence"": ""শিক্ষার্থীরা উদাহরণে সময়মতো সংঘটিত হওয়া অনুশীলন করে।""}, {""phrase"": ""প্রকল্প চলাকালে সংঘটিত হওয়া"", ""example_sentence"": ""শিক্ষার্থীরা উদাহরণে প্রকল্প চলাকালে সংঘটিত হওয়া অনুশীলন করে।""}, {""phrase"": ""দেরি না করে সংঘটিত হওয়া"", ""example_sentence"": ""শিক্ষার্থীরা উদাহরণে দেরি না করে সংঘটিত হওয়া অনুশীলন করে।""}]",happen; occur; be held,not happen; be cancelled; be prevented,A2,"05 - Time, Scheduling & Process",The music festival will take place in the town square next Saturday.,সঙ্গীত উৎসবটি আগামী শনিবার টাউন স্কোয়ারে অনুষ্ঠিত হবে।,"Town square being prepared for a music festival, stage equipment and banners visible, realistic event setup.","[""The meeting will take place at nine o’clock."", ""The school play took place in the old hall."", ""Most classes take place online this term.""]"
Phrasal Verb,talk over,/tɔk oʊvɚ/,TAWK oh-ver,টক ওভার,To discuss thoroughly,ভালোভাবে আলোচনা করা,"[{""phrase"": ""talk over the plan"", ""example_sentence"": ""You can talk over the plan in everyday situations.""}, {""phrase"": ""talk over the problem"", ""example_sentence"": ""Workers often talk over the problem during a busy day.""}, {""phrase"": ""talk over the offer"", ""example_sentence"": ""Students should learn to talk over the offer when it is useful.""}]","[{""phrase"": ""পরিকল্পনাটি ভালোভাবে আলোচনা করা"", ""example_sentence"": ""শিক্ষার্থীরা উদাহরণে পরিকল্পনাটি ভালোভাবে আলোচনা করা অনুশীলন করে।""}, {""phrase"": ""সমস্যাটি ভালোভাবে আলোচনা করা"", ""example_sentence"": ""শিক্ষার্থীরা উদাহরণে সমস্যাটি ভালোভাবে আলোচনা করা অনুশীলন করে।""}, {""phrase"": ""প্রস্তাবটি ভালোভাবে আলোচনা করা"", ""example_sentence"": ""শিক্ষার্থীরা উদাহরণে প্রস্তাবটি ভালোভাবে আলোচনা করা অনুশীলন করে।""}]",discuss thoroughly; talk through; review together,avoid discussing; ignore; decide alone,A2,01 - Communication & Discussion,"At dinner, Sara had to talk over the summer travel plan while the family was eating together.","রাতের খাবারের সময়, সারাকে পরিবার একসঙ্গে খাওয়ার সময় গ্রীষ্মের ভ্রমণ পরিকল্পনাটি ভালোভাবে আলোচনা করা প্রয়োজন হয়েছিল।","family dinner table in a warm kitchen, one person speaking about plans while others listen. Realistic contemporary setting, natural lighting, clear facial expressions, accurate everyday details, documentary photography style.","[""Please talk over the budget issue today."", ""Leo wanted to talk over the class trip at lunch."", ""The teacher asked us to talk over one more point.""]"
Phrasal Verb,think about,/θɪŋk əbaʊt/,THINK uh-bowt,থিংক আবাউট,To consider or reflect on,বিবেচনা করা বা চিন্তা করা,"[{""phrase"": ""think about the offer"", ""example_sentence"": ""You can think about the offer in everyday situations.""}, {""phrase"": ""think about your future"", ""example_sentence"": ""Workers often think about your future during a busy day.""}, {""phrase"": ""think about the problem"", ""example_sentence"": ""Students should learn to think about the problem when it is useful.""}]","[{""phrase"": ""প্রস্তাবটি বিবেচনা করা"", ""example_sentence"": ""শিক্ষার্থীরা উদাহরণে প্রস্তাবটি বিবেচনা করা অনুশীলন করে।""}, {""phrase"": ""আপনার future বিবেচনা করা"", ""example_sentence"": ""শিক্ষার্থীরা উদাহরণে আপনার future বিবেচনা করা অনুশীলন করে।""}, {""phrase"": ""সমস্যাটি বিবেচনা করা"", ""example_sentence"": ""শিক্ষার্থীরা উদাহরণে সমস্যাটি বিবেচনা করা অনুশীলন করে।""}]",consider; reflect on; ponder,ignore; dismiss; forget,A2,"02 - Thinking, Learning & Understanding","During the day, Leo had to think about.","দিনের মধ্যে, লিওকে বিবেচনা করা বা চিন্তা করা প্রয়োজন হয়েছিল।","realistic daily-life scene matching the sentence, natural lighting, candid photography. Realistic contemporary setting, natural lighting, clear facial expressions, accurate everyday details, documentary photography style.","[""Maya had to think about before lunch."", ""We decided to think about during the meeting."", ""They want to think about this week.""]"
Phrasal Verb,think over,/θɪŋk oʊvɚ/,THINK oh-ver,থিংক ওভার,To carefully consider before deciding,সিদ্ধান্ত নেওয়ার আগে সতর্কভাবে বিবেচনা করা,"[{""phrase"": ""think over the decision"", ""example_sentence"": ""You can think over the decision in everyday situations.""}, {""phrase"": ""think over the proposal"", ""example_sentence"": ""Workers often think over the proposal during a busy day.""}, {""phrase"": ""think over your options"", ""example_sentence"": ""Students should learn to think over your options when it is useful.""}]","[{""phrase"": ""সিদ্ধান্তটি সিদ্ধান্ত নেওয়ার আগে সতর্কভাবে বিবেচনা করা"", ""example_sentence"": ""শিক্ষার্থীরা উদাহরণে সিদ্ধান্তটি সিদ্ধান্ত নেওয়ার আগে সতর্কভাবে বিবেচনা করা অনুশীলন করে।""}, {""phrase"": ""প্রস্তাবটি সিদ্ধান্ত নেওয়ার আগে সতর্কভাবে বিবেচনা করা"", ""example_sentence"": ""শিক্ষার্থীরা উদাহরণে প্রস্তাবটি সিদ্ধান্ত নেওয়ার আগে সতর্কভাবে বিবেচনা করা অনুশীলন করে।""}, {""phrase"": ""আপনার বিকল্প সিদ্ধান্ত নেওয়ার আগে সতর্কভাবে বিবেচনা করা"", ""example_sentence"": ""শিক্ষার্থীরা উদাহরণে আপনার বিকল্প সিদ্ধান্ত নেওয়ার আগে সতর্কভাবে বিবেচনা করা অনুশীলন করে।""}]",consider carefully; weigh; reflect before deciding,rush; decide quickly; ignore,A2,"02 - Thinking, Learning & Understanding","After school, Maya had to think over.","স্কুলের পর, মায়াকে সিদ্ধান্ত নেওয়ার আগে সতর্কভাবে বিবেচনা করা প্রয়োজন হয়েছিল।","realistic school scene matching the sentence, clear action and natural colors. Realistic contemporary setting, natural lighting, clear facial expressions, accurate everyday details, documentary photography style.","[""David had to think over before lunch."", ""We decided to think over during the meeting."", ""They want to think over this week.""]"
Phrasal Verb,throw away,/θroʊ əweɪ/,THROH OOHWAY,থ্রো আওয়েই,To discard something,কোনো কিছু ফেলে দেওয়া,"[{""phrase"": ""throw away old papers"", ""example_sentence"": ""You can throw away old papers in everyday situations.""}, {""phrase"": ""throw away food"", ""example_sentence"": ""Workers often throw away food during a busy day.""}, {""phrase"": ""throw away a chance"", ""example_sentence"": ""Students should learn to throw away a chance when it is useful.""}]","[{""phrase"": ""পুরোনো papers কিছু ফেলে দেওয়া"", ""example_sentence"": ""শিক্ষার্থীরা উদাহরণে পুরোনো papers কিছু ফেলে দেওয়া অনুশীলন করে।""}, {""phrase"": ""ফুড কিছু ফেলে দেওয়া"", ""example_sentence"": ""শিক্ষার্থীরা উদাহরণে ফুড কিছু ফেলে দেওয়া অনুশীলন করে।""}, {""phrase"": ""একটি chance কিছু ফেলে দেওয়া"", ""example_sentence"": ""শিক্ষার্থীরা উদাহরণে একটি chance কিছু ফেলে দেওয়া অনুশীলন করে।""}]",discard; dispose of; get rid of,keep; save; reuse,A2,"09 - Relationships, Feelings & Daily Life","At work, David had to throw away.","কর্মক্ষেত্রে, ডেভিডকে কোনো কিছু ফেলে দেওয়া প্রয়োজন হয়েছিল।","realistic workplace scene matching the sentence, detailed environment and natural light. Realistic contemporary setting, natural lighting, clear facial expressions, accurate everyday details, documentary photography style.","[""Ivy had to throw away before lunch."", ""We decided to throw away during the meeting."", ""They want to throw away this week.""]"
Phrasal Verb,try out,/traɪ aʊt/,TRY out,ট্রাই আউট,To test or experiment with something,কোনো কিছু পরীক্ষা করা বা ব্যবহার করে দেখা,"[{""phrase"": ""try out a new app"", ""example_sentence"": ""You can try out a new app in everyday situations.""}, {""phrase"": ""try out the recipe"", ""example_sentence"": ""Workers often try out the recipe during a busy day.""}, {""phrase"": ""try out a method"", ""example_sentence"": ""Students should learn to try out a method when it is useful.""}]","[{""phrase"": ""একটি নতুন app কিছু পরীক্ষা করা"", ""example_sentence"": ""শিক্ষার্থীরা উদাহরণে একটি নতুন app কিছু পরীক্ষা করা অনুশীলন করে।""}, {""phrase"": ""recipe কিছু পরীক্ষা করা"", ""example_sentence"": ""শিক্ষার্থীরা উদাহরণে recipe কিছু পরীক্ষা করা অনুশীলন করে।""}, {""phrase"": ""একটি method কিছু পরীক্ষা করা"", ""example_sentence"": ""শিক্ষার্থীরা উদাহরণে একটি method কিছু পরীক্ষা করা অনুশীলন করে।""}]",test; experiment with; sample,avoid testing; skip the trial; use untested,A2,"03 - Plans, Decisions & Strategy","During the day, Ivy had to try out.","দিনের মধ্যে, আইভিকে কোনো কিছু পরীক্ষা করা বা ব্যবহার করে দেখা প্রয়োজন হয়েছিল।","realistic daily-life scene matching the sentence, natural lighting, candid photography. Realistic contemporary setting, natural lighting, clear facial expressions, accurate everyday details, documentary photography style.","[""Ryan had to try out before lunch."", ""We decided to try out during the meeting."", ""They want to try out this week.""]"
Phrasal Verb,tune in,/tun ɪn/,TOON een,টুন ইন,To watch or listen to a broadcast,সম্প্রচার দেখা বা শোনা,"[{""phrase"": ""tune in on time"", ""example_sentence"": ""The team tried to tune in on time so the schedule stayed clear.""}, {""phrase"": ""tune in during the project"", ""example_sentence"": ""Things may tune in during the project when the workload increases.""}, {""phrase"": ""tune in without delay"", ""example_sentence"": ""Everyone was ready to tune in without delay after the announcement.""}]","[{""phrase"": ""সময়মতো সম্প্রচার দেখা বা শোনা"", ""example_sentence"": ""শিক্ষার্থীরা উদাহরণে সময়মতো সম্প্রচার দেখা বা শোনা অনুশীলন করে।""}, {""phrase"": ""প্রকল্প চলাকালে সম্প্রচার দেখা বা শোনা"", ""example_sentence"": ""শিক্ষার্থীরা উদাহরণে প্রকল্প চলাকালে সম্প্রচার দেখা বা শোনা অনুশীলন করে।""}, {""phrase"": ""দেরি না করে সম্প্রচার দেখা বা শোনা"", ""example_sentence"": ""শিক্ষার্থীরা উদাহরণে দেরি না করে সম্প্রচার দেখা বা শোনা অনুশীলন করে।""}]",watch; listen; pay attention to a broadcast,tune out; switch off; ignore,A2,"10 - Money, Business, Technology & Movement","After school, Ryan had to tune in.","স্কুলের পর, রায়ানকে সম্প্রচার দেখা বা শোনা প্রয়োজন হয়েছিল।","realistic school scene matching the sentence, clear action and natural colors. Realistic contemporary setting, natural lighting, clear facial expressions, accurate everyday details, documentary photography style.","[""Julia had to tune in before lunch."", ""We decided to tune in during the meeting."", ""They want to tune in this week.""]"
Phrasal Verb,turn around,/tɝn ɚaʊnd/,TURN uh-round,টার্ন আরআউন্ড,To reverse a situation; to face the opposite way,পরিস্থিতি উল্টে দেওয়া; বিপরীত দিকে মুখ করা,"[{""phrase"": ""turn around on time"", ""example_sentence"": ""The team tried to turn around on time so the schedule stayed clear.""}, {""phrase"": ""turn around during the project"", ""example_sentence"": ""Things may turn around during the project when the workload increases.""}, {""phrase"": ""turn around without delay"", ""example_sentence"": ""Everyone was ready to turn around without delay after the announcement.""}]","[{""phrase"": ""সময়মতো পরিস্থিতি উল্টে দেওয়া"", ""example_sentence"": ""শিক্ষার্থীরা উদাহরণে সময়মতো পরিস্থিতি উল্টে দেওয়া অনুশীলন করে।""}, {""phrase"": ""প্রকল্প চলাকালে পরিস্থিতি উল্টে দেওয়া"", ""example_sentence"": ""শিক্ষার্থীরা উদাহরণে প্রকল্প চলাকালে পরিস্থিতি উল্টে দেওয়া অনুশীলন করে।""}, {""phrase"": ""দেরি না করে পরিস্থিতি উল্টে দেওয়া"", ""example_sentence"": ""শিক্ষার্থীরা উদাহরণে দেরি না করে পরিস্থিতি উল্টে দেওয়া অনুশীলন করে।""}]",reverse; improve; face the other way,continue the same way; worsen; face forward,A2,"06 - Progress, Success & Results","At work, Julia had to turn around.","কর্মক্ষেত্রে, জুলিয়াকে পরিস্থিতি উল্টে দেওয়া বা বিপরীত দিকে মুখ করা প্রয়োজন হয়েছিল।","realistic workplace scene matching the sentence, detailed environment and natural light. Realistic contemporary setting, natural lighting, clear facial expressions, accurate everyday details, documentary photography style.","[""Sam had to turn around before lunch."", ""We decided to turn around during the meeting."", ""They want to turn around this week.""]"
Phrasal Verb,turn into,/tɝn ɪntu/,TURN in-too,টার্ন ইনটু,To become; to transform into,হয়ে ওঠা; রূপান্তর করা তে,"[{""phrase"": ""turn into a problem"", ""example_sentence"": ""You can turn into a problem in everyday situations.""}, {""phrase"": ""turn into a success"", ""example_sentence"": ""Workers often turn into a success during a busy day.""}, {""phrase"": ""turn into a habit"", ""example_sentence"": ""Students should learn to turn into a habit when it is useful.""}]","[{""phrase"": ""একটি সমস্যা রূপান্তর করা তে"", ""example_sentence"": ""শিক্ষার্থীরা উদাহরণে একটি সমস্যা রূপান্তর করা তে অনুশীলন করে।""}, {""phrase"": ""একটি success রূপান্তর করা তে"", ""example_sentence"": ""শিক্ষার্থীরা উদাহরণে একটি success রূপান্তর করা তে অনুশীলন করে।""}, {""phrase"": ""একটি habit রূপান্তর করা তে"", ""example_sentence"": ""শিক্ষার্থীরা উদাহরণে একটি habit রূপান্তর করা তে অনুশীলন করে।""}]",become; transform into; change into,remain; stay the same; revert,A2,"08 - Change, Growth, Rules & Control","During the day, Sam had to turn into.","দিনের মধ্যে, স্যামকে হয়ে ওঠা বা রূপান্তর করা তে প্রয়োজন হয়েছিল।","realistic daily-life scene matching the sentence, natural lighting, candid photography. Realistic contemporary setting, natural lighting, clear facial expressions, accurate everyday details, documentary photography style.","[""Ella had to turn into before lunch."", ""We decided to turn into during the meeting."", ""They want to turn into this week.""]"
Phrasal Verb,turn off,/tɝn ɔf/,TURN AWF,টার্ন অফ,To switch off a device; to cause disinterest,যন্ত্র বন্ধ করা; কারণ হওয়া/ঘটানো অনাগ্রহ,"[{""phrase"": ""turn off the lights"", ""example_sentence"": ""You can turn off the lights in everyday situations.""}, {""phrase"": ""turn off the computer"", ""example_sentence"": ""Workers often turn off the computer during a busy day.""}, {""phrase"": ""turn off the road"", ""example_sentence"": ""Students should learn to turn off the road when it is useful.""}]","[{""phrase"": ""লাইটগুলো যন্ত্র বন্ধ করা"", ""example_sentence"": ""শিক্ষার্থীরা উদাহরণে লাইটগুলো যন্ত্র বন্ধ করা অনুশীলন করে।""}, {""phrase"": ""computer যন্ত্র বন্ধ করা"", ""example_sentence"": ""শিক্ষার্থীরা উদাহরণে computer যন্ত্র বন্ধ করা অনুশীলন করে।""}, {""phrase"": ""road যন্ত্র বন্ধ করা"", ""example_sentence"": ""শিক্ষার্থীরা উদাহরণে road যন্ত্র বন্ধ করা অনুশীলন করে।""}]",switch off; deactivate; cause disinterest,turn on; activate; interest,A2,"10 - Money, Business, Technology & Movement",Please turn off the kitchen light before you leave.,Please যন্ত্র বন্ধ করা বা কারণ হওয়া/ঘটানো অনাগ্রহ করেছিল।,"Person switching off a kitchen light at night, realistic home interior, natural everyday details.","[""He turned off the radio when the phone rang."", ""Please turn off your camera during the test."", ""The smell of smoke turned her off the meal.""]"
Phrasal Verb,turn on,/tɝn ɑn/,TURN on,টার্ন অন,To switch on a device; to cause interest or excitement,যন্ত্র চালু করা; কারণ হওয়া/ঘটানো আগ্রহ বা উত্তেজনা,"[{""phrase"": ""turn on the lights"", ""example_sentence"": ""You can turn on the lights in everyday situations.""}, {""phrase"": ""turn on the TV"", ""example_sentence"": ""Workers often turn on the TV during a busy day.""}, {""phrase"": ""turn on the charm"", ""example_sentence"": ""Students should learn to turn on the charm when it is useful.""}]","[{""phrase"": ""লাইটগুলো যন্ত্র চালু করা"", ""example_sentence"": ""শিক্ষার্থীরা উদাহরণে লাইটগুলো যন্ত্র চালু করা অনুশীলন করে।""}, {""phrase"": ""tv যন্ত্র চালু করা"", ""example_sentence"": ""শিক্ষার্থীরা উদাহরণে tv যন্ত্র চালু করা অনুশীলন করে।""}, {""phrase"": ""charm যন্ত্র চালু করা"", ""example_sentence"": ""শিক্ষার্থীরা উদাহরণে charm যন্ত্র চালু করা অনুশীলন করে।""}]",switch on; activate; cause interest,turn off; deactivate; bore,A2,"10 - Money, Business, Technology & Movement",Ben turned on the heater when the classroom felt cold.,বেন যন্ত্র চালু করা বা কারণ হওয়া/ঘটানো আগ্রহ বা উত্তেজনা করেছিল।,"Student or teacher turning on a heater in a chilly classroom, coats and notebooks visible, realistic scene.","[""Can you turn on the lamp beside the sofa?"", ""The music turned on the crowd very quickly."", ""She turned on the computer before breakfast.""]"
Phrasal Verb,turn out,/tɝn aʊt/,TURN out,টার্ন আউট,To result; to attend; to produce,ফল হওয়া; অংশ নেওয়া; উৎপাদন করা,"[{""phrase"": ""turn out on time"", ""example_sentence"": ""The team tried to turn out on time so the schedule stayed clear.""}, {""phrase"": ""turn out during the project"", ""example_sentence"": ""Things may turn out during the project when the workload increases.""}, {""phrase"": ""turn out without delay"", ""example_sentence"": ""Everyone was ready to turn out without delay after the announcement.""}]","[{""phrase"": ""সময়মতো ফল হওয়া"", ""example_sentence"": ""শিক্ষার্থীরা উদাহরণে সময়মতো ফল হওয়া অনুশীলন করে।""}, {""phrase"": ""প্রকল্প চলাকালে ফল হওয়া"", ""example_sentence"": ""শিক্ষার্থীরা উদাহরণে প্রকল্প চলাকালে ফল হওয়া অনুশীলন করে।""}, {""phrase"": ""দেরি না করে ফল হওয়া"", ""example_sentence"": ""শিক্ষার্থীরা উদাহরণে দেরি না করে ফল হওয়া অনুশীলন করে।""}]",result; prove to be; appear; attend; produce,fail to happen; disappear; stay away; withhold,A2,"06 - Progress, Success & Results","During the day, Leila had to turn out.","দিনের মধ্যে, লেইলাকে ফল হওয়া বা অংশ নেওয়া বা উৎপাদন করা প্রয়োজন হয়েছিল।","realistic daily-life scene matching the sentence, natural lighting, candid photography. Realistic contemporary setting, natural lighting, clear facial expressions, accurate everyday details, documentary photography style.","[""Victor had to turn out before lunch."", ""We decided to turn out during the meeting."", ""They want to turn out this week.""]"
Phrasal Verb,turn over,/tɝn oʊvɚ/,TURN oh-ver,টার্ন ওভার,To hand over; to flip; to generate revenue,হস্তান্তর করা; উল্টানো; আয় তৈরি করা,"[{""phrase"": ""turn over the page"", ""example_sentence"": ""You can turn over the page in everyday situations.""}, {""phrase"": ""turn over the business"", ""example_sentence"": ""Workers often turn over the business during a busy day.""}, {""phrase"": ""turn over a new leaf"", ""example_sentence"": ""Students should learn to turn over a new leaf when it is useful.""}]","[{""phrase"": ""page হস্তান্তর করা"", ""example_sentence"": ""শিক্ষার্থীরা উদাহরণে page হস্তান্তর করা অনুশীলন করে।""}, {""phrase"": ""ব্যবসাটি হস্তান্তর করা"", ""example_sentence"": ""শিক্ষার্থীরা উদাহরণে ব্যবসাটি হস্তান্তর করা অনুশীলন করে।""}, {""phrase"": ""একটি নতুন leaf হস্তান্তর করা"", ""example_sentence"": ""শিক্ষার্থীরা উদাহরণে একটি নতুন leaf হস্তান্তর করা অনুশীলন করে।""}]",hand over; flip; generate revenue,keep; keep upright; lose revenue,A2,"10 - Money, Business, Technology & Movement","After school, Victor had to turn over.","স্কুলের পর, ভিক্টরকে হস্তান্তর করা বা উল্টানো বা আয় তৈরি করা প্রয়োজন হয়েছিল।","realistic school scene matching the sentence, clear action and natural colors. Realistic contemporary setting, natural lighting, clear facial expressions, accurate everyday details, documentary photography style.","[""Hana had to turn over before lunch."", ""We decided to turn over during the meeting."", ""They want to turn over this week.""]"
Phrasal Verb,turn up,/tɝn ʌp/,TURN up,টার্ন আপ,To arrive; to increase volume; to be found unexpectedly,পৌঁছানো; বাড়ানো শব্দ; হওয়া পাওয়া অপ্রত্যাশিতভাবে,"[{""phrase"": ""turn up on time"", ""example_sentence"": ""The team tried to turn up on time so the schedule stayed clear.""}, {""phrase"": ""turn up during the project"", ""example_sentence"": ""Things may turn up during the project when the workload increases.""}, {""phrase"": ""turn up without delay"", ""example_sentence"": ""Everyone was ready to turn up without delay after the announcement.""}]","[{""phrase"": ""সময়মতো হওয়া পাওয়া অপ্রত্যাশিতভাবে"", ""example_sentence"": ""শিক্ষার্থীরা উদাহরণে সময়মতো হওয়া পাওয়া অপ্রত্যাশিতভাবে অনুশীলন করে।""}, {""phrase"": ""প্রকল্প চলাকালে হওয়া পাওয়া অপ্রত্যাশিতভাবে"", ""example_sentence"": ""শিক্ষার্থীরা উদাহরণে প্রকল্প চলাকালে হওয়া পাওয়া অপ্রত্যাশিতভাবে অনুশীলন করে।""}, {""phrase"": ""দেরি না করে হওয়া পাওয়া অপ্রত্যাশিতভাবে"", ""example_sentence"": ""শিক্ষার্থীরা উদাহরণে দেরি না করে হওয়া পাওয়া অপ্রত্যাশিতভাবে অনুশীলন করে।""}]",arrive; increase; appear; be found,leave; turn down; disappear,A2,"10 - Money, Business, Technology & Movement","At work, Hana had to turn up.","কর্মক্ষেত্রে, হানাকে পৌঁছানো বা বাড়ানো শব্দ বা হওয়া পাওয়া অপ্রত্যাশিতভাবে প্রয়োজন হয়েছিল।","realistic workplace scene matching the sentence, detailed environment and natural light. Realistic contemporary setting, natural lighting, clear facial expressions, accurate everyday details, documentary photography style.","[""Mason had to turn up before lunch."", ""We decided to turn up during the meeting."", ""They want to turn up this week.""]"
Phrasal Verb,use up,/jus ʌp/,YOOS up,ইউস আপ,To consume entirely; to exhaust a supply,সম্পূর্ণভাবে ব্যবহার করে ফেলা; শেষ করা সরবরাহ,"[{""phrase"": ""use up all the milk"", ""example_sentence"": ""You can use up all the milk in everyday situations.""}, {""phrase"": ""use up your energy"", ""example_sentence"": ""Workers often use up your energy during a busy day.""}, {""phrase"": ""use up the budget"", ""example_sentence"": ""Students should learn to use up the budget when it is useful.""}]","[{""phrase"": ""all milk শেষ করা সরবরাহ"", ""example_sentence"": ""শিক্ষার্থীরা উদাহরণে all milk শেষ করা সরবরাহ অনুশীলন করে।""}, {""phrase"": ""আপনার energy শেষ করা সরবরাহ"", ""example_sentence"": ""শিক্ষার্থীরা উদাহরণে আপনার energy শেষ করা সরবরাহ অনুশীলন করে।""}, {""phrase"": ""বাজেটটি শেষ করা সরবরাহ"", ""example_sentence"": ""শিক্ষার্থীরা উদাহরণে বাজেটটি শেষ করা সরবরাহ অনুশীলন করে।""}]",consume completely; exhaust; deplete,save; preserve; replenish,A2,"09 - Relationships, Feelings & Daily Life","During the day, Mason had to use up.","দিনের মধ্যে, মেসনকে সম্পূর্ণভাবে ব্যবহার করে ফেলা বা শেষ করা সরবরাহ প্রয়োজন হয়েছিল।","realistic daily-life scene matching the sentence, natural lighting, candid photography. Realistic contemporary setting, natural lighting, clear facial expressions, accurate everyday details, documentary photography style.","[""Nina had to use up before lunch."", ""We decided to use up during the meeting."", ""They want to use up this week.""]"
Phrasal Verb,wake up,/weɪk ʌp/,WAYK up,ওয়েইক আপ,To stop sleeping; to become aware,ঘুম থেকে ওঠা; সচেতন হওয়া,"[{""phrase"": ""wake up on time"", ""example_sentence"": ""The team tried to wake up on time so the schedule stayed clear.""}, {""phrase"": ""wake up during the project"", ""example_sentence"": ""Things may wake up during the project when the workload increases.""}, {""phrase"": ""wake up without delay"", ""example_sentence"": ""Everyone was ready to wake up without delay after the announcement.""}]","[{""phrase"": ""সময়মতো সচেতন হওয়া"", ""example_sentence"": ""শিক্ষার্থীরা উদাহরণে সময়মতো সচেতন হওয়া অনুশীলন করে।""}, {""phrase"": ""প্রকল্প চলাকালে সচেতন হওয়া"", ""example_sentence"": ""শিক্ষার্থীরা উদাহরণে প্রকল্প চলাকালে সচেতন হওয়া অনুশীলন করে।""}, {""phrase"": ""দেরি না করে সচেতন হওয়া"", ""example_sentence"": ""শিক্ষার্থীরা উদাহরণে দেরি না করে সচেতন হওয়া অনুশীলন করে।""}]",stop sleeping; become aware; realize,fall asleep; ignore; remain unaware,A2,"09 - Relationships, Feelings & Daily Life","After school, Nina had to wake up.","স্কুলের পর, নিনাকে ঘুম থেকে ওঠা বা সচেতন হওয়া প্রয়োজন হয়েছিল।","realistic school scene matching the sentence, clear action and natural colors. Realistic contemporary setting, natural lighting, clear facial expressions, accurate everyday details, documentary photography style.","[""Adam had to wake up before lunch."", ""We decided to wake up during the meeting."", ""They want to wake up this week.""]"
Phrasal Verb,watch out,/wɑtʃ aʊt/,WATCH out,ওয়াচ আউট,To be careful or alert,সতর্ক থাকা,"[{""phrase"": ""watch out on time"", ""example_sentence"": ""The team tried to watch out on time so the schedule stayed clear.""}, {""phrase"": ""watch out during the project"", ""example_sentence"": ""Things may watch out during the project when the workload increases.""}, {""phrase"": ""watch out without delay"", ""example_sentence"": ""Everyone was ready to watch out without delay after the announcement.""}]","[{""phrase"": ""সময়মতো সতর্ক থাকা"", ""example_sentence"": ""শিক্ষার্থীরা উদাহরণে সময়মতো সতর্ক থাকা অনুশীলন করে।""}, {""phrase"": ""প্রকল্প চলাকালে সতর্ক থাকা"", ""example_sentence"": ""শিক্ষার্থীরা উদাহরণে প্রকল্প চলাকালে সতর্ক থাকা অনুশীলন করে।""}, {""phrase"": ""দেরি না করে সতর্ক থাকা"", ""example_sentence"": ""শিক্ষার্থীরা উদাহরণে দেরি না করে সতর্ক থাকা অনুশীলন করে।""}]",be careful; look out; stay alert,be careless; ignore danger; relax guard,A2,"07 - Problems, Difficulty & Risk","At work, Adam had to watch out.","কর্মক্ষেত্রে, আদমকে সতর্ক থাকা প্রয়োজন হয়েছিল।","realistic workplace scene matching the sentence, detailed environment and natural light. Realistic contemporary setting, natural lighting, clear facial expressions, accurate everyday details, documentary photography style.","[""Emma had to watch out before lunch."", ""We decided to watch out during the meeting."", ""They want to watch out this week.""]"
Phrasal Verb,wind up,/waɪnd ʌp/,WYND up,ওয়াইন্ড আপ,To end in a situation; to conclude; to tighten,শেষে কোনো অবস্থায় পৌঁছানো; শেষ করা; কষানো,"[{""phrase"": ""wind up on time"", ""example_sentence"": ""The team tried to wind up on time so the schedule stayed clear.""}, {""phrase"": ""wind up during the project"", ""example_sentence"": ""Things may wind up during the project when the workload increases.""}, {""phrase"": ""wind up without delay"", ""example_sentence"": ""Everyone was ready to wind up without delay after the announcement.""}]","[{""phrase"": ""সময়মতো শেষ করা"", ""example_sentence"": ""শিক্ষার্থীরা উদাহরণে সময়মতো শেষ করা অনুশীলন করে।""}, {""phrase"": ""প্রকল্প চলাকালে শেষ করা"", ""example_sentence"": ""শিক্ষার্থীরা উদাহরণে প্রকল্প চলাকালে শেষ করা অনুশীলন করে।""}, {""phrase"": ""দেরি না করে শেষ করা"", ""example_sentence"": ""শিক্ষার্থীরা উদাহরণে দেরি না করে শেষ করা অনুশীলন করে।""}]",end up; conclude; tighten,start; continue; loosen; unwind,A2,"05 - Time, Scheduling & Process","Because they missed the exit, Emma and her brother wound up on a farm road.",ব্যক্তিটি শেষে কোনো অবস্থায় পৌঁছানো বা শেষ করা বা কষানো করেছিল।,"Car on a quiet farm road after a wrong turn, driver checking a phone map, realistic rural travel scene.","[""If you rush, you may wind up with a bigger problem."", ""They wound up staying in the town center overnight."", ""I do not want to wind up doing all the work alone.""]"
Phrasal Verb,wipe out,/waɪp aʊt/,WIPE out,ওয়াইপ আউট,To completely destroy or exhaust,সম্পূর্ণ ধ্বংস বা নিঃশেষ করা,"[{""phrase"": ""wipe out the debt"", ""example_sentence"": ""You can wipe out the debt in everyday situations.""}, {""phrase"": ""wipe out the village"", ""example_sentence"": ""Workers often wipe out the village during a busy day.""}, {""phrase"": ""wipe out all progress"", ""example_sentence"": ""Students should learn to wipe out all progress when it is useful.""}]","[{""phrase"": ""ঋণটি নিঃশেষ করা"", ""example_sentence"": ""শিক্ষার্থীরা উদাহরণে ঋণটি নিঃশেষ করা অনুশীলন করে।""}, {""phrase"": ""village নিঃশেষ করা"", ""example_sentence"": ""শিক্ষার্থীরা উদাহরণে village নিঃশেষ করা অনুশীলন করে।""}, {""phrase"": ""all অগ্রগতি নিঃশেষ করা"", ""example_sentence"": ""শিক্ষার্থীরা উদাহরণে all অগ্রগতি নিঃশেষ করা অনুশীলন করে।""}]",destroy completely; exhaust; eliminate,restore; rebuild; preserve,A2,"07 - Problems, Difficulty & Risk","After school, Noah had to wipe out.","স্কুলের পর, নোয়াকে সম্পূর্ণ ধ্বংস বা নিঃশেষ করা প্রয়োজন হয়েছিল।","realistic school scene matching the sentence, clear action and natural colors. Realistic contemporary setting, natural lighting, clear facial expressions, accurate everyday details, documentary photography style.","[""Mia had to wipe out before lunch."", ""We decided to wipe out during the meeting."", ""They want to wipe out this week.""]"
Phrasal Verb,write down,/raɪt daʊn/,RYT DOWN,রাইট ডাউন,To record in writing,লিখে রাখা,"[{""phrase"": ""write down the address"", ""example_sentence"": ""You can write down the address in everyday situations.""}, {""phrase"": ""write down your ideas"", ""example_sentence"": ""Workers often write down your ideas during a busy day.""}, {""phrase"": ""write down the instructions"", ""example_sentence"": ""Students should learn to write down the instructions when it is useful.""}]","[{""phrase"": ""ঠিকানাটি লিখে রাখা"", ""example_sentence"": ""শিক্ষার্থীরা উদাহরণে ঠিকানাটি লিখে রাখা অনুশীলন করে।""}, {""phrase"": ""আপনার ideas লিখে রাখা"", ""example_sentence"": ""শিক্ষার্থীরা উদাহরণে আপনার ideas লিখে রাখা অনুশীলন করে।""}, {""phrase"": ""নির্দেশনাগুলো লিখে রাখা"", ""example_sentence"": ""শিক্ষার্থীরা উদাহরণে নির্দেশনাগুলো লিখে রাখা অনুশীলন করে।""}]",record; note; put in writing,erase; forget; leave unwritten,A2,"10 - Money, Business, Technology & Movement",The doctor asked me to write down the medicine times clearly.,The লিখে রাখা করেছিল।,"Patient writing medicine times in a notebook after a doctor’s visit, realistic healthcare daily-life scene.","[""Please write down your phone number."", ""He wrote down three ideas during the meeting."", ""I had to write down the address before I forgot it.""]"
Phrasal Verb,write off,/raɪt ɔf/,RYT AWF,রাইট অফ,To cancel a debt; to dismiss as unimportant,ঋণ মওকুফ করা; হিসেবে গুরুত্বহীন,"[{""phrase"": ""write off the debt"", ""example_sentence"": ""You can write off the debt in everyday situations.""}, {""phrase"": ""write off the car"", ""example_sentence"": ""Workers often write off the car during a busy day.""}, {""phrase"": ""write off the loss"", ""example_sentence"": ""Students should learn to write off the loss when it is useful.""}]","[{""phrase"": ""ঋণটি ঋণ মওকুফ করা"", ""example_sentence"": ""শিক্ষার্থীরা উদাহরণে ঋণটি ঋণ মওকুফ করা অনুশীলন করে।""}, {""phrase"": ""গাড়িটি ঋণ মওকুফ করা"", ""example_sentence"": ""শিক্ষার্থীরা উদাহরণে গাড়িটি ঋণ মওকুফ করা অনুশীলন করে।""}, {""phrase"": ""loss ঋণ মওকুফ করা"", ""example_sentence"": ""শিক্ষার্থীরা উদাহরণে loss ঋণ মওকুফ করা অনুশীলন করে।""}]",cancel; dismiss; regard as worthless,value; consider; collect,A2,"10 - Money, Business, Technology & Movement","During the day, Daniel had to write off.","দিনের মধ্যে, ড্যানিয়েলকে ঋণ মওকুফ করা বা হিসেবে গুরুত্বহীন প্রয়োজন হয়েছিল।","realistic daily-life scene matching the sentence, natural lighting, candid photography. Realistic contemporary setting, natural lighting, clear facial expressions, accurate everyday details, documentary photography style.","[""Aisha had to write off before lunch."", ""We decided to write off during the meeting."", ""They want to write off this week.""]"
Phrasal Verb,zero in on,/zɪroʊ ɪn ɑn/,ZEEROH een on,জিরো ইন অন,To focus precisely on something,কোনো কিছুর ওপর সুনির্দিষ্টভাবে মনোযোগ দেওয়া,"[{""phrase"": ""zero in on the cause"", ""example_sentence"": ""You can zero in on the cause in everyday situations.""}, {""phrase"": ""zero in on the best option"", ""example_sentence"": ""Workers often zero in on the best option during a busy day.""}, {""phrase"": ""zero in on the target"", ""example_sentence"": ""Students should learn to zero in on the target when it is useful.""}]","[{""phrase"": ""কারণটি কিছুর ওপর সুনির্দিষ্টভাবে মনোযোগ দেওয়া"", ""example_sentence"": ""শিক্ষার্থীরা উদাহরণে কারণটি কিছুর ওপর সুনির্দিষ্টভাবে মনোযোগ দেওয়া অনুশীলন করে।""}, {""phrase"": ""সেরা বিকল্পটি কিছুর ওপর সুনির্দিষ্টভাবে মনোযোগ দেওয়া"", ""example_sentence"": ""শিক্ষার্থীরা উদাহরণে সেরা বিকল্পটি কিছুর ওপর সুনির্দিষ্টভাবে মনোযোগ দেওয়া অনুশীলন করে।""}, {""phrase"": ""লক্ষ্যটি কিছুর ওপর সুনির্দিষ্টভাবে মনোযোগ দেওয়া"", ""example_sentence"": ""শিক্ষার্থীরা উদাহরণে লক্ষ্যটি কিছুর ওপর সুনির্দিষ্টভাবে মনোযোগ দেওয়া অনুশীলন করে।""}]",focus on; target; concentrate on,ignore; look away; zoom out,B1,"02 - Thinking, Learning & Understanding","After school, Aisha had to zero in on.","স্কুলের পর, আইশাকে কোনো কিছুর ওপর সুনির্দিষ্টভাবে মনোযোগ দেওয়া প্রয়োজন হয়েছিল।","realistic school scene matching the sentence, clear action and natural colors. Realistic contemporary setting, natural lighting, clear facial expressions, accurate everyday details, documentary photography style.","[""Lucas had to zero in on before lunch."", ""We decided to zero in on during the meeting."", ""They want to zero in on this week.""]"
Phrasal Verb,account for,/əkaʊnt fɔr/,uh-KOWNT for,আকাউন্ট ফর,To explain; to be responsible for a portion,ব্যাখ্যা করা; হওয়া দায়ী জন্য অংশ,"[{""phrase"": ""account for the problem"", ""example_sentence"": ""The manager asked the team to account for the problem before the deadline.""}, {""phrase"": ""account for the answer"", ""example_sentence"": ""Students learned how to account for the answer in a practical exercise.""}, {""phrase"": ""account for the idea"", ""example_sentence"": ""We need to account for the idea carefully before we move forward.""}]","[{""phrase"": ""সমস্যাটি ব্যাখ্যা করা"", ""example_sentence"": ""শিক্ষার্থীরা উদাহরণে সমস্যাটি ব্যাখ্যা করা অনুশীলন করে।""}, {""phrase"": ""উত্তরটি ব্যাখ্যা করা"", ""example_sentence"": ""শিক্ষার্থীরা উদাহরণে উত্তরটি ব্যাখ্যা করা অনুশীলন করে।""}, {""phrase"": ""ধারণাটি ব্যাখ্যা করা"", ""example_sentence"": ""শিক্ষার্থীরা উদাহরণে ধারণাটি ব্যাখ্যা করা অনুশীলন করে।""}]",explain; justify; be responsible for; make up a portion,obscure; leave unexplained; exclude; avoid responsibility,A2,"02 - Thinking, Learning & Understanding","At work, Lucas had to account for.","কর্মক্ষেত্রে, লুকাসকে ব্যাখ্যা করা বা হওয়া দায়ী জন্য অংশ প্রয়োজন হয়েছিল।","realistic workplace scene matching the sentence, detailed environment and natural light. Realistic contemporary setting, natural lighting, clear facial expressions, accurate everyday details, documentary photography style.","[""Sofia had to account for before lunch."", ""We decided to account for during the meeting."", ""They want to account for this week.""]"
Phrasal Verb,agree on,/əɡri ɑn/,uh-GREE on,আগ্রি অন,To reach a mutual decision about something,কোনো বিষয়ে পারস্পরিক সিদ্ধান্তে পৌঁছানো,"[{""phrase"": ""agree on a topic"", ""example_sentence"": ""The manager asked the team to agree on a topic before the deadline.""}, {""phrase"": ""agree on an issue"", ""example_sentence"": ""Students learned how to agree on an issue in a practical exercise.""}, {""phrase"": ""agree on the message"", ""example_sentence"": ""We need to agree on the message carefully before we move forward.""}]","[{""phrase"": ""একটি বিষয় কোনো বিষয়ে পারস্পরিক সিদ্ধান্তে পৌঁছানো"", ""example_sentence"": ""শিক্ষার্থীরা উদাহরণে একটি বিষয় কোনো বিষয়ে পারস্পরিক সিদ্ধান্তে পৌঁছানো অনুশীলন করে।""}, {""phrase"": ""একটি সমস্যা কোনো বিষয়ে পারস্পরিক সিদ্ধান্তে পৌঁছানো"", ""example_sentence"": ""শিক্ষার্থীরা উদাহরণে একটি সমস্যা কোনো বিষয়ে পারস্পরিক সিদ্ধান্তে পৌঁছানো অনুশীলন করে।""}, {""phrase"": ""বার্তাটি কোনো বিষয়ে পারস্পরিক সিদ্ধান্তে পৌঁছানো"", ""example_sentence"": ""শিক্ষার্থীরা উদাহরণে বার্তাটি কোনো বিষয়ে পারস্পরিক সিদ্ধান্তে পৌঁছানো অনুশীলন করে।""}]",decide together; reach agreement; settle on,disagree; dispute; fail to decide,A2,01 - Communication & Discussion,"During the day, Sofia had to agree on.","দিনের মধ্যে, সোফিয়াকে কোনো বিষয়ে পারস্পরিক সিদ্ধান্তে পৌঁছানো প্রয়োজন হয়েছিল।","realistic daily-life scene matching the sentence, natural lighting, candid photography. Realistic contemporary setting, natural lighting, clear facial expressions, accurate everyday details, documentary photography style.","[""Ethan had to agree on before lunch."", ""We decided to agree on during the meeting."", ""They want to agree on this week.""]"
Phrasal Verb,answer back,/ænsɚ bæk/,AN-ser BACK,অ্যান্সার ব্যাক,To reply rudely or defiantly,অসভ্য বা অবাধ্যভাবে জবাব দেওয়া,"[{""phrase"": ""answer back the issue"", ""example_sentence"": ""The manager asked the team to answer back the issue before the deadline.""}, {""phrase"": ""answer back the plan"", ""example_sentence"": ""Students learned how to answer back the plan in a practical exercise.""}, {""phrase"": ""answer back the task"", ""example_sentence"": ""We need to answer back the task carefully before we move forward.""}]","[{""phrase"": ""সমস্যাটি অবাধ্যভাবে জবাব দেওয়া"", ""example_sentence"": ""শিক্ষার্থীরা উদাহরণে সমস্যাটি অবাধ্যভাবে জবাব দেওয়া অনুশীলন করে।""}, {""phrase"": ""পরিকল্পনাটি অবাধ্যভাবে জবাব দেওয়া"", ""example_sentence"": ""শিক্ষার্থীরা উদাহরণে পরিকল্পনাটি অবাধ্যভাবে জবাব দেওয়া অনুশীলন করে।""}, {""phrase"": ""কাজটি অবাধ্যভাবে জবাব দেওয়া"", ""example_sentence"": ""শিক্ষার্থীরা উদাহরণে কাজটি অবাধ্যভাবে জবাব দেওয়া অনুশীলন করে।""}]",reply rudely; talk back; answer defiantly,answer politely; stay respectful; keep quiet,A2,"09 - Relationships, Feelings & Daily Life","After school, Ethan had to answer back.","স্কুলের পর, ইথানকে অসভ্য বা অবাধ্যভাবে জবাব দেওয়া প্রয়োজন হয়েছিল।","realistic school scene matching the sentence, clear action and natural colors. Realistic contemporary setting, natural lighting, clear facial expressions, accurate everyday details, documentary photography style.","[""Lina had to answer back before lunch."", ""We decided to answer back during the meeting."", ""They want to answer back this week.""]"
Phrasal Verb,answer for,/ænsɚ fɔr/,AN-ser for,অ্যান্সার ফর,To be held responsible for something,কোনো কিছুর জন্য দায়ী ধরা হওয়া,"[{""phrase"": ""answer for the issue"", ""example_sentence"": ""The manager asked the team to answer for the issue before the deadline.""}, {""phrase"": ""answer for the plan"", ""example_sentence"": ""Students learned how to answer for the plan in a practical exercise.""}, {""phrase"": ""answer for the task"", ""example_sentence"": ""We need to answer for the task carefully before we move forward.""}]","[{""phrase"": ""সমস্যাটি কিছুর জন্য দায়ী ধরা হওয়া"", ""example_sentence"": ""শিক্ষার্থীরা উদাহরণে সমস্যাটি কিছুর জন্য দায়ী ধরা হওয়া অনুশীলন করে।""}, {""phrase"": ""পরিকল্পনাটি কিছুর জন্য দায়ী ধরা হওয়া"", ""example_sentence"": ""শিক্ষার্থীরা উদাহরণে পরিকল্পনাটি কিছুর জন্য দায়ী ধরা হওয়া অনুশীলন করে।""}, {""phrase"": ""কাজটি কিছুর জন্য দায়ী ধরা হওয়া"", ""example_sentence"": ""শিক্ষার্থীরা উদাহরণে কাজটি কিছুর জন্য দায়ী ধরা হওয়া অনুশীলন করে।""}]",be responsible for; be accountable for,avoid responsibility; escape blame,A2,"08 - Change, Growth, Rules & Control","At work, Lina had to answer for.","কর্মক্ষেত্রে, লিনাকে কোনো কিছুর জন্য দায়ী ধরা হওয়া প্রয়োজন হয়েছিল।","realistic workplace scene matching the sentence, detailed environment and natural light. Realistic contemporary setting, natural lighting, clear facial expressions, accurate everyday details, documentary photography style.","[""Omar had to answer for before lunch."", ""We decided to answer for during the meeting."", ""They want to answer for this week.""]"
Phrasal Verb,bank on,/bæŋk ɑn/,BANK on,ব্যাংক অন,To rely on or count on something happening,কোনো কিছু ঘটবে বলে নির্ভর করা,"[{""phrase"": ""bank on the task"", ""example_sentence"": ""The manager asked the team to bank on the task before the deadline.""}, {""phrase"": ""bank on the project"", ""example_sentence"": ""Students learned how to bank on the project in a practical exercise.""}, {""phrase"": ""bank on the deadline"", ""example_sentence"": ""We need to bank on the deadline carefully before we move forward.""}]","[{""phrase"": ""কাজটি কিছু ঘটবে বলে নির্ভর করা"", ""example_sentence"": ""শিক্ষার্থীরা উদাহরণে কাজটি কিছু ঘটবে বলে নির্ভর করা অনুশীলন করে।""}, {""phrase"": ""প্রকল্পটি কিছু ঘটবে বলে নির্ভর করা"", ""example_sentence"": ""শিক্ষার্থীরা উদাহরণে প্রকল্পটি কিছু ঘটবে বলে নির্ভর করা অনুশীলন করে।""}, {""phrase"": ""সময়সীমাটি কিছু ঘটবে বলে নির্ভর করা"", ""example_sentence"": ""শিক্ষার্থীরা উদাহরণে সময়সীমাটি কিছু ঘটবে বলে নির্ভর করা অনুশীলন করে।""}]",rely on; count on; depend on,doubt; distrust; avoid relying on,A2,"09 - Relationships, Feelings & Daily Life","During the day, Omar had to bank on.","দিনের মধ্যে, ওমরকে কোনো কিছু ঘটবে বলে নির্ভর করা প্রয়োজন হয়েছিল।","realistic daily-life scene matching the sentence, natural lighting, candid photography. Realistic contemporary setting, natural lighting, clear facial expressions, accurate everyday details, documentary photography style.","[""Chloe had to bank on before lunch."", ""We decided to bank on during the meeting."", ""They want to bank on this week.""]"
Phrasal Verb,blow up,/bloʊ ʌp/,BLOH up,ব্লো আপ,To explode; to enlarge; to lose one's temper,বিস্ফোরিত হওয়া; বড় করা; হারানো নিজের মেজাজ,"[{""phrase"": ""blow up the issue"", ""example_sentence"": ""The manager asked the team to blow up the issue before the deadline.""}, {""phrase"": ""blow up the plan"", ""example_sentence"": ""Students learned how to blow up the plan in a practical exercise.""}, {""phrase"": ""blow up the task"", ""example_sentence"": ""We need to blow up the task carefully before we move forward.""}]","[{""phrase"": ""সমস্যাটি বিস্ফোরিত হওয়া"", ""example_sentence"": ""শিক্ষার্থীরা উদাহরণে সমস্যাটি বিস্ফোরিত হওয়া অনুশীলন করে।""}, {""phrase"": ""পরিকল্পনাটি বিস্ফোরিত হওয়া"", ""example_sentence"": ""শিক্ষার্থীরা উদাহরণে পরিকল্পনাটি বিস্ফোরিত হওয়া অনুশীলন করে।""}, {""phrase"": ""কাজটি বিস্ফোরিত হওয়া"", ""example_sentence"": ""শিক্ষার্থীরা উদাহরণে কাজটি বিস্ফোরিত হওয়া অনুশীলন করে।""}]",explode; enlarge; lose one's temper,defuse; shrink; calm down,A2,"09 - Relationships, Feelings & Daily Life","After school, Chloe had to blow up.","স্কুলের পর, ক্লোইকে বিস্ফোরিত হওয়া বা বড় করা বা হারানো নিজের মেজাজ প্রয়োজন হয়েছিল।","realistic school scene matching the sentence, clear action and natural colors. Realistic contemporary setting, natural lighting, clear facial expressions, accurate everyday details, documentary photography style.","[""Hassan had to blow up before lunch."", ""We decided to blow up during the meeting."", ""They want to blow up this week.""]"
Phrasal Verb,bounce back,/baʊns bæk/,BOUNCE BACK,বাউন্স ব্যাক,To recover quickly from a setback,ধাক্কা থেকে দ্রুত ফিরে আসা,"[{""phrase"": ""bounce back on time"", ""example_sentence"": ""The team tried to bounce back on time so the schedule stayed clear.""}, {""phrase"": ""bounce back during the project"", ""example_sentence"": ""Things may bounce back during the project when the workload increases.""}, {""phrase"": ""bounce back without delay"", ""example_sentence"": ""Everyone was ready to bounce back without delay after the announcement.""}]","[{""phrase"": ""সময়মতো ধাক্কা থেকে দ্রুত ফিরে আসা"", ""example_sentence"": ""শিক্ষার্থীরা উদাহরণে সময়মতো ধাক্কা থেকে দ্রুত ফিরে আসা অনুশীলন করে।""}, {""phrase"": ""প্রকল্প চলাকালে ধাক্কা থেকে দ্রুত ফিরে আসা"", ""example_sentence"": ""শিক্ষার্থীরা উদাহরণে প্রকল্প চলাকালে ধাক্কা থেকে দ্রুত ফিরে আসা অনুশীলন করে।""}, {""phrase"": ""দেরি না করে ধাক্কা থেকে দ্রুত ফিরে আসা"", ""example_sentence"": ""শিক্ষার্থীরা উদাহরণে দেরি না করে ধাক্কা থেকে দ্রুত ফিরে আসা অনুশীলন করে।""}]",recover; rebound; return to strength,decline; relapse; stay down,A2,"06 - Progress, Success & Results","At work, Hassan had to bounce back.","কর্মক্ষেত্রে, হাসানকে ধাক্কা থেকে দ্রুত ফিরে আসা প্রয়োজন হয়েছিল।","realistic workplace scene matching the sentence, detailed environment and natural light. Realistic contemporary setting, natural lighting, clear facial expressions, accurate everyday details, documentary photography style.","[""Nora had to bounce back before lunch."", ""We decided to bounce back during the meeting."", ""They want to bounce back this week.""]"
Phrasal Verb,break away,/breɪk əweɪ/,BRAYK OOHWAY,ব্রেইক আওয়েই,To escape; to separate from a group,পালিয়ে যাওয়া; আলাদা করা থেকে দল,"[{""phrase"": ""break away on time"", ""example_sentence"": ""The team tried to break away on time so the schedule stayed clear.""}, {""phrase"": ""break away during the project"", ""example_sentence"": ""Things may break away during the project when the workload increases.""}, {""phrase"": ""break away without delay"", ""example_sentence"": ""Everyone was ready to break away without delay after the announcement.""}]","[{""phrase"": ""সময়মতো আলাদা করা থেকে দল"", ""example_sentence"": ""শিক্ষার্থীরা উদাহরণে সময়মতো আলাদা করা থেকে দল অনুশীলন করে।""}, {""phrase"": ""প্রকল্প চলাকালে আলাদা করা থেকে দল"", ""example_sentence"": ""শিক্ষার্থীরা উদাহরণে প্রকল্প চলাকালে আলাদা করা থেকে দল অনুশীলন করে।""}, {""phrase"": ""দেরি না করে আলাদা করা থেকে দল"", ""example_sentence"": ""শিক্ষার্থীরা উদাহরণে দেরি না করে আলাদা করা থেকে দল অনুশীলন করে।""}]",escape; separate; split off,stay; join; remain attached,A2,"10 - Money, Business, Technology & Movement","During the day, Nora had to break away.","দিনের মধ্যে, নোরাকে পালিয়ে যাওয়া বা আলাদা করা থেকে দল প্রয়োজন হয়েছিল।","realistic daily-life scene matching the sentence, natural lighting, candid photography. Realistic contemporary setting, natural lighting, clear facial expressions, accurate everyday details, documentary photography style.","[""Ben had to break away before lunch."", ""We decided to break away during the meeting."", ""They want to break away this week.""]"
Phrasal Verb,break through,/breɪk θru/,BRAYK THROO,ব্রেইক থ্রু,To overcome a barrier or make a major discovery,বাধা অতিক্রম করা বা বড় আবিষ্কার করা,"[{""phrase"": ""break through on time"", ""example_sentence"": ""The team tried to break through on time so the schedule stayed clear.""}, {""phrase"": ""break through during the project"", ""example_sentence"": ""Things may break through during the project when the workload increases.""}, {""phrase"": ""break through without delay"", ""example_sentence"": ""Everyone was ready to break through without delay after the announcement.""}]","[{""phrase"": ""সময়মতো বাধা অতিক্রম করা"", ""example_sentence"": ""শিক্ষার্থীরা উদাহরণে সময়মতো বাধা অতিক্রম করা অনুশীলন করে।""}, {""phrase"": ""প্রকল্প চলাকালে বাধা অতিক্রম করা"", ""example_sentence"": ""শিক্ষার্থীরা উদাহরণে প্রকল্প চলাকালে বাধা অতিক্রম করা অনুশীলন করে।""}, {""phrase"": ""দেরি না করে বাধা অতিক্রম করা"", ""example_sentence"": ""শিক্ষার্থীরা উদাহরণে দেরি না করে বাধা অতিক্রম করা অনুশীলন করে।""}]",overcome; make a discovery; succeed past a barrier,get stuck; fail; be blocked,A2,"06 - Progress, Success & Results","After school, Ben had to break through.","স্কুলের পর, বেনকে বাধা অতিক্রম করা বা বড় আবিষ্কার করা প্রয়োজন হয়েছিল।","realistic school scene matching the sentence, clear action and natural colors. Realistic contemporary setting, natural lighting, clear facial expressions, accurate everyday details, documentary photography style.","[""Sara had to break through before lunch."", ""We decided to break through during the meeting."", ""They want to break through this week.""]"
Phrasal Verb,bring down,/brɪŋ daʊn/,BRING DOWN,ব্রিং ডাউন,To reduce; to cause a government or system to fail,কমানো; কারণ হওয়া/ঘটানো সরকার বা সিস্টেম ব্যর্থ হওয়া,"[{""phrase"": ""bring down the issue"", ""example_sentence"": ""The manager asked the team to bring down the issue before the deadline.""}, {""phrase"": ""bring down the plan"", ""example_sentence"": ""Students learned how to bring down the plan in a practical exercise.""}, {""phrase"": ""bring down the task"", ""example_sentence"": ""We need to bring down the task carefully before we move forward.""}]","[{""phrase"": ""সমস্যাটি কারণ হওয়া/ঘটানো সরকার"", ""example_sentence"": ""শিক্ষার্থীরা উদাহরণে সমস্যাটি কারণ হওয়া/ঘটানো সরকার অনুশীলন করে।""}, {""phrase"": ""পরিকল্পনাটি কারণ হওয়া/ঘটানো সরকার"", ""example_sentence"": ""শিক্ষার্থীরা উদাহরণে পরিকল্পনাটি কারণ হওয়া/ঘটানো সরকার অনুশীলন করে।""}, {""phrase"": ""কাজটি কারণ হওয়া/ঘটানো সরকার"", ""example_sentence"": ""শিক্ষার্থীরা উদাহরণে কাজটি কারণ হওয়া/ঘটানো সরকার অনুশীলন করে।""}]",reduce; lower; topple; cause to fail,raise; increase; support; strengthen,A2,"08 - Change, Growth, Rules & Control","Before bedtime, Sara decided to bring down screen time in the evening.","ঘুমানোর আগে, সারা সন্ধ্যার স্ক্রিন টাইম কমানো বা কারণ হওয়া/ঘটানো সরকার বা সিস্টেম ব্যর্থ হওয়ার সিদ্ধান্ত নিয়েছিল।","person placing a phone on a table at night, calm bedroom lighting. Realistic contemporary setting, natural lighting, clear facial expressions, accurate everyday details, documentary photography style.","[""The family wants to bring down on waste this month."", ""Maya decided to bring down after looking at the bill."", ""We need to bring down before the exam week.""]"
Phrasal Verb,bring in,/brɪŋ ɪn/,BRING een,ব্রিং ইন,To introduce; to earn; to involve,পরিচয় করানো; উপার্জন করা; জড়িত করা,"[{""phrase"": ""bring in the task"", ""example_sentence"": ""The manager asked the team to bring in the task before the deadline.""}, {""phrase"": ""bring in the project"", ""example_sentence"": ""Students learned how to bring in the project in a practical exercise.""}, {""phrase"": ""bring in the deadline"", ""example_sentence"": ""We need to bring in the deadline carefully before we move forward.""}]","[{""phrase"": ""কাজটি পরিচয় করানো"", ""example_sentence"": ""শিক্ষার্থীরা উদাহরণে কাজটি পরিচয় করানো অনুশীলন করে।""}, {""phrase"": ""প্রকল্পটি পরিচয় করানো"", ""example_sentence"": ""শিক্ষার্থীরা উদাহরণে প্রকল্পটি পরিচয় করানো অনুশীলন করে।""}, {""phrase"": ""সময়সীমাটি পরিচয় করানো"", ""example_sentence"": ""শিক্ষার্থীরা উদাহরণে সময়সীমাটি পরিচয় করানো অনুশীলন করে।""}]",introduce; earn; involve; include,remove; exclude; spend; leave out,A2,"04 - Work, Responsibility & Productivity","During an office meeting, Leo had to bring in the late delivery so the team could discuss it.",ব্যক্তিটি পরিচয় করানো বা উপার্জন করা বা জড়িত করা করেছিল।,"glass-walled office meeting, one employee speaking while coworkers listen around a table with laptops and delivery papers. Realistic contemporary setting, natural lighting, clear facial expressions, accurate everyday details, documentary photography style.","[""Please bring in the budget issue today."", ""Maya wanted to bring in the class trip at lunch."", ""The teacher asked us to bring in one more point.""]"
Phrasal Verb,bring on,/brɪŋ ɑn/,BRING on,ব্রিং অন,To cause something to happen; to introduce,কোনো কিছু ঘটানো; পরিচয় করানো,"[{""phrase"": ""bring on the issue"", ""example_sentence"": ""The manager asked the team to bring on the issue before the deadline.""}, {""phrase"": ""bring on the plan"", ""example_sentence"": ""Students learned how to bring on the plan in a practical exercise.""}, {""phrase"": ""bring on the task"", ""example_sentence"": ""We need to bring on the task carefully before we move forward.""}]","[{""phrase"": ""সমস্যাটি পরিচয় করানো"", ""example_sentence"": ""শিক্ষার্থীরা উদাহরণে সমস্যাটি পরিচয় করানো অনুশীলন করে।""}, {""phrase"": ""পরিকল্পনাটি পরিচয় করানো"", ""example_sentence"": ""শিক্ষার্থীরা উদাহরণে পরিকল্পনাটি পরিচয় করানো অনুশীলন করে।""}, {""phrase"": ""কাজটি পরিচয় করানো"", ""example_sentence"": ""শিক্ষার্থীরা উদাহরণে কাজটি পরিচয় করানো অনুশীলন করে।""}]",cause; trigger; introduce; provoke,prevent; stop; hold back; avoid,A2,"08 - Change, Growth, Rules & Control","In class, Maya had to bring on one question about the homework so everyone understood the task.",ব্যক্তিটি কোনো কিছু ঘটানো বা পরিচয় করানো করেছিল।,"bright classroom, student raising a hand while classmates and a teacher look on, notebooks open. Realistic contemporary setting, natural lighting, clear facial expressions, accurate everyday details, documentary photography style.","[""Please bring on the budget issue today."", ""David wanted to bring on the class trip at lunch."", ""The teacher asked us to bring on one more point.""]"
Phrasal Verb,bring out,/brɪŋ aʊt/,BRING out,ব্রিং আউট,To reveal or highlight; to publish; to release,প্রকাশ করা বা তুলে ধরা; প্রকাশ করা; মুক্ত করা,"[{""phrase"": ""bring out a topic"", ""example_sentence"": ""The manager asked the team to bring out a topic before the deadline.""}, {""phrase"": ""bring out an issue"", ""example_sentence"": ""Students learned how to bring out an issue in a practical exercise.""}, {""phrase"": ""bring out the message"", ""example_sentence"": ""We need to bring out the message carefully before we move forward.""}]","[{""phrase"": ""একটি বিষয় প্রকাশ করা"", ""example_sentence"": ""শিক্ষার্থীরা উদাহরণে একটি বিষয় প্রকাশ করা অনুশীলন করে।""}, {""phrase"": ""একটি সমস্যা প্রকাশ করা"", ""example_sentence"": ""শিক্ষার্থীরা উদাহরণে একটি সমস্যা প্রকাশ করা অনুশীলন করে।""}, {""phrase"": ""বার্তাটি প্রকাশ করা"", ""example_sentence"": ""শিক্ষার্থীরা উদাহরণে বার্তাটি প্রকাশ করা অনুশীলন করে।""}]",reveal; highlight; publish; release,hide; suppress; conceal; withhold,A2,01 - Communication & Discussion,"At work, David had to bring out.","কর্মক্ষেত্রে, ডেভিডকে প্রকাশ করা বা তুলে ধরা বা প্রকাশ করা বা মুক্ত করা প্রয়োজন হয়েছিল।","realistic workplace scene matching the sentence, detailed environment and natural light. Realistic contemporary setting, natural lighting, clear facial expressions, accurate everyday details, documentary photography style.","[""Ivy had to bring out before lunch."", ""We decided to bring out during the meeting."", ""They want to bring out this week.""]"
Phrasal Verb,build on,/bɪld ɑn/,BILD on,বিল্ড অন,To use as a foundation for further development,আরও উন্নয়নের ভিত্তি হিসেবে ব্যবহার করা,"[{""phrase"": ""build on the issue"", ""example_sentence"": ""The manager asked the team to build on the issue before the deadline.""}, {""phrase"": ""build on the plan"", ""example_sentence"": ""Students learned how to build on the plan in a practical exercise.""}, {""phrase"": ""build on the task"", ""example_sentence"": ""We need to build on the task carefully before we move forward.""}]","[{""phrase"": ""সমস্যাটি আরও উন্নয়নের ভিত্তি হিসেবে ব্যবহার করা"", ""example_sentence"": ""শিক্ষার্থীরা উদাহরণে সমস্যাটি আরও উন্নয়নের ভিত্তি হিসেবে ব্যবহার করা অনুশীলন করে।""}, {""phrase"": ""পরিকল্পনাটি আরও উন্নয়নের ভিত্তি হিসেবে ব্যবহার করা"", ""example_sentence"": ""শিক্ষার্থীরা উদাহরণে পরিকল্পনাটি আরও উন্নয়নের ভিত্তি হিসেবে ব্যবহার করা অনুশীলন করে।""}, {""phrase"": ""কাজটি আরও উন্নয়নের ভিত্তি হিসেবে ব্যবহার করা"", ""example_sentence"": ""শিক্ষার্থীরা উদাহরণে কাজটি আরও উন্নয়নের ভিত্তি হিসেবে ব্যবহার করা অনুশীলন করে।""}]",use as a foundation; develop further,discard; ignore; start from scratch,A2,"06 - Progress, Success & Results","During the day, Ivy had to build on.","দিনের মধ্যে, আইভিকে আরও উন্নয়নের ভিত্তি হিসেবে ব্যবহার করা প্রয়োজন হয়েছিল।","realistic daily-life scene matching the sentence, natural lighting, candid photography. Realistic contemporary setting, natural lighting, clear facial expressions, accurate everyday details, documentary photography style.","[""Ryan had to build on before lunch."", ""We decided to build on during the meeting."", ""They want to build on this week.""]"
Phrasal Verb,call for,/kɔl fɔr/,KAWL for,কল ফর,To require; to demand; to pick someone up,প্রয়োজন হওয়া; দাবি করা; কাউকে উপরে,"[{""phrase"": ""call for the task"", ""example_sentence"": ""The manager asked the team to call for the task before the deadline.""}, {""phrase"": ""call for the project"", ""example_sentence"": ""Students learned how to call for the project in a practical exercise.""}, {""phrase"": ""call for the deadline"", ""example_sentence"": ""We need to call for the deadline carefully before we move forward.""}]","[{""phrase"": ""কাজটি প্রয়োজন হওয়া"", ""example_sentence"": ""শিক্ষার্থীরা উদাহরণে কাজটি প্রয়োজন হওয়া অনুশীলন করে।""}, {""phrase"": ""প্রকল্পটি প্রয়োজন হওয়া"", ""example_sentence"": ""শিক্ষার্থীরা উদাহরণে প্রকল্পটি প্রয়োজন হওয়া অনুশীলন করে।""}, {""phrase"": ""সময়সীমাটি প্রয়োজন হওয়া"", ""example_sentence"": ""শিক্ষার্থীরা উদাহরণে সময়সীমাটি প্রয়োজন হওয়া অনুশীলন করে।""}]",require; demand; ask for; pick up,make optional; waive; reject,A2,"04 - Work, Responsibility & Productivity","After school, Ryan had to call for.","স্কুলের পর, রায়ানকে প্রয়োজন হওয়া বা দাবি করা বা কাউকে উপরে প্রয়োজন হয়েছিল।","realistic school scene matching the sentence, clear action and natural colors. Realistic contemporary setting, natural lighting, clear facial expressions, accurate everyday details, documentary photography style.","[""Julia had to call for before lunch."", ""We decided to call for during the meeting."", ""They want to call for this week.""]"
Phrasal Verb,call in,/kɔl ɪn/,KAWL een,কল ইন,To telephone; to ask someone to come,ফোন করা; জিজ্ঞাসা/বলা কাউকে আসা,"[{""phrase"": ""call in a topic"", ""example_sentence"": ""The manager asked the team to call in a topic before the deadline.""}, {""phrase"": ""call in an issue"", ""example_sentence"": ""Students learned how to call in an issue in a practical exercise.""}, {""phrase"": ""call in the message"", ""example_sentence"": ""We need to call in the message carefully before we move forward.""}]","[{""phrase"": ""একটি বিষয় ফোন করা"", ""example_sentence"": ""শিক্ষার্থীরা উদাহরণে একটি বিষয় ফোন করা অনুশীলন করে।""}, {""phrase"": ""একটি সমস্যা ফোন করা"", ""example_sentence"": ""শিক্ষার্থীরা উদাহরণে একটি সমস্যা ফোন করা অনুশীলন করে।""}, {""phrase"": ""বার্তাটি ফোন করা"", ""example_sentence"": ""শিক্ষার্থীরা উদাহরণে বার্তাটি ফোন করা অনুশীলন করে।""}]",phone; summon; ask to come,send away; avoid calling; dismiss,A2,01 - Communication & Discussion,The manager had to call in an extra nurse for the night shift.,The ফোন করা বা জিজ্ঞাসা/বলা কাউকে আসা করেছিল।,"Hospital corridor with manager on phone calling in extra staff, nurses station, realistic healthcare setting.","[""Please call in if you are going to be late."", ""They had to call in a plumber after the pipe burst."", ""The coach called in a reserve player before the match.""]"
Phrasal Verb,call on,/kɔl ɑn/,KAWL on,কল অন,To visit; to ask someone to speak or help,দেখা করতে যাওয়া; জিজ্ঞাসা/বলা কাউকে কথা বলা বা সাহায্য করা,"[{""phrase"": ""call on a topic"", ""example_sentence"": ""The manager asked the team to call on a topic before the deadline.""}, {""phrase"": ""call on an issue"", ""example_sentence"": ""Students learned how to call on an issue in a practical exercise.""}, {""phrase"": ""call on the message"", ""example_sentence"": ""We need to call on the message carefully before we move forward.""}]","[{""phrase"": ""একটি বিষয় সাহায্য করা"", ""example_sentence"": ""শিক্ষার্থীরা উদাহরণে একটি বিষয় সাহায্য করা অনুশীলন করে।""}, {""phrase"": ""একটি সমস্যা সাহায্য করা"", ""example_sentence"": ""শিক্ষার্থীরা উদাহরণে একটি সমস্যা সাহায্য করা অনুশীলন করে।""}, {""phrase"": ""বার্তাটি সাহায্য করা"", ""example_sentence"": ""শিক্ষার্থীরা উদাহরণে বার্তাটি সাহায্য করা অনুশীলন করে।""}]",visit; ask to speak; request help,ignore; avoid; skip,A2,01 - Communication & Discussion,"On the way home, Sam decided to call on the library for ten minutes.","বাড়ি ফেরার পথে, স্যাম দেখা করতে যাওয়া বা জিজ্ঞাসা/বলা কাউকে কথা বলা বা সাহায্য করার সিদ্ধান্ত নিয়েছিল।","person stopping by a neighborhood library after school, evening light. Realistic contemporary setting, natural lighting, clear facial expressions, accurate everyday details, documentary photography style.","[""I might call on the office after lunch."", ""Jonah plans to call on her aunt on Sunday."", ""Please call on the library if you have time.""]"
Phrasal Verb,call out,/kɔl aʊt/,KAWL out,কল আউট,To publicly criticize; to shout; to summon,প্রকাশ্যে সমালোচনা করা;; ডেকে পাঠানো,"[{""phrase"": ""call out a topic"", ""example_sentence"": ""The manager asked the team to call out a topic before the deadline.""}, {""phrase"": ""call out an issue"", ""example_sentence"": ""Students learned how to call out an issue in a practical exercise.""}, {""phrase"": ""call out the message"", ""example_sentence"": ""We need to call out the message carefully before we move forward.""}]","[{""phrase"": ""একটি বিষয় প্রকাশ্যে সমালোচনা করা"", ""example_sentence"": ""শিক্ষার্থীরা উদাহরণে একটি বিষয় প্রকাশ্যে সমালোচনা করা অনুশীলন করে।""}, {""phrase"": ""একটি সমস্যা প্রকাশ্যে সমালোচনা করা"", ""example_sentence"": ""শিক্ষার্থীরা উদাহরণে একটি সমস্যা প্রকাশ্যে সমালোচনা করা অনুশীলন করে।""}, {""phrase"": ""বার্তাটি প্রকাশ্যে সমালোচনা করা"", ""example_sentence"": ""শিক্ষার্থীরা উদাহরণে বার্তাটি প্রকাশ্যে সমালোচনা করা অনুশীলন করে।""}]",criticize publicly; shout; summon,praise; stay silent; dismiss,A2,01 - Communication & Discussion,"After school, Ella had to call out.","স্কুলের পর, এলাকে প্রকাশ্যে সমালোচনা করা বা বা ডেকে পাঠানো প্রয়োজন হয়েছিল।","realistic school scene matching the sentence, clear action and natural colors. Realistic contemporary setting, natural lighting, clear facial expressions, accurate everyday details, documentary photography style.","[""Jonah had to call out before lunch."", ""We decided to call out during the meeting."", ""They want to call out this week.""]"
Phrasal Verb,carry forward,/kæri fɔrwɚd/,CARRY FOR-werd,ক্যারি ফরওয়ার্ড,To transfer to a future period; to continue momentum,ভবিষ্যৎ সময়ে স্থানান্তর করা; চালিয়ে যাওয়া গতি,"[{""phrase"": ""carry forward the activity"", ""example_sentence"": ""The manager asked the team to carry forward the activity before the deadline.""}, {""phrase"": ""carry forward the process"", ""example_sentence"": ""Students learned how to carry forward the process in a practical exercise.""}, {""phrase"": ""carry forward the meeting"", ""example_sentence"": ""We need to carry forward the meeting carefully before we move forward.""}]","[{""phrase"": ""কার্যক্রমটি ভবিষ্যৎ সময়ে স্থানান্তর করা"", ""example_sentence"": ""শিক্ষার্থীরা উদাহরণে কার্যক্রমটি ভবিষ্যৎ সময়ে স্থানান্তর করা অনুশীলন করে।""}, {""phrase"": ""প্রক্রিয়াটি ভবিষ্যৎ সময়ে স্থানান্তর করা"", ""example_sentence"": ""শিক্ষার্থীরা উদাহরণে প্রক্রিয়াটি ভবিষ্যৎ সময়ে স্থানান্তর করা অনুশীলন করে।""}, {""phrase"": ""মিটিংটি ভবিষ্যৎ সময়ে স্থানান্তর করা"", ""example_sentence"": ""শিক্ষার্থীরা উদাহরণে মিটিংটি ভবিষ্যৎ সময়ে স্থানান্তর করা অনুশীলন করে।""}]",continue; transfer to the future; keep momentum,drop; cancel; leave behind,A2,"05 - Time, Scheduling & Process","While packing, Jonah decided to carry forward the holiday in June.","প্যাক করার সময়, জোনাহ ভবিষ্যৎ সময়ে স্থানান্তর করা বা চালিয়ে যাওয়া গতি করার সিদ্ধান্ত নিয়েছিল।","traveler packing a suitcase in a tidy bedroom, printed tickets and summer clothes visible. Realistic contemporary setting, natural lighting, clear facial expressions, accurate everyday details, documentary photography style.","[""I carry forward the school concert next week."", ""They carry forward their holiday every summer."", ""Leila is already carry forward the training day.""]"
Phrasal Verb,cave in,/keɪv ɪn/,KAYV een,কেইভ ইন,To collapse; to yield to pressure,ভেঙে পড়া; চাপে নতি স্বীকার করা,"[{""phrase"": ""cave in on time"", ""example_sentence"": ""The team tried to cave in on time so the schedule stayed clear.""}, {""phrase"": ""cave in during the project"", ""example_sentence"": ""Things may cave in during the project when the workload increases.""}, {""phrase"": ""cave in without delay"", ""example_sentence"": ""Everyone was ready to cave in without delay after the announcement.""}]","[{""phrase"": ""সময়মতো চাপে নতি স্বীকার করা"", ""example_sentence"": ""শিক্ষার্থীরা উদাহরণে সময়মতো চাপে নতি স্বীকার করা অনুশীলন করে।""}, {""phrase"": ""প্রকল্প চলাকালে চাপে নতি স্বীকার করা"", ""example_sentence"": ""শিক্ষার্থীরা উদাহরণে প্রকল্প চলাকালে চাপে নতি স্বীকার করা অনুশীলন করে।""}, {""phrase"": ""দেরি না করে চাপে নতি স্বীকার করা"", ""example_sentence"": ""শিক্ষার্থীরা উদাহরণে দেরি না করে চাপে নতি স্বীকার করা অনুশীলন করে।""}]",collapse; give in; yield,hold up; resist; stand firm,A2,"07 - Problems, Difficulty & Risk","During the day, Leila had to cave in.","দিনের মধ্যে, লেইলাকে ভেঙে পড়া বা চাপে নতি স্বীকার করা প্রয়োজন হয়েছিল।","realistic daily-life scene matching the sentence, natural lighting, candid photography. Realistic contemporary setting, natural lighting, clear facial expressions, accurate everyday details, documentary photography style.","[""Victor had to cave in before lunch."", ""We decided to cave in during the meeting."", ""They want to cave in this week.""]"
Phrasal Verb,clear up,/klɪr ʌp/,KLEER up,ক্লির আপ,To clarify; to become sunny; to tidy,স্পষ্ট করা; আকাশ পরিষ্কার হওয়া; গুছিয়ে পরিষ্কার করা,"[{""phrase"": ""clear up on time"", ""example_sentence"": ""The team tried to clear up on time so the schedule stayed clear.""}, {""phrase"": ""clear up during the project"", ""example_sentence"": ""Things may clear up during the project when the workload increases.""}, {""phrase"": ""clear up without delay"", ""example_sentence"": ""Everyone was ready to clear up without delay after the announcement.""}]","[{""phrase"": ""সময়মতো স্পষ্ট করা"", ""example_sentence"": ""শিক্ষার্থীরা উদাহরণে সময়মতো স্পষ্ট করা অনুশীলন করে।""}, {""phrase"": ""প্রকল্প চলাকালে স্পষ্ট করা"", ""example_sentence"": ""শিক্ষার্থীরা উদাহরণে প্রকল্প চলাকালে স্পষ্ট করা অনুশীলন করে।""}, {""phrase"": ""দেরি না করে স্পষ্ট করা"", ""example_sentence"": ""শিক্ষার্থীরা উদাহরণে দেরি না করে স্পষ্ট করা অনুশীলন করে।""}]",clarify; tidy; become clear,confuse; mess up; cloud over,A2,"02 - Thinking, Learning & Understanding","After school, Victor had to clear up.","স্কুলের পর, ভিক্টরকে স্পষ্ট করা বা আকাশ পরিষ্কার হওয়া বা গুছিয়ে পরিষ্কার করা প্রয়োজন হয়েছিল।","realistic school scene matching the sentence, clear action and natural colors. Realistic contemporary setting, natural lighting, clear facial expressions, accurate everyday details, documentary photography style.","[""Hana had to clear up before lunch."", ""We decided to clear up during the meeting."", ""They want to clear up this week.""]"
Phrasal Verb,come off,/kʌm ɔf/,KUM AWF,কাম অফ,To succeed; to fall off; to happen,সফল হওয়া; খুলে বা পড়ে যাওয়া; ঘটানো,"[{""phrase"": ""come off on time"", ""example_sentence"": ""The team tried to come off on time so the schedule stayed clear.""}, {""phrase"": ""come off during the project"", ""example_sentence"": ""Things may come off during the project when the workload increases.""}, {""phrase"": ""come off without delay"", ""example_sentence"": ""Everyone was ready to come off without delay after the announcement.""}]","[{""phrase"": ""সময়মতো সফল হওয়া"", ""example_sentence"": ""শিক্ষার্থীরা উদাহরণে সময়মতো সফল হওয়া অনুশীলন করে।""}, {""phrase"": ""প্রকল্প চলাকালে সফল হওয়া"", ""example_sentence"": ""শিক্ষার্থীরা উদাহরণে প্রকল্প চলাকালে সফল হওয়া অনুশীলন করে।""}, {""phrase"": ""দেরি না করে সফল হওয়া"", ""example_sentence"": ""শিক্ষার্থীরা উদাহরণে দেরি না করে সফল হওয়া অনুশীলন করে।""}]",succeed; happen; fall off,fail; stay attached; not happen,A2,"06 - Progress, Success & Results","At work, Hana had to come off.","কর্মক্ষেত্রে, হানাকে সফল হওয়া বা খুলে বা পড়ে যাওয়া বা ঘটানো প্রয়োজন হয়েছিল।","realistic workplace scene matching the sentence, detailed environment and natural light. Realistic contemporary setting, natural lighting, clear facial expressions, accurate everyday details, documentary photography style.","[""Mason had to come off before lunch."", ""We decided to come off during the meeting."", ""They want to come off this week.""]"
Phrasal Verb,cut in,/kʌt ɪn/,KUT een,কাট ইন,To interrupt; to move in front in a queue,বাধা দিয়ে কথা বলা; লাইনে বা সামনে ঢুকে পড়া,"[{""phrase"": ""cut in on time"", ""example_sentence"": ""The team tried to cut in on time so the schedule stayed clear.""}, {""phrase"": ""cut in during the project"", ""example_sentence"": ""Things may cut in during the project when the workload increases.""}, {""phrase"": ""cut in without delay"", ""example_sentence"": ""Everyone was ready to cut in without delay after the announcement.""}]","[{""phrase"": ""সময়মতো বাধা দিয়ে কথা বলা; লাইনে বা সামনে ঢুকে পড়া"", ""example_sentence"": ""শিক্ষার্থীরা উদাহরণে সময়মতো বাধা দিয়ে কথা বলা; লাইনে বা সামনে ঢুকে পড়া অনুশীলন করে।""}, {""phrase"": ""প্রকল্প চলাকালে বাধা দিয়ে কথা বলা; লাইনে বা সামনে ঢুকে পড়া"", ""example_sentence"": ""শিক্ষার্থীরা উদাহরণে প্রকল্প চলাকালে বাধা দিয়ে কথা বলা; লাইনে বা সামনে ঢুকে পড়া অনুশীলন করে।""}, {""phrase"": ""দেরি না করে বাধা দিয়ে কথা বলা; লাইনে বা সামনে ঢুকে পড়া"", ""example_sentence"": ""শিক্ষার্থীরা উদাহরণে দেরি না করে বাধা দিয়ে কথা বলা; লাইনে বা সামনে ঢুকে পড়া অনুশীলন করে।""}]",interrupt; move in front; enter suddenly,wait; let others speak; stay behind,A2,01 - Communication & Discussion,"During the day, Mason had to cut in.","দিনের মধ্যে, মেসনকে বাধা দিয়ে কথা বলা বা লাইনে বা সামনে ঢুকে পড়া প্রয়োজন হয়েছিল।","realistic daily-life scene matching the sentence, natural lighting, candid photography. Realistic contemporary setting, natural lighting, clear facial expressions, accurate everyday details, documentary photography style.","[""Nina had to cut in before lunch."", ""We decided to cut in during the meeting."", ""They want to cut in this week.""]"
Phrasal Verb,die down,/daɪ daʊn/,DY DOWN,ডাই ডাউন,To gradually decrease in intensity,ধীরে ধীরে তীব্রতা কমে যাওয়া,"[{""phrase"": ""die down on time"", ""example_sentence"": ""The team tried to die down on time so the schedule stayed clear.""}, {""phrase"": ""die down during the project"", ""example_sentence"": ""Things may die down during the project when the workload increases.""}, {""phrase"": ""die down without delay"", ""example_sentence"": ""Everyone was ready to die down without delay after the announcement.""}]","[{""phrase"": ""সময়মতো ধীরে ধীরে তীব্রতা কমে যাওয়া"", ""example_sentence"": ""শিক্ষার্থীরা উদাহরণে সময়মতো ধীরে ধীরে তীব্রতা কমে যাওয়া অনুশীলন করে।""}, {""phrase"": ""প্রকল্প চলাকালে ধীরে ধীরে তীব্রতা কমে যাওয়া"", ""example_sentence"": ""শিক্ষার্থীরা উদাহরণে প্রকল্প চলাকালে ধীরে ধীরে তীব্রতা কমে যাওয়া অনুশীলন করে।""}, {""phrase"": ""দেরি না করে ধীরে ধীরে তীব্রতা কমে যাওয়া"", ""example_sentence"": ""শিক্ষার্থীরা উদাহরণে দেরি না করে ধীরে ধীরে তীব্রতা কমে যাওয়া অনুশীলন করে।""}]",decrease; subside; fade,intensify; grow; flare up,A2,"08 - Change, Growth, Rules & Control","After school, Nina had to die down.","স্কুলের পর, নিনাকে ধীরে ধীরে তীব্রতা কমে যাওয়া প্রয়োজন হয়েছিল।","realistic school scene matching the sentence, clear action and natural colors. Realistic contemporary setting, natural lighting, clear facial expressions, accurate everyday details, documentary photography style.","[""Adam had to die down before lunch."", ""We decided to die down during the meeting."", ""They want to die down this week.""]"
Phrasal Verb,ease off,/iz ɔf/,EEZ AWF,ইজ অফ,To reduce pressure; to become less severe,চাপ কমানো; কম কঠিন বা কম তীব্র হওয়া,"[{""phrase"": ""ease off on time"", ""example_sentence"": ""The team tried to ease off on time so the schedule stayed clear.""}, {""phrase"": ""ease off during the project"", ""example_sentence"": ""Things may ease off during the project when the workload increases.""}, {""phrase"": ""ease off without delay"", ""example_sentence"": ""Everyone was ready to ease off without delay after the announcement.""}]","[{""phrase"": ""সময়মতো কম তীব্র হওয়া"", ""example_sentence"": ""শিক্ষার্থীরা উদাহরণে সময়মতো কম তীব্র হওয়া অনুশীলন করে।""}, {""phrase"": ""প্রকল্প চলাকালে কম তীব্র হওয়া"", ""example_sentence"": ""শিক্ষার্থীরা উদাহরণে প্রকল্প চলাকালে কম তীব্র হওয়া অনুশীলন করে।""}, {""phrase"": ""দেরি না করে কম তীব্র হওয়া"", ""example_sentence"": ""শিক্ষার্থীরা উদাহরণে দেরি না করে কম তীব্র হওয়া অনুশীলন করে।""}]",reduce pressure; lessen; relax,increase pressure; intensify; tighten,A2,"08 - Change, Growth, Rules & Control","Before bedtime, Adam decided to ease off screen time in the evening.","ঘুমানোর আগে, আদম সন্ধ্যার স্ক্রিন টাইম চাপ কমানো বা কম কঠিন বা কম তীব্র হওয়ার সিদ্ধান্ত নিয়েছিল।","person placing a phone on a table at night, calm bedroom lighting. Realistic contemporary setting, natural lighting, clear facial expressions, accurate everyday details, documentary photography style.","[""The family wants to ease off on waste this month."", ""Noah decided to ease off after looking at the bill."", ""We need to ease off before the exam week.""]"
Phrasal Verb,face up to,/feɪs ʌp tu/,FAYS up too,ফেইস আপ টু,To accept and deal with a difficult situation,কঠিন পরিস্থিতি মেনে নিয়ে তা মোকাবিলা করা,"[{""phrase"": ""face up to the problem"", ""example_sentence"": ""The manager asked the team to face up to the problem before the deadline.""}, {""phrase"": ""face up to the risk"", ""example_sentence"": ""Students learned how to face up to the risk in a practical exercise.""}, {""phrase"": ""face up to the mistake"", ""example_sentence"": ""We need to face up to the mistake carefully before we move forward.""}]","[{""phrase"": ""সমস্যাটি কঠিন পরিস্থিতি মেনে নিয়ে তা মোকাবিলা করা"", ""example_sentence"": ""শিক্ষার্থীরা উদাহরণে সমস্যাটি কঠিন পরিস্থিতি মেনে নিয়ে তা মোকাবিলা করা অনুশীলন করে।""}, {""phrase"": ""ঝুঁকিটি কঠিন পরিস্থিতি মেনে নিয়ে তা মোকাবিলা করা"", ""example_sentence"": ""শিক্ষার্থীরা উদাহরণে ঝুঁকিটি কঠিন পরিস্থিতি মেনে নিয়ে তা মোকাবিলা করা অনুশীলন করে।""}, {""phrase"": ""ভুলটি কঠিন পরিস্থিতি মেনে নিয়ে তা মোকাবিলা করা"", ""example_sentence"": ""শিক্ষার্থীরা উদাহরণে ভুলটি কঠিন পরিস্থিতি মেনে নিয়ে তা মোকাবিলা করা অনুশীলন করে।""}]",confront; accept; deal with,avoid; deny; run away from,B1,"07 - Problems, Difficulty & Risk","During the day, Emma had to face up to.","দিনের মধ্যে, এমাকে কঠিন পরিস্থিতি মেনে নিয়ে তা মোকাবিলা করা প্রয়োজন হয়েছিল।","realistic daily-life scene matching the sentence, natural lighting, candid photography. Realistic contemporary setting, natural lighting, clear facial expressions, accurate everyday details, documentary photography style.","[""Noah had to face up to before lunch."", ""We decided to face up to during the meeting."", ""They want to face up to this week.""]"
Phrasal Verb,fall for,/fɔl fɔr/,FAWL for,ফল ফর,To be deceived by; to fall in love with,প্রতারিত হওয়া; প্রেমে পড়া,"[{""phrase"": ""fall for the issue"", ""example_sentence"": ""The manager asked the team to fall for the issue before the deadline.""}, {""phrase"": ""fall for the plan"", ""example_sentence"": ""Students learned how to fall for the plan in a practical exercise.""}, {""phrase"": ""fall for the task"", ""example_sentence"": ""We need to fall for the task carefully before we move forward.""}]","[{""phrase"": ""সমস্যাটি প্রতারিত হওয়া"", ""example_sentence"": ""শিক্ষার্থীরা উদাহরণে সমস্যাটি প্রতারিত হওয়া অনুশীলন করে।""}, {""phrase"": ""পরিকল্পনাটি প্রতারিত হওয়া"", ""example_sentence"": ""শিক্ষার্থীরা উদাহরণে পরিকল্পনাটি প্রতারিত হওয়া অনুশীলন করে।""}, {""phrase"": ""কাজটি প্রতারিত হওয়া"", ""example_sentence"": ""শিক্ষার্থীরা উদাহরণে কাজটি প্রতারিত হওয়া অনুশীলন করে।""}]",be deceived by; fall in love with,see through; reject; distrust,A2,"09 - Relationships, Feelings & Daily Life","After school, Noah had to fall for.","স্কুলের পর, নোয়াকে প্রতারিত হওয়া বা প্রেমে পড়া প্রয়োজন হয়েছিল।","realistic school scene matching the sentence, clear action and natural colors. Realistic contemporary setting, natural lighting, clear facial expressions, accurate everyday details, documentary photography style.","[""Mia had to fall for before lunch."", ""We decided to fall for during the meeting."", ""They want to fall for this week.""]"
Phrasal Verb,get at,/ɡɛt æt/,GET at,গেট অ্যাট,To imply; to reach; to criticize constantly,ইঙ্গিত করা; পৌঁছানো; বারবার সমালোচনা করা,"[{""phrase"": ""get at a topic"", ""example_sentence"": ""The manager asked the team to get at a topic before the deadline.""}, {""phrase"": ""get at an issue"", ""example_sentence"": ""Students learned how to get at an issue in a practical exercise.""}, {""phrase"": ""get at the message"", ""example_sentence"": ""We need to get at the message carefully before we move forward.""}]","[{""phrase"": ""একটি বিষয় ইঙ্গিত করা"", ""example_sentence"": ""শিক্ষার্থীরা উদাহরণে একটি বিষয় ইঙ্গিত করা অনুশীলন করে।""}, {""phrase"": ""একটি সমস্যা ইঙ্গিত করা"", ""example_sentence"": ""শিক্ষার্থীরা উদাহরণে একটি সমস্যা ইঙ্গিত করা অনুশীলন করে।""}, {""phrase"": ""বার্তাটি ইঙ্গিত করা"", ""example_sentence"": ""শিক্ষার্থীরা উদাহরণে বার্তাটি ইঙ্গিত করা অনুশীলন করে।""}]",imply; reach; criticize repeatedly,state clearly; miss; praise,A2,01 - Communication & Discussion,"At work, Mia had to get at.","কর্মক্ষেত্রে, মিয়াকে ইঙ্গিত করা বা পৌঁছানো বা বারবার সমালোচনা করা প্রয়োজন হয়েছিল।","realistic workplace scene matching the sentence, detailed environment and natural light. Realistic contemporary setting, natural lighting, clear facial expressions, accurate everyday details, documentary photography style.","[""Daniel had to get at before lunch."", ""We decided to get at during the meeting."", ""They want to get at this week.""]"
Phrasal Verb,get back,/ɡɛt bæk/,GET BACK,গেট ব্যাক,To return; to regain something,ফিরে আসা; কোনো কিছু পুনরুদ্ধার করা,"[{""phrase"": ""get back on time"", ""example_sentence"": ""The team tried to get back on time so the schedule stayed clear.""}, {""phrase"": ""get back during the project"", ""example_sentence"": ""Things may get back during the project when the workload increases.""}, {""phrase"": ""get back without delay"", ""example_sentence"": ""Everyone was ready to get back without delay after the announcement.""}]","[{""phrase"": ""সময়মতো কিছু পুনরুদ্ধার করা"", ""example_sentence"": ""শিক্ষার্থীরা উদাহরণে সময়মতো কিছু পুনরুদ্ধার করা অনুশীলন করে।""}, {""phrase"": ""প্রকল্প চলাকালে কিছু পুনরুদ্ধার করা"", ""example_sentence"": ""শিক্ষার্থীরা উদাহরণে প্রকল্প চলাকালে কিছু পুনরুদ্ধার করা অনুশীলন করে।""}, {""phrase"": ""দেরি না করে কিছু পুনরুদ্ধার করা"", ""example_sentence"": ""শিক্ষার্থীরা উদাহরণে দেরি না করে কিছু পুনরুদ্ধার করা অনুশীলন করে।""}]",return; regain; recover,leave; lose; give up,A2,"10 - Money, Business, Technology & Movement","On the way home, Daniel decided to get back the library for ten minutes.","বাড়ি ফেরার পথে, ড্যানিয়েল ফিরে আসা বা কোনো কিছু পুনরুদ্ধার করার সিদ্ধান্ত নিয়েছিল।","person stopping by a neighborhood library after school, evening light. Realistic contemporary setting, natural lighting, clear facial expressions, accurate everyday details, documentary photography style.","[""I might get back the office after lunch."", ""Lucas plans to get back her aunt on Sunday."", ""Please get back the library if you have time.""]"
Phrasal Verb,go without,/ɡoʊ wɪθaʊt/,GOH WEETHOWT,গো ওয়িথাউট,To manage without having something,কোনো কিছু ছাড়া সামলে নেওয়া,"[{""phrase"": ""go without on time"", ""example_sentence"": ""The team tried to go without on time so the schedule stayed clear.""}, {""phrase"": ""go without during the project"", ""example_sentence"": ""Things may go without during the project when the workload increases.""}, {""phrase"": ""go without without delay"", ""example_sentence"": ""Everyone was ready to go without without delay after the announcement.""}]","[{""phrase"": ""সময়মতো কিছু ছাড়া সামলে নেওয়া"", ""example_sentence"": ""শিক্ষার্থীরা উদাহরণে সময়মতো কিছু ছাড়া সামলে নেওয়া অনুশীলন করে।""}, {""phrase"": ""প্রকল্প চলাকালে কিছু ছাড়া সামলে নেওয়া"", ""example_sentence"": ""শিক্ষার্থীরা উদাহরণে প্রকল্প চলাকালে কিছু ছাড়া সামলে নেওয়া অনুশীলন করে।""}, {""phrase"": ""দেরি না করে কিছু ছাড়া সামলে নেওয়া"", ""example_sentence"": ""শিক্ষার্থীরা উদাহরণে দেরি না করে কিছু ছাড়া সামলে নেওয়া অনুশীলন করে।""}]",manage without; do without; lack,have; use; enjoy,A2,"07 - Problems, Difficulty & Risk","After school, Aisha had to go without.","স্কুলের পর, আইশাকে কোনো কিছু ছাড়া সামলে নেওয়া প্রয়োজন হয়েছিল।","realistic school scene matching the sentence, clear action and natural colors. Realistic contemporary setting, natural lighting, clear facial expressions, accurate everyday details, documentary photography style.","[""Lucas had to go without before lunch."", ""We decided to go without during the meeting."", ""They want to go without this week.""]"
Phrasal Verb,grow into,/ɡroʊ ɪntu/,GROH in-too,গ্রো ইনটু,To gradually fit a role or responsibility,ধীরে ধীরে কোনো ভূমিকা বা দায়িত্বের উপযুক্ত হয়ে ওঠা,"[{""phrase"": ""grow into the issue"", ""example_sentence"": ""The manager asked the team to grow into the issue before the deadline.""}, {""phrase"": ""grow into the plan"", ""example_sentence"": ""Students learned how to grow into the plan in a practical exercise.""}, {""phrase"": ""grow into the task"", ""example_sentence"": ""We need to grow into the task carefully before we move forward.""}]","[{""phrase"": ""সমস্যাটি ধীরে ধীরে কোনো ভূমিকা বা দায়িত্বের উপযুক্ত হয়ে ওঠা"", ""example_sentence"": ""শিক্ষার্থীরা উদাহরণে সমস্যাটি ধীরে ধীরে কোনো ভূমিকা বা দায়িত্বের উপযুক্ত হয়ে ওঠা অনুশীলন করে।""}, {""phrase"": ""পরিকল্পনাটি ধীরে ধীরে কোনো ভূমিকা বা দায়িত্বের উপযুক্ত হয়ে ওঠা"", ""example_sentence"": ""শিক্ষার্থীরা উদাহরণে পরিকল্পনাটি ধীরে ধীরে কোনো ভূমিকা বা দায়িত্বের উপযুক্ত হয়ে ওঠা অনুশীলন করে।""}, {""phrase"": ""কাজটি ধীরে ধীরে কোনো ভূমিকা বা দায়িত্বের উপযুক্ত হয়ে ওঠা"", ""example_sentence"": ""শিক্ষার্থীরা উদাহরণে কাজটি ধীরে ধীরে কোনো ভূমিকা বা দায়িত্বের উপযুক্ত হয়ে ওঠা অনুশীলন করে।""}]",develop into; become suited to; mature into,outgrow; fail to fit; shrink away from,A2,"08 - Change, Growth, Rules & Control","Throughout the project, Lucas had to grow into even when the work got harder.","পুরো প্রকল্পজুড়ে, লুকাসকে কাজ আরও কঠিন হলেও ধীরে ধীরে কোনো ভূমিকা বা দায়িত্বের উপযুক্ত হয়ে ওঠা প্রয়োজন হয়েছিল।","group project scene with people staying engaged and putting in effort. Realistic contemporary setting, natural lighting, clear facial expressions, accurate everyday details, documentary photography style.","[""Sofia was ready to grow into on day one."", ""The volunteers grow into when the event got busy."", ""If everyone grow into, we can finish today.""]"
Phrasal Verb,hold down,/hoʊld daʊn/,HOHLD DOWN,হোল্ড ডাউন,To maintain a job; to keep something in place,চাকরি ধরে রাখা; কোনো কিছু জায়গায় ধরে রাখা,"[{""phrase"": ""hold down the task"", ""example_sentence"": ""The manager asked the team to hold down the task before the deadline.""}, {""phrase"": ""hold down the project"", ""example_sentence"": ""Students learned how to hold down the project in a practical exercise.""}, {""phrase"": ""hold down the deadline"", ""example_sentence"": ""We need to hold down the deadline carefully before we move forward.""}]","[{""phrase"": ""কাজটি চাকরি ধরে রাখা; কোনো কিছু জায়গায় ধরে রাখা"", ""example_sentence"": ""শিক্ষার্থীরা উদাহরণে কাজটি চাকরি ধরে রাখা; কোনো কিছু জায়গায় ধরে রাখা অনুশীলন করে।""}, {""phrase"": ""প্রকল্পটি চাকরি ধরে রাখা; কোনো কিছু জায়গায় ধরে রাখা"", ""example_sentence"": ""শিক্ষার্থীরা উদাহরণে প্রকল্পটি চাকরি ধরে রাখা; কোনো কিছু জায়গায় ধরে রাখা অনুশীলন করে।""}, {""phrase"": ""সময়সীমাটি চাকরি ধরে রাখা; কোনো কিছু জায়গায় ধরে রাখা"", ""example_sentence"": ""শিক্ষার্থীরা উদাহরণে সময়সীমাটি চাকরি ধরে রাখা; কোনো কিছু জায়গায় ধরে রাখা অনুশীলন করে।""}]",maintain a job; keep in place; control,lose; release; let go,A2,"04 - Work, Responsibility & Productivity","During the day, Sofia had to hold down.","দিনের মধ্যে, সোফিয়াকে চাকরি ধরে রাখা বা কোনো কিছু জায়গায় ধরে রাখা প্রয়োজন হয়েছিল।","realistic daily-life scene matching the sentence, natural lighting, candid photography. Realistic contemporary setting, natural lighting, clear facial expressions, accurate everyday details, documentary photography style.","[""Ethan had to hold down before lunch."", ""We decided to hold down during the meeting."", ""They want to hold down this week.""]"
Phrasal Verb,iron out,/aɪɚn aʊt/,EYE-ern out,আইআরন আউট,To resolve minor problems or differences,ছোট সমস্যা বা মতভেদ মিটিয়ে ফেলা,"[{""phrase"": ""iron out the problem"", ""example_sentence"": ""The manager asked the team to iron out the problem before the deadline.""}, {""phrase"": ""iron out the risk"", ""example_sentence"": ""Students learned how to iron out the risk in a practical exercise.""}, {""phrase"": ""iron out the mistake"", ""example_sentence"": ""We need to iron out the mistake carefully before we move forward.""}]","[{""phrase"": ""সমস্যাটি ছোট সমস্যা বা মতভেদ মিটিয়ে ফেলা"", ""example_sentence"": ""শিক্ষার্থীরা উদাহরণে সমস্যাটি ছোট সমস্যা বা মতভেদ মিটিয়ে ফেলা অনুশীলন করে।""}, {""phrase"": ""ঝুঁকিটি ছোট সমস্যা বা মতভেদ মিটিয়ে ফেলা"", ""example_sentence"": ""শিক্ষার্থীরা উদাহরণে ঝুঁকিটি ছোট সমস্যা বা মতভেদ মিটিয়ে ফেলা অনুশীলন করে।""}, {""phrase"": ""ভুলটি ছোট সমস্যা বা মতভেদ মিটিয়ে ফেলা"", ""example_sentence"": ""শিক্ষার্থীরা উদাহরণে ভুলটি ছোট সমস্যা বা মতভেদ মিটিয়ে ফেলা অনুশীলন করে।""}]",resolve; fix; smooth over,complicate; worsen; leave unresolved,A2,"07 - Problems, Difficulty & Risk","In the library, Ethan had to iron out the last math problem before the study group ended.","লাইব্রেরিতে, ইথানকে স্টাডি গ্রুপ শেষ হওয়ার আগে শেষ গণিত সমস্যাটি ছোট সমস্যা বা মতভেদ মিটিয়ে ফেলা প্রয়োজন হয়েছিল।","quiet library table with books, notebook, calculator, student concentrating. Realistic contemporary setting, natural lighting, clear facial expressions, accurate everyday details, documentary photography style.","[""Lina tried to iron out the last question alone."", ""We need to iron out why the app keeps freezing."", ""Omar could not iron out the map until sunset.""]"
Phrasal Verb,kick off,/kɪk ɔf/,KICK AWF,কিক অফ,To start an event or meeting,অনুষ্ঠান বা মিটিং শুরু করা,"[{""phrase"": ""kick off the activity"", ""example_sentence"": ""The manager asked the team to kick off the activity before the deadline.""}, {""phrase"": ""kick off the process"", ""example_sentence"": ""Students learned how to kick off the process in a practical exercise.""}, {""phrase"": ""kick off the meeting"", ""example_sentence"": ""We need to kick off the meeting carefully before we move forward.""}]","[{""phrase"": ""কার্যক্রমটি মিটিং শুরু করা"", ""example_sentence"": ""শিক্ষার্থীরা উদাহরণে কার্যক্রমটি মিটিং শুরু করা অনুশীলন করে।""}, {""phrase"": ""প্রক্রিয়াটি মিটিং শুরু করা"", ""example_sentence"": ""শিক্ষার্থীরা উদাহরণে প্রক্রিয়াটি মিটিং শুরু করা অনুশীলন করে।""}, {""phrase"": ""মিটিংটি মিটিং শুরু করা"", ""example_sentence"": ""শিক্ষার্থীরা উদাহরণে মিটিংটি মিটিং শুরু করা অনুশীলন করে।""}]",start; begin; launch,finish; end; call off,A2,"05 - Time, Scheduling & Process","At work, Lina had to kick off.","কর্মক্ষেত্রে, লিনাকে অনুষ্ঠান বা মিটিং শুরু করা প্রয়োজন হয়েছিল।","realistic workplace scene matching the sentence, detailed environment and natural light. Realistic contemporary setting, natural lighting, clear facial expressions, accurate everyday details, documentary photography style.","[""Omar had to kick off before lunch."", ""We decided to kick off during the meeting."", ""They want to kick off this week.""]"
Phrasal Verb,knuckle down,/nʌkəl daʊn/,NOOHKOOHL DOWN,নাকাল ডাউন,To start working seriously,গুরুত্ব দিয়ে কাজ শুরু করা,"[{""phrase"": ""knuckle down on time"", ""example_sentence"": ""The team tried to knuckle down on time so the schedule stayed clear.""}, {""phrase"": ""knuckle down during the project"", ""example_sentence"": ""Things may knuckle down during the project when the workload increases.""}, {""phrase"": ""knuckle down without delay"", ""example_sentence"": ""Everyone was ready to knuckle down without delay after the announcement.""}]","[{""phrase"": ""সময়মতো গুরুত্ব দিয়ে কাজ শুরু করা"", ""example_sentence"": ""শিক্ষার্থীরা উদাহরণে সময়মতো গুরুত্ব দিয়ে কাজ শুরু করা অনুশীলন করে।""}, {""phrase"": ""প্রকল্প চলাকালে গুরুত্ব দিয়ে কাজ শুরু করা"", ""example_sentence"": ""শিক্ষার্থীরা উদাহরণে প্রকল্প চলাকালে গুরুত্ব দিয়ে কাজ শুরু করা অনুশীলন করে।""}, {""phrase"": ""দেরি না করে গুরুত্ব দিয়ে কাজ শুরু করা"", ""example_sentence"": ""শিক্ষার্থীরা উদাহরণে দেরি না করে গুরুত্ব দিয়ে কাজ শুরু করা অনুশীলন করে।""}]",start working seriously; focus; apply oneself,slack off; procrastinate; avoid work,A2,"04 - Work, Responsibility & Productivity","During the day, Omar had to knuckle down.","দিনের মধ্যে, ওমরকে গুরুত্ব দিয়ে কাজ শুরু করা প্রয়োজন হয়েছিল।","realistic daily-life scene matching the sentence, natural lighting, candid photography. Realistic contemporary setting, natural lighting, clear facial expressions, accurate everyday details, documentary photography style.","[""Chloe had to knuckle down before lunch."", ""We decided to knuckle down during the meeting."", ""They want to knuckle down this week.""]"
Phrasal Verb,line up,/laɪn ʌp/,LINE up,লাইন আপ,To arrange in a row; to organize; to queue,সারি করে সাজানো; আয়োজন করা; লাইনে দাঁড়ানো,"[{""phrase"": ""line up a plan"", ""example_sentence"": ""The manager asked the team to line up a plan before the deadline.""}, {""phrase"": ""line up the decision"", ""example_sentence"": ""Students learned how to line up the decision in a practical exercise.""}, {""phrase"": ""line up the strategy"", ""example_sentence"": ""We need to line up the strategy carefully before we move forward.""}]","[{""phrase"": ""একটি পরিকল্পনা আয়োজন করা"", ""example_sentence"": ""শিক্ষার্থীরা উদাহরণে একটি পরিকল্পনা আয়োজন করা অনুশীলন করে।""}, {""phrase"": ""সিদ্ধান্তটি আয়োজন করা"", ""example_sentence"": ""শিক্ষার্থীরা উদাহরণে সিদ্ধান্তটি আয়োজন করা অনুশীলন করে।""}, {""phrase"": ""কৌশলটি আয়োজন করা"", ""example_sentence"": ""শিক্ষার্থীরা উদাহরণে কৌশলটি আয়োজন করা অনুশীলন করে।""}]",arrange in a row; organize; queue,scatter; disorganize; cut in,A2,"03 - Plans, Decisions & Strategy","Before the ceremony, volunteers lined up the chairs in two neat rows.",ব্যক্তিটি সারি করে সাজানো বা আয়োজন করা বা লাইনে দাঁড়ানো করেছিল।,"Community hall with volunteers arranging chairs in straight rows before an event, realistic indoor lighting.","[""The children lined up outside the classroom."", ""We need to line up the boxes by the wall."", ""She lined up the photos for the presentation.""]"
Phrasal Verb,look ahead,/lʊk əhɛd/,LOOK uh-HED,লুক আহেড,To think about or plan for the future,ভবিষ্যৎ নিয়ে ভাবা বা পরিকল্পনা করা,"[{""phrase"": ""look ahead on time"", ""example_sentence"": ""The team tried to look ahead on time so the schedule stayed clear.""}, {""phrase"": ""look ahead during the project"", ""example_sentence"": ""Things may look ahead during the project when the workload increases.""}, {""phrase"": ""look ahead without delay"", ""example_sentence"": ""Everyone was ready to look ahead without delay after the announcement.""}]","[{""phrase"": ""সময়মতো পরিকল্পনা করা"", ""example_sentence"": ""শিক্ষার্থীরা উদাহরণে সময়মতো পরিকল্পনা করা অনুশীলন করে।""}, {""phrase"": ""প্রকল্প চলাকালে পরিকল্পনা করা"", ""example_sentence"": ""শিক্ষার্থীরা উদাহরণে প্রকল্প চলাকালে পরিকল্পনা করা অনুশীলন করে।""}, {""phrase"": ""দেরি না করে পরিকল্পনা করা"", ""example_sentence"": ""শিক্ষার্থীরা উদাহরণে দেরি না করে পরিকল্পনা করা অনুশীলন করে।""}]",plan for the future; anticipate; think forward,look back; ignore the future; act short-term,A2,"03 - Plans, Decisions & Strategy","While packing, Hassan decided to look ahead the holiday in June.","প্যাক করার সময়, হাসান ভবিষ্যৎ নিয়ে ভাবা বা পরিকল্পনা করার সিদ্ধান্ত নিয়েছিল।","traveler packing a suitcase in a tidy bedroom, printed tickets and summer clothes visible. Realistic contemporary setting, natural lighting, clear facial expressions, accurate everyday details, documentary photography style.","[""I look ahead the school concert next week."", ""They look ahead their holiday every summer."", ""Nora is already look ahead the training day.""]"
Phrasal Verb,map out,/mæp aʊt/,MAP out,ম্যাপ আউট,To plan carefully in detail,বিস্তারিতভাবে সতর্কতার সঙ্গে পরিকল্পনা করা,"[{""phrase"": ""map out a plan"", ""example_sentence"": ""The manager asked the team to map out a plan before the deadline.""}, {""phrase"": ""map out the decision"", ""example_sentence"": ""Students learned how to map out the decision in a practical exercise.""}, {""phrase"": ""map out the strategy"", ""example_sentence"": ""We need to map out the strategy carefully before we move forward.""}]","[{""phrase"": ""একটি পরিকল্পনা বিস্তারিতভাবে সতর্কতার সঙ্গে পরিকল্পনা করা"", ""example_sentence"": ""শিক্ষার্থীরা উদাহরণে একটি পরিকল্পনা বিস্তারিতভাবে সতর্কতার সঙ্গে পরিকল্পনা করা অনুশীলন করে।""}, {""phrase"": ""সিদ্ধান্তটি বিস্তারিতভাবে সতর্কতার সঙ্গে পরিকল্পনা করা"", ""example_sentence"": ""শিক্ষার্থীরা উদাহরণে সিদ্ধান্তটি বিস্তারিতভাবে সতর্কতার সঙ্গে পরিকল্পনা করা অনুশীলন করে।""}, {""phrase"": ""কৌশলটি বিস্তারিতভাবে সতর্কতার সঙ্গে পরিকল্পনা করা"", ""example_sentence"": ""শিক্ষার্থীরা উদাহরণে কৌশলটি বিস্তারিতভাবে সতর্কতার সঙ্গে পরিকল্পনা করা অনুশীলন করে।""}]",plan carefully; outline; chart,improvise; leave unplanned; ignore details,A2,"03 - Plans, Decisions & Strategy","During the day, Nora had to map out.","দিনের মধ্যে, নোরাকে বিস্তারিতভাবে সতর্কতার সঙ্গে পরিকল্পনা করা প্রয়োজন হয়েছিল।","realistic daily-life scene matching the sentence, natural lighting, candid photography. Realistic contemporary setting, natural lighting, clear facial expressions, accurate everyday details, documentary photography style.","[""Ben had to map out before lunch."", ""We decided to map out during the meeting."", ""They want to map out this week.""]"
Phrasal Verb,mark down,/mɑrk daʊn/,MAHRK DOWN,মার্ক ডাউন,To reduce in price; to note in writing,দাম কমানো; লিখে রাখা,"[{""phrase"": ""mark down the cost"", ""example_sentence"": ""The manager asked the team to mark down the cost before the deadline.""}, {""phrase"": ""mark down the budget"", ""example_sentence"": ""Students learned how to mark down the budget in a practical exercise.""}, {""phrase"": ""mark down the price"", ""example_sentence"": ""We need to mark down the price carefully before we move forward.""}]","[{""phrase"": ""খরচটি দাম কমানো; লিখে রাখা"", ""example_sentence"": ""শিক্ষার্থীরা উদাহরণে খরচটি দাম কমানো; লিখে রাখা অনুশীলন করে।""}, {""phrase"": ""বাজেটটি দাম কমানো; লিখে রাখা"", ""example_sentence"": ""শিক্ষার্থীরা উদাহরণে বাজেটটি দাম কমানো; লিখে রাখা অনুশীলন করে।""}, {""phrase"": ""দামটি দাম কমানো; লিখে রাখা"", ""example_sentence"": ""শিক্ষার্থীরা উদাহরণে দামটি দাম কমানো; লিখে রাখা অনুশীলন করে।""}]",reduce the price; note in writing,raise the price; erase; mark up,A2,"10 - Money, Business, Technology & Movement","For the environment, Ben decided to mark down plastic use in the office.","পরিবেশের জন্য, বেন অফিসে প্লাস্টিকের ব্যবহার দাম কমানো বা লিখে রাখার সিদ্ধান্ত নিয়েছিল।","office kitchen with reusable bottles and containers replacing plastic items. Realistic contemporary setting, natural lighting, clear facial expressions, accurate everyday details, documentary photography style.","[""The family wants to mark down on waste this month."", ""Leo decided to mark down after looking at the bill."", ""We need to mark down before the exam week.""]"
Phrasal Verb,mark up,/mɑrk ʌp/,MAHRK up,মার্ক আপ,To increase in price; to add annotations,দাম বাড়ানো; টীকা বা মন্তব্য যোগ করা,"[{""phrase"": ""mark up the cost"", ""example_sentence"": ""The manager asked the team to mark up the cost before the deadline.""}, {""phrase"": ""mark up the budget"", ""example_sentence"": ""Students learned how to mark up the budget in a practical exercise.""}, {""phrase"": ""mark up the price"", ""example_sentence"": ""We need to mark up the price carefully before we move forward.""}]","[{""phrase"": ""খরচটি মন্তব্য যোগ করা"", ""example_sentence"": ""শিক্ষার্থীরা উদাহরণে খরচটি মন্তব্য যোগ করা অনুশীলন করে।""}, {""phrase"": ""বাজেটটি মন্তব্য যোগ করা"", ""example_sentence"": ""শিক্ষার্থীরা উদাহরণে বাজেটটি মন্তব্য যোগ করা অনুশীলন করে।""}, {""phrase"": ""দামটি মন্তব্য যোগ করা"", ""example_sentence"": ""শিক্ষার্থীরা উদাহরণে দামটি মন্তব্য যোগ করা অনুশীলন করে।""}]",increase the price; add notes,lower the price; remove notes; mark down,A2,"10 - Money, Business, Technology & Movement","At work, Sara had to mark up.","কর্মক্ষেত্রে, সারাকে দাম বাড়ানো বা টীকা বা মন্তব্য যোগ করা প্রয়োজন হয়েছিল।","realistic workplace scene matching the sentence, detailed environment and natural light. Realistic contemporary setting, natural lighting, clear facial expressions, accurate everyday details, documentary photography style.","[""Leo had to mark up before lunch."", ""We decided to mark up during the meeting."", ""They want to mark up this week.""]"
Phrasal Verb,measure up,/mɛʒɚ ʌp/,MEZHER up,মেজার আপ,To meet required standards or expectations,প্রয়োজনীয় মান বা প্রত্যাশা পূরণ করা,"[{""phrase"": ""measure up on time"", ""example_sentence"": ""The team tried to measure up on time so the schedule stayed clear.""}, {""phrase"": ""measure up during the project"", ""example_sentence"": ""Things may measure up during the project when the workload increases.""}, {""phrase"": ""measure up without delay"", ""example_sentence"": ""Everyone was ready to measure up without delay after the announcement.""}]","[{""phrase"": ""সময়মতো প্রত্যাশা পূরণ করা"", ""example_sentence"": ""শিক্ষার্থীরা উদাহরণে সময়মতো প্রত্যাশা পূরণ করা অনুশীলন করে।""}, {""phrase"": ""প্রকল্প চলাকালে প্রত্যাশা পূরণ করা"", ""example_sentence"": ""শিক্ষার্থীরা উদাহরণে প্রকল্প চলাকালে প্রত্যাশা পূরণ করা অনুশীলন করে।""}, {""phrase"": ""দেরি না করে প্রত্যাশা পূরণ করা"", ""example_sentence"": ""শিক্ষার্থীরা উদাহরণে দেরি না করে প্রত্যাশা পূরণ করা অনুশীলন করে।""}]",meet standards; be good enough; qualify,fall short; fail; be inadequate,A2,"06 - Progress, Success & Results","During the day, Leo had to measure up.","দিনের মধ্যে, লিওকে প্রয়োজনীয় মান বা প্রত্যাশা পূরণ করা প্রয়োজন হয়েছিল।","realistic daily-life scene matching the sentence, natural lighting, candid photography. Realistic contemporary setting, natural lighting, clear facial expressions, accurate everyday details, documentary photography style.","[""Maya had to measure up before lunch."", ""We decided to measure up during the meeting."", ""They want to measure up this week.""]"
Phrasal Verb,nail down,/neɪl daʊn/,NAYL DOWN,নেইল ডাউন,To finalize or precisely define something,চূড়ান্ত করা বা সুনির্দিষ্টভাবে নির্ধারণ করা,"[{""phrase"": ""nail down a plan"", ""example_sentence"": ""The manager asked the team to nail down a plan before the deadline.""}, {""phrase"": ""nail down the decision"", ""example_sentence"": ""Students learned how to nail down the decision in a practical exercise.""}, {""phrase"": ""nail down the strategy"", ""example_sentence"": ""We need to nail down the strategy carefully before we move forward.""}]","[{""phrase"": ""একটি পরিকল্পনা চূড়ান্ত করা"", ""example_sentence"": ""শিক্ষার্থীরা উদাহরণে একটি পরিকল্পনা চূড়ান্ত করা অনুশীলন করে।""}, {""phrase"": ""সিদ্ধান্তটি চূড়ান্ত করা"", ""example_sentence"": ""শিক্ষার্থীরা উদাহরণে সিদ্ধান্তটি চূড়ান্ত করা অনুশীলন করে।""}, {""phrase"": ""কৌশলটি চূড়ান্ত করা"", ""example_sentence"": ""শিক্ষার্থীরা উদাহরণে কৌশলটি চূড়ান্ত করা অনুশীলন করে।""}]",finalize; define precisely; confirm,leave uncertain; keep vague; postpone,A2,"03 - Plans, Decisions & Strategy","After school, Maya had to nail down.","স্কুলের পর, মায়াকে চূড়ান্ত করা বা সুনির্দিষ্টভাবে নির্ধারণ করা প্রয়োজন হয়েছিল।","realistic school scene matching the sentence, clear action and natural colors. Realistic contemporary setting, natural lighting, clear facial expressions, accurate everyday details, documentary photography style.","[""David had to nail down before lunch."", ""We decided to nail down during the meeting."", ""They want to nail down this week.""]"
Phrasal Verb,open up to,/oʊpən ʌp tu/,OHPOOHN up too,ওপান আপ টু,To start trusting and sharing with someone,কাউকে বিশ্বাস করে মনের কথা বলা শুরু করা,"[{""phrase"": ""open up to the issue"", ""example_sentence"": ""The manager asked the team to open up to the issue before the deadline.""}, {""phrase"": ""open up to the plan"", ""example_sentence"": ""Students learned how to open up to the plan in a practical exercise.""}, {""phrase"": ""open up to the task"", ""example_sentence"": ""We need to open up to the task carefully before we move forward.""}]","[{""phrase"": ""সমস্যাটি কাউকে বিশ্বাস করে মনের কথা বলা শুরু করা"", ""example_sentence"": ""শিক্ষার্থীরা উদাহরণে সমস্যাটি কাউকে বিশ্বাস করে মনের কথা বলা শুরু করা অনুশীলন করে।""}, {""phrase"": ""পরিকল্পনাটি কাউকে বিশ্বাস করে মনের কথা বলা শুরু করা"", ""example_sentence"": ""শিক্ষার্থীরা উদাহরণে পরিকল্পনাটি কাউকে বিশ্বাস করে মনের কথা বলা শুরু করা অনুশীলন করে।""}, {""phrase"": ""কাজটি কাউকে বিশ্বাস করে মনের কথা বলা শুরু করা"", ""example_sentence"": ""শিক্ষার্থীরা উদাহরণে কাজটি কাউকে বিশ্বাস করে মনের কথা বলা শুরু করা অনুশীলন করে।""}]",confide in; trust; share feelings with,close off; hide feelings; distrust,B1,"09 - Relationships, Feelings & Daily Life","At work, David had to open up to.","কর্মক্ষেত্রে, ডেভিডকে কাউকে বিশ্বাস করে মনের কথা বলা শুরু করা প্রয়োজন হয়েছিল।","realistic workplace scene matching the sentence, detailed environment and natural light. Realistic contemporary setting, natural lighting, clear facial expressions, accurate everyday details, documentary photography style.","[""Ivy had to open up to before lunch."", ""We decided to open up to during the meeting."", ""They want to open up to this week.""]"
Phrasal Verb,own up,/oʊn ʌp/,OHN up,ওন আপ,To admit responsibility or a mistake,দায়িত্ব বা ভুল স্বীকার করা,"[{""phrase"": ""own up on time"", ""example_sentence"": ""The team tried to own up on time so the schedule stayed clear.""}, {""phrase"": ""own up during the project"", ""example_sentence"": ""Things may own up during the project when the workload increases.""}, {""phrase"": ""own up without delay"", ""example_sentence"": ""Everyone was ready to own up without delay after the announcement.""}]","[{""phrase"": ""সময়মতো ভুল স্বীকার করা"", ""example_sentence"": ""শিক্ষার্থীরা উদাহরণে সময়মতো ভুল স্বীকার করা অনুশীলন করে।""}, {""phrase"": ""প্রকল্প চলাকালে ভুল স্বীকার করা"", ""example_sentence"": ""শিক্ষার্থীরা উদাহরণে প্রকল্প চলাকালে ভুল স্বীকার করা অনুশীলন করে।""}, {""phrase"": ""দেরি না করে ভুল স্বীকার করা"", ""example_sentence"": ""শিক্ষার্থীরা উদাহরণে দেরি না করে ভুল স্বীকার করা অনুশীলন করে।""}]",admit; confess; take responsibility,deny; hide; blame others,A2,"08 - Change, Growth, Rules & Control","During the final week, Ivy had to own up to finish on time.","শেষ সপ্তাহে, আইভিকে দায়িত্ব বা ভুল স্বীকার করা প্রয়োজন হয়েছিল।","focused team working hard in an office at dusk, laptops and notes everywhere. Realistic contemporary setting, natural lighting, clear facial expressions, accurate everyday details, documentary photography style.","[""Ryan was ready to own up on day one."", ""The volunteers own up when the event got busy."", ""If everyone own up, we can finish today.""]"
Phrasal Verb,patch up,/pætʃ ʌp/,PACH up,প্যাচ আপ,To repair hastily; to resolve a dispute,তাড়াহুড়ো করে মেরামত করা; বিরোধ মিটিয়ে ফেলা,"[{""phrase"": ""patch up the task"", ""example_sentence"": ""The manager asked the team to patch up the task before the deadline.""}, {""phrase"": ""patch up the project"", ""example_sentence"": ""Students learned how to patch up the project in a practical exercise.""}, {""phrase"": ""patch up the deadline"", ""example_sentence"": ""We need to patch up the deadline carefully before we move forward.""}]","[{""phrase"": ""কাজটি তাড়াহুড়ো করে মেরামত করা"", ""example_sentence"": ""শিক্ষার্থীরা উদাহরণে কাজটি তাড়াহুড়ো করে মেরামত করা অনুশীলন করে।""}, {""phrase"": ""প্রকল্পটি তাড়াহুড়ো করে মেরামত করা"", ""example_sentence"": ""শিক্ষার্থীরা উদাহরণে প্রকল্পটি তাড়াহুড়ো করে মেরামত করা অনুশীলন করে।""}, {""phrase"": ""সময়সীমাটি তাড়াহুড়ো করে মেরামত করা"", ""example_sentence"": ""শিক্ষার্থীরা উদাহরণে সময়সীমাটি তাড়াহুড়ো করে মেরামত করা অনুশীলন করে।""}]",repair; mend; reconcile,damage; worsen; break apart,A2,"09 - Relationships, Feelings & Daily Life","In the library, Ryan had to patch up the last math problem before the study group ended.","লাইব্রেরিতে, রায়ানকে স্টাডি গ্রুপ শেষ হওয়ার আগে শেষ গণিত সমস্যাটি তাড়াহুড়ো করে মেরামত করা বা বিরোধ মিটিয়ে ফেলা প্রয়োজন হয়েছিল।","quiet library table with books, notebook, calculator, student concentrating. Realistic contemporary setting, natural lighting, clear facial expressions, accurate everyday details, documentary photography style.","[""Julia tried to patch up the last question alone."", ""We need to patch up why the app keeps freezing."", ""Sam could not patch up the map until sunset.""]"
Phrasal Verb,pay attention to,/peɪ ətɛnʃən tu/,PAY uh-TEN-shun too,পেই আটেন্শান টু,To focus and listen carefully,মনোযোগ দিয়ে শোনা বা খেয়াল করা,"[{""phrase"": ""pay attention to the problem"", ""example_sentence"": ""The manager asked the team to pay attention to the problem before the deadline.""}, {""phrase"": ""pay attention to the answer"", ""example_sentence"": ""Students learned how to pay attention to the answer in a practical exercise.""}, {""phrase"": ""pay attention to the idea"", ""example_sentence"": ""We need to pay attention to the idea carefully before we move forward.""}]","[{""phrase"": ""সমস্যাটি খেয়াল করা"", ""example_sentence"": ""শিক্ষার্থীরা উদাহরণে সমস্যাটি খেয়াল করা অনুশীলন করে।""}, {""phrase"": ""উত্তরটি খেয়াল করা"", ""example_sentence"": ""শিক্ষার্থীরা উদাহরণে উত্তরটি খেয়াল করা অনুশীলন করে।""}, {""phrase"": ""ধারণাটি খেয়াল করা"", ""example_sentence"": ""শিক্ষার্থীরা উদাহরণে ধারণাটি খেয়াল করা অনুশীলন করে।""}]",focus on; listen carefully; notice,ignore; overlook; tune out,B1,"02 - Thinking, Learning & Understanding",Please pay attention to the safety signs near the wet floor.,Please মনোযোগ দিয়ে শোনা বা খেয়াল করা করেছিল।,"School or workplace hallway with a wet-floor sign and people being careful, realistic caution scene.","[""The students paid attention to every word of the story."", ""You should pay attention to the small print."", ""He never pays attention to the closing time.""]"
Phrasal Verb,phase in,/feɪz ɪn/,FAYZ een,ফেইজ ইন,To introduce something gradually,ধীরে ধীরে চালু বা পরিচয় করানো,"[{""phrase"": ""phase in the issue"", ""example_sentence"": ""The manager asked the team to phase in the issue before the deadline.""}, {""phrase"": ""phase in the plan"", ""example_sentence"": ""Students learned how to phase in the plan in a practical exercise.""}, {""phrase"": ""phase in the task"", ""example_sentence"": ""We need to phase in the task carefully before we move forward.""}]","[{""phrase"": ""সমস্যাটি পরিচয় করানো"", ""example_sentence"": ""শিক্ষার্থীরা উদাহরণে সমস্যাটি পরিচয় করানো অনুশীলন করে।""}, {""phrase"": ""পরিকল্পনাটি পরিচয় করানো"", ""example_sentence"": ""শিক্ষার্থীরা উদাহরণে পরিকল্পনাটি পরিচয় করানো অনুশীলন করে।""}, {""phrase"": ""কাজটি পরিচয় করানো"", ""example_sentence"": ""শিক্ষার্থীরা উদাহরণে কাজটি পরিচয় করানো অনুশীলন করে।""}]",introduce gradually; roll in; add step by step,phase out; remove gradually; discontinue,A2,"08 - Change, Growth, Rules & Control","During an office meeting, Sam had to phase in the late delivery so the team could discuss it.",ব্যক্তিটি ধীরে ধীরে চালু বা পরিচয় করানো করেছিল।,"glass-walled office meeting, one employee speaking while coworkers listen around a table with laptops and delivery papers. Realistic contemporary setting, natural lighting, clear facial expressions, accurate everyday details, documentary photography style.","[""Please phase in the budget issue today."", ""Ella wanted to phase in the class trip at lunch."", ""The teacher asked us to phase in one more point.""]"
Phrasal Verb,pick on,/pɪk ɑn/,PICK on,পিক অন,To bully or repeatedly criticize someone,কাউকে বিরক্ত করা বা বারবার সমালোচনা করা,"[{""phrase"": ""pick on the issue"", ""example_sentence"": ""The manager asked the team to pick on the issue before the deadline.""}, {""phrase"": ""pick on the plan"", ""example_sentence"": ""Students learned how to pick on the plan in a practical exercise.""}, {""phrase"": ""pick on the task"", ""example_sentence"": ""We need to pick on the task carefully before we move forward.""}]","[{""phrase"": ""সমস্যাটি কাউকে বিরক্ত করা"", ""example_sentence"": ""শিক্ষার্থীরা উদাহরণে সমস্যাটি কাউকে বিরক্ত করা অনুশীলন করে।""}, {""phrase"": ""পরিকল্পনাটি কাউকে বিরক্ত করা"", ""example_sentence"": ""শিক্ষার্থীরা উদাহরণে পরিকল্পনাটি কাউকে বিরক্ত করা অনুশীলন করে।""}, {""phrase"": ""কাজটি কাউকে বিরক্ত করা"", ""example_sentence"": ""শিক্ষার্থীরা উদাহরণে কাজটি কাউকে বিরক্ত করা অনুশীলন করে।""}]",bully; tease; criticize repeatedly,support; protect; encourage,A2,"09 - Relationships, Feelings & Daily Life","After school, Ella had to pick on.","স্কুলের পর, এলাকে কাউকে বিরক্ত করা বা বারবার সমালোচনা করা প্রয়োজন হয়েছিল।","realistic school scene matching the sentence, clear action and natural colors. Realistic contemporary setting, natural lighting, clear facial expressions, accurate everyday details, documentary photography style.","[""Jonah had to pick on before lunch."", ""We decided to pick on during the meeting."", ""They want to pick on this week.""]"
Phrasal Verb,plan ahead,/plæn əhɛd/,PLAN uh-HED,প্ল্যান আহেড,To prepare for future events or needs,ভবিষ্যৎ ঘটনা বা প্রয়োজনের জন্য আগে থেকে প্রস্তুতি নেওয়া,"[{""phrase"": ""plan ahead on time"", ""example_sentence"": ""The team tried to plan ahead on time so the schedule stayed clear.""}, {""phrase"": ""plan ahead during the project"", ""example_sentence"": ""Things may plan ahead during the project when the workload increases.""}, {""phrase"": ""plan ahead without delay"", ""example_sentence"": ""Everyone was ready to plan ahead without delay after the announcement.""}]","[{""phrase"": ""সময়মতো প্রয়োজনের জন্য আগে থেকে প্রস্তুতি নেওয়া"", ""example_sentence"": ""শিক্ষার্থীরা উদাহরণে সময়মতো প্রয়োজনের জন্য আগে থেকে প্রস্তুতি নেওয়া অনুশীলন করে।""}, {""phrase"": ""প্রকল্প চলাকালে প্রয়োজনের জন্য আগে থেকে প্রস্তুতি নেওয়া"", ""example_sentence"": ""শিক্ষার্থীরা উদাহরণে প্রকল্প চলাকালে প্রয়োজনের জন্য আগে থেকে প্রস্তুতি নেওয়া অনুশীলন করে।""}, {""phrase"": ""দেরি না করে প্রয়োজনের জন্য আগে থেকে প্রস্তুতি নেওয়া"", ""example_sentence"": ""শিক্ষার্থীরা উদাহরণে দেরি না করে প্রয়োজনের জন্য আগে থেকে প্রস্তুতি নেওয়া অনুশীলন করে।""}]",prepare in advance; think ahead; make plans,improvise; leave unprepared; act last-minute,A2,"03 - Plans, Decisions & Strategy","While packing, Jonah decided to plan ahead the holiday in June.","প্যাক করার সময়, জোনাহ ভবিষ্যৎ ঘটনা বা প্রয়োজনের জন্য আগে থেকে প্রস্তুতি নেওয়ার সিদ্ধান্ত নিয়েছিল।","traveler packing a suitcase in a tidy bedroom, printed tickets and summer clothes visible. Realistic contemporary setting, natural lighting, clear facial expressions, accurate everyday details, documentary photography style.","[""I plan ahead the school concert next week."", ""They plan ahead their holiday every summer."", ""Leila is already plan ahead the training day.""]"
Phrasal Verb,play up,/pleɪ ʌp/,PLAY up,প্লেই আপ,To emphasize; to misbehave; to malfunction,গুরুত্ব দিয়ে তুলে ধরা; খারাপ আচরণ করা; ত্রুটি করা,"[{""phrase"": ""play up a topic"", ""example_sentence"": ""The manager asked the team to play up a topic before the deadline.""}, {""phrase"": ""play up an issue"", ""example_sentence"": ""Students learned how to play up an issue in a practical exercise.""}, {""phrase"": ""play up the message"", ""example_sentence"": ""We need to play up the message carefully before we move forward.""}]","[{""phrase"": ""একটি বিষয় খারাপ আচরণ করা"", ""example_sentence"": ""শিক্ষার্থীরা উদাহরণে একটি বিষয় খারাপ আচরণ করা অনুশীলন করে।""}, {""phrase"": ""একটি সমস্যা খারাপ আচরণ করা"", ""example_sentence"": ""শিক্ষার্থীরা উদাহরণে একটি সমস্যা খারাপ আচরণ করা অনুশীলন করে।""}, {""phrase"": ""বার্তাটি খারাপ আচরণ করা"", ""example_sentence"": ""শিক্ষার্থীরা উদাহরণে বার্তাটি খারাপ আচরণ করা অনুশীলন করে।""}]",emphasize; exaggerate; misbehave,play down; behave; minimize,A2,01 - Communication & Discussion,"During the day, Leila had to play up.","দিনের মধ্যে, লেইলাকে গুরুত্ব দিয়ে তুলে ধরা বা খারাপ আচরণ করা বা ত্রুটি করা প্রয়োজন হয়েছিল।","realistic daily-life scene matching the sentence, natural lighting, candid photography. Realistic contemporary setting, natural lighting, clear facial expressions, accurate everyday details, documentary photography style.","[""Victor had to play up before lunch."", ""We decided to play up during the meeting."", ""They want to play up this week.""]"
Phrasal Verb,plug in,/plʌɡ ɪn/,PLUG een,প্লাগ ইন,To connect a device to a power source,যন্ত্রকে বিদ্যুৎ উৎসে সংযুক্ত করা,"[{""phrase"": ""plug in on time"", ""example_sentence"": ""The team tried to plug in on time so the schedule stayed clear.""}, {""phrase"": ""plug in during the project"", ""example_sentence"": ""Things may plug in during the project when the workload increases.""}, {""phrase"": ""plug in without delay"", ""example_sentence"": ""Everyone was ready to plug in without delay after the announcement.""}]","[{""phrase"": ""সময়মতো যন্ত্রকে বিদ্যুৎ উৎসে সংযুক্ত করা"", ""example_sentence"": ""শিক্ষার্থীরা উদাহরণে সময়মতো যন্ত্রকে বিদ্যুৎ উৎসে সংযুক্ত করা অনুশীলন করে।""}, {""phrase"": ""প্রকল্প চলাকালে যন্ত্রকে বিদ্যুৎ উৎসে সংযুক্ত করা"", ""example_sentence"": ""শিক্ষার্থীরা উদাহরণে প্রকল্প চলাকালে যন্ত্রকে বিদ্যুৎ উৎসে সংযুক্ত করা অনুশীলন করে।""}, {""phrase"": ""দেরি না করে যন্ত্রকে বিদ্যুৎ উৎসে সংযুক্ত করা"", ""example_sentence"": ""শিক্ষার্থীরা উদাহরণে দেরি না করে যন্ত্রকে বিদ্যুৎ উৎসে সংযুক্ত করা অনুশীলন করে।""}]",connect to power; attach; insert,unplug; disconnect; remove,A2,"10 - Money, Business, Technology & Movement","After school, Victor had to plug in.","স্কুলের পর, ভিক্টরকে যন্ত্রকে বিদ্যুৎ উৎসে সংযুক্ত করা প্রয়োজন হয়েছিল।","realistic school scene matching the sentence, clear action and natural colors. Realistic contemporary setting, natural lighting, clear facial expressions, accurate everyday details, documentary photography style.","[""Hana had to plug in before lunch."", ""We decided to plug in during the meeting."", ""They want to plug in this week.""]"
Phrasal Verb,prioritize on,/praɪɔrətaɪz ɑn/,PRY-or-uh-tyz on,প্রাইঅরাটাইজ অন,To focus resources on what matters most,সবচেয়ে গুরুত্বপূর্ণ বিষয়ে সম্পদ বা মনোযোগ দেওয়া,"[{""phrase"": ""prioritize on a plan"", ""example_sentence"": ""The manager asked the team to prioritize on a plan before the deadline.""}, {""phrase"": ""prioritize on the decision"", ""example_sentence"": ""Students learned how to prioritize on the decision in a practical exercise.""}, {""phrase"": ""prioritize on the strategy"", ""example_sentence"": ""We need to prioritize on the strategy carefully before we move forward.""}]","[{""phrase"": ""একটি পরিকল্পনা মনোযোগ দেওয়া"", ""example_sentence"": ""শিক্ষার্থীরা উদাহরণে একটি পরিকল্পনা মনোযোগ দেওয়া অনুশীলন করে।""}, {""phrase"": ""সিদ্ধান্তটি মনোযোগ দেওয়া"", ""example_sentence"": ""শিক্ষার্থীরা উদাহরণে সিদ্ধান্তটি মনোযোগ দেওয়া অনুশীলন করে।""}, {""phrase"": ""কৌশলটি মনোযোগ দেওয়া"", ""example_sentence"": ""শিক্ষার্থীরা উদাহরণে কৌশলটি মনোযোগ দেওয়া অনুশীলন করে।""}]",focus on; give priority to; put first,deprioritize; neglect; put last,A2,"03 - Plans, Decisions & Strategy","At work, Hana had to prioritize on.","কর্মক্ষেত্রে, হানাকে সবচেয়ে গুরুত্বপূর্ণ বিষয়ে সম্পদ বা মনোযোগ দেওয়া প্রয়োজন হয়েছিল।","realistic workplace scene matching the sentence, detailed environment and natural light. Realistic contemporary setting, natural lighting, clear facial expressions, accurate everyday details, documentary photography style.","[""Mason had to prioritize on before lunch."", ""We decided to prioritize on during the meeting."", ""They want to prioritize on this week.""]"
Phrasal Verb,push back on,/pʊʃ bæk ɑn/,POOSH BACK on,পুশ ব্যাক অন,To resist or object to something,কোনো কিছুর বিরোধিতা বা প্রতিরোধ করা,"[{""phrase"": ""push back on a topic"", ""example_sentence"": ""The manager asked the team to push back on a topic before the deadline.""}, {""phrase"": ""push back on an issue"", ""example_sentence"": ""Students learned how to push back on an issue in a practical exercise.""}, {""phrase"": ""push back on the message"", ""example_sentence"": ""We need to push back on the message carefully before we move forward.""}]","[{""phrase"": ""একটি বিষয় প্রতিরোধ করা"", ""example_sentence"": ""শিক্ষার্থীরা উদাহরণে একটি বিষয় প্রতিরোধ করা অনুশীলন করে।""}, {""phrase"": ""একটি সমস্যা প্রতিরোধ করা"", ""example_sentence"": ""শিক্ষার্থীরা উদাহরণে একটি সমস্যা প্রতিরোধ করা অনুশীলন করে।""}, {""phrase"": ""বার্তাটি প্রতিরোধ করা"", ""example_sentence"": ""শিক্ষার্থীরা উদাহরণে বার্তাটি প্রতিরোধ করা অনুশীলন করে।""}]",resist; object to; challenge,accept; agree with; go along with,B1,01 - Communication & Discussion,"During the day, Mason had to push back on.","দিনের মধ্যে, মেসনকে কোনো কিছুর বিরোধিতা বা প্রতিরোধ করা প্রয়োজন হয়েছিল।","realistic daily-life scene matching the sentence, natural lighting, candid photography. Realistic contemporary setting, natural lighting, clear facial expressions, accurate everyday details, documentary photography style.","[""Nina had to push back on before lunch."", ""We decided to push back on during the meeting."", ""They want to push back on this week.""]"
Phrasal Verb,put emphasis on,/pʊt ɛmfəsəs ɑn/,PUT EM-fuh-sis on,পুট এম্ফাসাস অন,To stress the importance of something,কোনো কিছুর গুরুত্বে জোর দেওয়া,"[{""phrase"": ""put emphasis on a topic"", ""example_sentence"": ""The manager asked the team to put emphasis on a topic before the deadline.""}, {""phrase"": ""put emphasis on an issue"", ""example_sentence"": ""Students learned how to put emphasis on an issue in a practical exercise.""}, {""phrase"": ""put emphasis on the message"", ""example_sentence"": ""We need to put emphasis on the message carefully before we move forward.""}]","[{""phrase"": ""একটি বিষয় কিছুর গুরুত্বে জোর দেওয়া"", ""example_sentence"": ""শিক্ষার্থীরা উদাহরণে একটি বিষয় কিছুর গুরুত্বে জোর দেওয়া অনুশীলন করে।""}, {""phrase"": ""একটি সমস্যা কিছুর গুরুত্বে জোর দেওয়া"", ""example_sentence"": ""শিক্ষার্থীরা উদাহরণে একটি সমস্যা কিছুর গুরুত্বে জোর দেওয়া অনুশীলন করে।""}, {""phrase"": ""বার্তাটি কিছুর গুরুত্বে জোর দেওয়া"", ""example_sentence"": ""শিক্ষার্থীরা উদাহরণে বার্তাটি কিছুর গুরুত্বে জোর দেওয়া অনুশীলন করে।""}]",emphasize; stress; highlight,downplay; ignore; minimize,B1,01 - Communication & Discussion,"With only one hour left, Nina had to put emphasis on.","মাত্র এক ঘণ্টা হাতে থাকায়, left কোনো কিছুর গুরুত্বে জোর দেওয়া করেছিল।","small team working under visible time pressure with wall clock and papers. Realistic contemporary setting, natural lighting, clear facial expressions, accurate everyday details, documentary photography style.","[""Adam had to put emphasis on when the safe option was gone."", ""The team felt nervous but chose to put emphasis on."", ""After the warning, he knew he was put emphasis on.""]"
Phrasal Verb,read between the lines,/rɛd bɪtwin ðə laɪnz/,RED BEETWEEN thuh LEYENZ,রেড বিট্ওয়িন দা লাইনজ,To understand a hidden or implied meaning,লুকানো বা ইঙ্গিতপূর্ণ অর্থ বোঝা,"[{""phrase"": ""read between the lines the problem"", ""example_sentence"": ""The manager asked the team to read between the lines the problem before the deadline.""}, {""phrase"": ""read between the lines the answer"", ""example_sentence"": ""Students learned how to read between the lines the answer in a practical exercise.""}, {""phrase"": ""read between the lines the idea"", ""example_sentence"": ""We need to read between the lines the idea carefully before we move forward.""}]","[{""phrase"": ""সমস্যাটি লুকানো বা ইঙ্গিতপূর্ণ অর্থ বোঝা"", ""example_sentence"": ""শিক্ষার্থীরা উদাহরণে সমস্যাটি লুকানো বা ইঙ্গিতপূর্ণ অর্থ বোঝা অনুশীলন করে।""}, {""phrase"": ""উত্তরটি লুকানো বা ইঙ্গিতপূর্ণ অর্থ বোঝা"", ""example_sentence"": ""শিক্ষার্থীরা উদাহরণে উত্তরটি লুকানো বা ইঙ্গিতপূর্ণ অর্থ বোঝা অনুশীলন করে।""}, {""phrase"": ""ধারণাটি লুকানো বা ইঙ্গিতপূর্ণ অর্থ বোঝা"", ""example_sentence"": ""শিক্ষার্থীরা উদাহরণে ধারণাটি লুকানো বা ইঙ্গিতপূর্ণ অর্থ বোঝা অনুশীলন করে।""}]",infer; understand hidden meaning; pick up hints,take literally; miss the hidden meaning,B2,"02 - Thinking, Learning & Understanding","Before the client call, Adam had to read between the lines how to fix the login error so the system would work in time.","ক্লায়েন্ট কলের আগে, আদমকে লুকানো বা ইঙ্গিতপূর্ণ অর্থ বোঝা প্রয়োজন হয়েছিল।","modern office, laptop with login screen, employee focused on troubleshooting. Realistic contemporary setting, natural lighting, clear facial expressions, accurate everyday details, documentary photography style.","[""Emma tried to read between the lines the last question alone."", ""We need to read between the lines why the app keeps freezing."", ""Noah could not read between the lines the map until sunset.""]"
Phrasal Verb,revert back to,/rɪvɝt bæk tu/,REEVERT BACK too,রিভারট ব্যাক টু,To return to a previous state or version,আগের অবস্থা বা সংস্করণে ফিরে যাওয়া,"[{""phrase"": ""revert back to the issue"", ""example_sentence"": ""The manager asked the team to revert back to the issue before the deadline.""}, {""phrase"": ""revert back to the plan"", ""example_sentence"": ""Students learned how to revert back to the plan in a practical exercise.""}, {""phrase"": ""revert back to the task"", ""example_sentence"": ""We need to revert back to the task carefully before we move forward.""}]","[{""phrase"": ""সমস্যাটি আগের অবস্থা বা সংস্করণে ফিরে যাওয়া"", ""example_sentence"": ""শিক্ষার্থীরা উদাহরণে সমস্যাটি আগের অবস্থা বা সংস্করণে ফিরে যাওয়া অনুশীলন করে।""}, {""phrase"": ""পরিকল্পনাটি আগের অবস্থা বা সংস্করণে ফিরে যাওয়া"", ""example_sentence"": ""শিক্ষার্থীরা উদাহরণে পরিকল্পনাটি আগের অবস্থা বা সংস্করণে ফিরে যাওয়া অনুশীলন করে।""}, {""phrase"": ""কাজটি আগের অবস্থা বা সংস্করণে ফিরে যাওয়া"", ""example_sentence"": ""শিক্ষার্থীরা উদাহরণে কাজটি আগের অবস্থা বা সংস্করণে ফিরে যাওয়া অনুশীলন করে।""}]",return to; go back to; restore,move forward; change; update,B1,"08 - Change, Growth, Rules & Control","After the update failed, the team had to revert back to the older software version.",ব্যক্তিটি আগের অবস্থা বা সংস্করণে ফিরে যাওয়া করেছিল।,"IT team in an office restoring an older software version on computer screens after a failed update, realistic tech workspace.","[""If the new plan fails, we may revert back to the old schedule."", ""The app reverted back to its previous settings overnight."", ""They chose to revert back to the earlier design.""]"
Phrasal Verb,rise above,/raɪz əbʌv/,RYZ OOHBOOHV,রাইজ আবাভ,To remain dignified in a difficult situation,কঠিন অবস্থাতেও মর্যাদা ধরে রাখা,"[{""phrase"": ""rise above on time"", ""example_sentence"": ""The team tried to rise above on time so the schedule stayed clear.""}, {""phrase"": ""rise above during the project"", ""example_sentence"": ""Things may rise above during the project when the workload increases.""}, {""phrase"": ""rise above without delay"", ""example_sentence"": ""Everyone was ready to rise above without delay after the announcement.""}]","[{""phrase"": ""সময়মতো কঠিন অবস্থাতেও মর্যাদা ধরে রাখা"", ""example_sentence"": ""শিক্ষার্থীরা উদাহরণে সময়মতো কঠিন অবস্থাতেও মর্যাদা ধরে রাখা অনুশীলন করে।""}, {""phrase"": ""প্রকল্প চলাকালে কঠিন অবস্থাতেও মর্যাদা ধরে রাখা"", ""example_sentence"": ""শিক্ষার্থীরা উদাহরণে প্রকল্প চলাকালে কঠিন অবস্থাতেও মর্যাদা ধরে রাখা অনুশীলন করে।""}, {""phrase"": ""দেরি না করে কঠিন অবস্থাতেও মর্যাদা ধরে রাখা"", ""example_sentence"": ""শিক্ষার্থীরা উদাহরণে দেরি না করে কঠিন অবস্থাতেও মর্যাদা ধরে রাখা অনুশীলন করে।""}]",stay dignified; overcome; be better than,sink to the level; give in; react badly,A2,"07 - Problems, Difficulty & Risk","After school, Noah had to rise above.","স্কুলের পর, নোয়াকে কঠিন অবস্থাতেও মর্যাদা ধরে রাখা প্রয়োজন হয়েছিল।","realistic school scene matching the sentence, clear action and natural colors. Realistic contemporary setting, natural lighting, clear facial expressions, accurate everyday details, documentary photography style.","[""Mia had to rise above before lunch."", ""We decided to rise above during the meeting."", ""They want to rise above this week.""]"
Phrasal Verb,run by,/rʌn baɪ/,RUN by,রান বাই,To briefly mention something to get feedback,মতামত পাওয়ার জন্য সংক্ষেপে কোনো কথা বলা,"[{""phrase"": ""run by a topic"", ""example_sentence"": ""The manager asked the team to run by a topic before the deadline.""}, {""phrase"": ""run by an issue"", ""example_sentence"": ""Students learned how to run by an issue in a practical exercise.""}, {""phrase"": ""run by the message"", ""example_sentence"": ""We need to run by the message carefully before we move forward.""}]","[{""phrase"": ""একটি বিষয় মতামত পাওয়ার জন্য সংক্ষেপে কোনো কথা বলা"", ""example_sentence"": ""শিক্ষার্থীরা উদাহরণে একটি বিষয় মতামত পাওয়ার জন্য সংক্ষেপে কোনো কথা বলা অনুশীলন করে।""}, {""phrase"": ""একটি সমস্যা মতামত পাওয়ার জন্য সংক্ষেপে কোনো কথা বলা"", ""example_sentence"": ""শিক্ষার্থীরা উদাহরণে একটি সমস্যা মতামত পাওয়ার জন্য সংক্ষেপে কোনো কথা বলা অনুশীলন করে।""}, {""phrase"": ""বার্তাটি মতামত পাওয়ার জন্য সংক্ষেপে কোনো কথা বলা"", ""example_sentence"": ""শিক্ষার্থীরা উদাহরণে বার্তাটি মতামত পাওয়ার জন্য সংক্ষেপে কোনো কথা বলা অনুশীলন করে।""}]",mention for feedback; check with; ask about,keep to oneself; avoid feedback; decide alone,A2,01 - Communication & Discussion,"Before sending the proposal, Mia asked if she could run the idea by her manager first.",ব্যক্তিটি মতামত পাওয়ার জন্য সংক্ষেপে কোনো কথা বলা করেছিল।,"Office worker informally checking an idea with her manager beside a desk, laptop with proposal open, realistic workplace scene.","[""Can I run this schedule by you before I email it?"", ""She ran the poster idea by her teacher after class."", ""Please run the final plan by the client tomorrow.""]"
Phrasal Verb,run over,/rʌn oʊvɚ/,RUN oh-ver,রান ওভার,To review quickly; to exceed a time limit,দ্রুত পর্যালোচনা করা; সময়সীমা ছাড়িয়ে যাওয়া,"[{""phrase"": ""run over the problem"", ""example_sentence"": ""The manager asked the team to run over the problem before the deadline.""}, {""phrase"": ""run over the answer"", ""example_sentence"": ""Students learned how to run over the answer in a practical exercise.""}, {""phrase"": ""run over the idea"", ""example_sentence"": ""We need to run over the idea carefully before we move forward.""}]","[{""phrase"": ""সমস্যাটি দ্রুত পর্যালোচনা করা"", ""example_sentence"": ""শিক্ষার্থীরা উদাহরণে সমস্যাটি দ্রুত পর্যালোচনা করা অনুশীলন করে।""}, {""phrase"": ""উত্তরটি দ্রুত পর্যালোচনা করা"", ""example_sentence"": ""শিক্ষার্থীরা উদাহরণে উত্তরটি দ্রুত পর্যালোচনা করা অনুশীলন করে।""}, {""phrase"": ""ধারণাটি দ্রুত পর্যালোচনা করা"", ""example_sentence"": ""শিক্ষার্থীরা উদাহরণে ধারণাটি দ্রুত পর্যালোচনা করা অনুশীলন করে।""}]",review quickly; exceed a limit; go past,skip; finish early; stay within the limit,A2,"02 - Thinking, Learning & Understanding","During the day, Daniel had to run over.","দিনের মধ্যে, ড্যানিয়েলকে দ্রুত পর্যালোচনা করা বা সময়সীমা ছাড়িয়ে যাওয়া প্রয়োজন হয়েছিল।","realistic daily-life scene matching the sentence, natural lighting, candid photography. Realistic contemporary setting, natural lighting, clear facial expressions, accurate everyday details, documentary photography style.","[""Aisha had to run over before lunch."", ""We decided to run over during the meeting."", ""They want to run over this week.""]"
Phrasal Verb,save up,/seɪv ʌp/,SAYV up,সেইভ আপ,To accumulate money for a purpose,কোনো উদ্দেশ্যে টাকা জমিয়ে রাখা,"[{""phrase"": ""save up on time"", ""example_sentence"": ""The team tried to save up on time so the schedule stayed clear.""}, {""phrase"": ""save up during the project"", ""example_sentence"": ""Things may save up during the project when the workload increases.""}, {""phrase"": ""save up without delay"", ""example_sentence"": ""Everyone was ready to save up without delay after the announcement.""}]","[{""phrase"": ""সময়মতো কোনো উদ্দেশ্যে টাকা জমিয়ে রাখা"", ""example_sentence"": ""শিক্ষার্থীরা উদাহরণে সময়মতো কোনো উদ্দেশ্যে টাকা জমিয়ে রাখা অনুশীলন করে।""}, {""phrase"": ""প্রকল্প চলাকালে কোনো উদ্দেশ্যে টাকা জমিয়ে রাখা"", ""example_sentence"": ""শিক্ষার্থীরা উদাহরণে প্রকল্প চলাকালে কোনো উদ্দেশ্যে টাকা জমিয়ে রাখা অনুশীলন করে।""}, {""phrase"": ""দেরি না করে কোনো উদ্দেশ্যে টাকা জমিয়ে রাখা"", ""example_sentence"": ""শিক্ষার্থীরা উদাহরণে দেরি না করে কোনো উদ্দেশ্যে টাকা জমিয়ে রাখা অনুশীলন করে।""}]",accumulate money; put aside; set aside,spend; use up; waste,A2,"10 - Money, Business, Technology & Movement","After school, Aisha had to save up.","স্কুলের পর, আইশাকে কোনো উদ্দেশ্যে টাকা জমিয়ে রাখা প্রয়োজন হয়েছিল।","realistic school scene matching the sentence, clear action and natural colors. Realistic contemporary setting, natural lighting, clear facial expressions, accurate everyday details, documentary photography style.","[""Lucas had to save up before lunch."", ""We decided to save up during the meeting."", ""They want to save up this week.""]"
Phrasal Verb,see through,/si θru/,SEE THROO,সি থ্রু,To not be deceived by; to complete something,প্রতারণা বুঝে ফেলা; কোনো কাজ শেষ পর্যন্ত করা,"[{""phrase"": ""see through the problem"", ""example_sentence"": ""The manager asked the team to see through the problem before the deadline.""}, {""phrase"": ""see through the answer"", ""example_sentence"": ""Students learned how to see through the answer in a practical exercise.""}, {""phrase"": ""see through the idea"", ""example_sentence"": ""We need to see through the idea carefully before we move forward.""}]","[{""phrase"": ""সমস্যাটি কাজ শেষ পর্যন্ত করা"", ""example_sentence"": ""শিক্ষার্থীরা উদাহরণে সমস্যাটি কাজ শেষ পর্যন্ত করা অনুশীলন করে।""}, {""phrase"": ""উত্তরটি কাজ শেষ পর্যন্ত করা"", ""example_sentence"": ""শিক্ষার্থীরা উদাহরণে উত্তরটি কাজ শেষ পর্যন্ত করা অনুশীলন করে।""}, {""phrase"": ""ধারণাটি কাজ শেষ পর্যন্ত করা"", ""example_sentence"": ""শিক্ষার্থীরা উদাহরণে ধারণাটি কাজ শেষ পর্যন্ত করা অনুশীলন করে।""}]",detect deception; complete; not be fooled,be fooled; fall for; give up,A2,"02 - Thinking, Learning & Understanding","At work, Lucas had to see through.","কর্মক্ষেত্রে, লুকাসকে প্রতারণা বুঝে ফেলা বা কোনো কাজ শেষ পর্যন্ত করা প্রয়োজন হয়েছিল।","realistic workplace scene matching the sentence, detailed environment and natural light. Realistic contemporary setting, natural lighting, clear facial expressions, accurate everyday details, documentary photography style.","[""Sofia had to see through before lunch."", ""We decided to see through during the meeting."", ""They want to see through this week.""]"
Phrasal Verb,sell out,/sɛl aʊt/,SEL out,সেল আউট,To sell all inventory; to betray principles,সব পণ্য বিক্রি হয়ে যাওয়া; নীতি বা বিশ্বাসের সঙ্গে বিশ্বাসঘাতকতা করা,"[{""phrase"": ""sell out on time"", ""example_sentence"": ""The team tried to sell out on time so the schedule stayed clear.""}, {""phrase"": ""sell out during the project"", ""example_sentence"": ""Things may sell out during the project when the workload increases.""}, {""phrase"": ""sell out without delay"", ""example_sentence"": ""Everyone was ready to sell out without delay after the announcement.""}]","[{""phrase"": ""সময়মতো বিশ্বাসের সঙ্গে বিশ্বাসঘাতকতা করা"", ""example_sentence"": ""শিক্ষার্থীরা উদাহরণে সময়মতো বিশ্বাসের সঙ্গে বিশ্বাসঘাতকতা করা অনুশীলন করে।""}, {""phrase"": ""প্রকল্প চলাকালে বিশ্বাসের সঙ্গে বিশ্বাসঘাতকতা করা"", ""example_sentence"": ""শিক্ষার্থীরা উদাহরণে প্রকল্প চলাকালে বিশ্বাসের সঙ্গে বিশ্বাসঘাতকতা করা অনুশীলন করে।""}, {""phrase"": ""দেরি না করে বিশ্বাসের সঙ্গে বিশ্বাসঘাতকতা করা"", ""example_sentence"": ""শিক্ষার্থীরা উদাহরণে দেরি না করে বিশ্বাসের সঙ্গে বিশ্বাসঘাতকতা করা অনুশীলন করে।""}]",sell everything; betray principles; abandon values,keep stock; stay loyal; hold firm,A2,"10 - Money, Business, Technology & Movement","During the day, Sofia had to sell out.","দিনের মধ্যে, সোফিয়াকে সব পণ্য বিক্রি হয়ে যাওয়া বা নীতি বা বিশ্বাসের সঙ্গে বিশ্বাসঘাতকতা করা প্রয়োজন হয়েছিল।","realistic daily-life scene matching the sentence, natural lighting, candid photography. Realistic contemporary setting, natural lighting, clear facial expressions, accurate everyday details, documentary photography style.","[""Ethan had to sell out before lunch."", ""We decided to sell out during the meeting."", ""They want to sell out this week.""]"
Phrasal Verb,send out,/sɛnd aʊt/,SEND out,সেন্ড আউট,To distribute or dispatch,বিতরণ বা পাঠিয়ে দেওয়া,"[{""phrase"": ""send out a topic"", ""example_sentence"": ""The manager asked the team to send out a topic before the deadline.""}, {""phrase"": ""send out an issue"", ""example_sentence"": ""Students learned how to send out an issue in a practical exercise.""}, {""phrase"": ""send out the message"", ""example_sentence"": ""We need to send out the message carefully before we move forward.""}]","[{""phrase"": ""একটি বিষয় পাঠিয়ে দেওয়া"", ""example_sentence"": ""শিক্ষার্থীরা উদাহরণে একটি বিষয় পাঠিয়ে দেওয়া অনুশীলন করে।""}, {""phrase"": ""একটি সমস্যা পাঠিয়ে দেওয়া"", ""example_sentence"": ""শিক্ষার্থীরা উদাহরণে একটি সমস্যা পাঠিয়ে দেওয়া অনুশীলন করে।""}, {""phrase"": ""বার্তাটি পাঠিয়ে দেওয়া"", ""example_sentence"": ""শিক্ষার্থীরা উদাহরণে বার্তাটি পাঠিয়ে দেওয়া অনুশীলন করে।""}]",distribute; dispatch; send,collect; keep; withhold,A2,01 - Communication & Discussion,"After school, Ethan had to send out.","স্কুলের পর, ইথানকে বিতরণ বা পাঠিয়ে দেওয়া প্রয়োজন হয়েছিল।","realistic school scene matching the sentence, clear action and natural colors. Realistic contemporary setting, natural lighting, clear facial expressions, accurate everyday details, documentary photography style.","[""Lina had to send out before lunch."", ""We decided to send out during the meeting."", ""They want to send out this week.""]"
Phrasal Verb,set in,/sɛt ɪn/,SET een,সেট ইন,To begin and become established (usually negative),"শুরু হয়ে স্থায়ীভাবে বসে যাওয়া, সাধারণত নেতিবাচকভাবে","[{""phrase"": ""set in on time"", ""example_sentence"": ""The team tried to set in on time so the schedule stayed clear.""}, {""phrase"": ""set in during the project"", ""example_sentence"": ""Things may set in during the project when the workload increases.""}, {""phrase"": ""set in without delay"", ""example_sentence"": ""Everyone was ready to set in without delay after the announcement.""}]","[{""phrase"": ""সময়মতো শুরু হয়ে স্থায়ীভাবে বসে যাওয়া, সাধারণত নেতিবাচকভাবে"", ""example_sentence"": ""শিক্ষার্থীরা উদাহরণে সময়মতো শুরু হয়ে স্থায়ীভাবে বসে যাওয়া, সাধারণত নেতিবাচকভাবে অনুশীলন করে।""}, {""phrase"": ""প্রকল্প চলাকালে শুরু হয়ে স্থায়ীভাবে বসে যাওয়া, সাধারণত নেতিবাচকভাবে"", ""example_sentence"": ""শিক্ষার্থীরা উদাহরণে প্রকল্প চলাকালে শুরু হয়ে স্থায়ীভাবে বসে যাওয়া, সাধারণত নেতিবাচকভাবে অনুশীলন করে।""}, {""phrase"": ""দেরি না করে শুরু হয়ে স্থায়ীভাবে বসে যাওয়া, সাধারণত নেতিবাচকভাবে"", ""example_sentence"": ""শিক্ষার্থীরা উদাহরণে দেরি না করে শুরু হয়ে স্থায়ীভাবে বসে যাওয়া, সাধারণত নেতিবাচকভাবে অনুশীলন করে।""}]",begin; take hold; become established,fade away; end; clear up,A2,"08 - Change, Growth, Rules & Control","At work, Lina had to set in.","কর্মক্ষেত্রে, লিনাকে শুরু হয়ে স্থায়ীভাবে বসে যাওয়া, সাধারণত নেতিবাচকভাবে প্রয়োজন হয়েছিল।","realistic workplace scene matching the sentence, detailed environment and natural light. Realistic contemporary setting, natural lighting, clear facial expressions, accurate everyday details, documentary photography style.","[""Omar had to set in before lunch."", ""We decided to set in during the meeting."", ""They want to set in this week.""]"
Phrasal Verb,slip up,/slɪp ʌp/,SLIP up,স্লিপ আপ,To make a mistake,ভুল করা,"[{""phrase"": ""slip up on time"", ""example_sentence"": ""The team tried to slip up on time so the schedule stayed clear.""}, {""phrase"": ""slip up during the project"", ""example_sentence"": ""Things may slip up during the project when the workload increases.""}, {""phrase"": ""slip up without delay"", ""example_sentence"": ""Everyone was ready to slip up without delay after the announcement.""}]","[{""phrase"": ""সময়মতো ভুল করা"", ""example_sentence"": ""শিক্ষার্থীরা উদাহরণে সময়মতো ভুল করা অনুশীলন করে।""}, {""phrase"": ""প্রকল্প চলাকালে ভুল করা"", ""example_sentence"": ""শিক্ষার্থীরা উদাহরণে প্রকল্প চলাকালে ভুল করা অনুশীলন করে।""}, {""phrase"": ""দেরি না করে ভুল করা"", ""example_sentence"": ""শিক্ষার্থীরা উদাহরণে দেরি না করে ভুল করা অনুশীলন করে।""}]",make a mistake; err; stumble,do correctly; succeed; avoid mistakes,A2,"07 - Problems, Difficulty & Risk","During the day, Omar had to slip up.","দিনের মধ্যে, ওমরকে ভুল করা প্রয়োজন হয়েছিল।","realistic daily-life scene matching the sentence, natural lighting, candid photography. Realistic contemporary setting, natural lighting, clear facial expressions, accurate everyday details, documentary photography style.","[""Chloe had to slip up before lunch."", ""We decided to slip up during the meeting."", ""They want to slip up this week.""]"
Phrasal Verb,slow down,/sloʊ daʊn/,SLOH DOWN,স্লো ডাউন,To reduce speed or pace,গতি বা কাজের গতি কমানো,"[{""phrase"": ""slow down on time"", ""example_sentence"": ""The team tried to slow down on time so the schedule stayed clear.""}, {""phrase"": ""slow down during the project"", ""example_sentence"": ""Things may slow down during the project when the workload increases.""}, {""phrase"": ""slow down without delay"", ""example_sentence"": ""Everyone was ready to slow down without delay after the announcement.""}]","[{""phrase"": ""সময়মতো গতি বা কাজের গতি কমানো"", ""example_sentence"": ""শিক্ষার্থীরা উদাহরণে সময়মতো গতি বা কাজের গতি কমানো অনুশীলন করে।""}, {""phrase"": ""প্রকল্প চলাকালে গতি বা কাজের গতি কমানো"", ""example_sentence"": ""শিক্ষার্থীরা উদাহরণে প্রকল্প চলাকালে গতি বা কাজের গতি কমানো অনুশীলন করে।""}, {""phrase"": ""দেরি না করে গতি বা কাজের গতি কমানো"", ""example_sentence"": ""শিক্ষার্থীরা উদাহরণে দেরি না করে গতি বা কাজের গতি কমানো অনুশীলন করে।""}]",decelerate; reduce speed; ease off,speed up; accelerate; hurry,A2,"08 - Change, Growth, Rules & Control","For the environment, Chloe decided to slow down plastic use in the office.","পরিবেশের জন্য, ক্লোই অফিসে প্লাস্টিকের ব্যবহার গতি বা কাজের গতি কমানো করার সিদ্ধান্ত নিয়েছিল।","office kitchen with reusable bottles and containers replacing plastic items. Realistic contemporary setting, natural lighting, clear facial expressions, accurate everyday details, documentary photography style.","[""The family wants to slow down on waste this month."", ""Nora decided to slow down after looking at the bill."", ""We need to slow down before the exam week.""]"
Phrasal Verb,stand down,/stænd daʊn/,STAND DOWN,স্ট্যান্ড ডাউন,To resign; to stand aside; to de-escalate,পদত্যাগ করা; সরে দাঁড়ানো; উত্তেজনা কমানো,"[{""phrase"": ""stand down on time"", ""example_sentence"": ""The team tried to stand down on time so the schedule stayed clear.""}, {""phrase"": ""stand down during the project"", ""example_sentence"": ""Things may stand down during the project when the workload increases.""}, {""phrase"": ""stand down without delay"", ""example_sentence"": ""Everyone was ready to stand down without delay after the announcement.""}]","[{""phrase"": ""সময়মতো পদত্যাগ করা"", ""example_sentence"": ""শিক্ষার্থীরা উদাহরণে সময়মতো পদত্যাগ করা অনুশীলন করে।""}, {""phrase"": ""প্রকল্প চলাকালে পদত্যাগ করা"", ""example_sentence"": ""শিক্ষার্থীরা উদাহরণে প্রকল্প চলাকালে পদত্যাগ করা অনুশীলন করে।""}, {""phrase"": ""দেরি না করে পদত্যাগ করা"", ""example_sentence"": ""শিক্ষার্থীরা উদাহরণে দেরি না করে পদত্যাগ করা অনুশীলন করে।""}]",resign; step aside; de-escalate,step up; take office; escalate,A2,"04 - Work, Responsibility & Productivity","At work, Hassan had to stand down.","কর্মক্ষেত্রে, হাসানকে পদত্যাগ করা বা সরে দাঁড়ানো বা উত্তেজনা কমানো প্রয়োজন হয়েছিল।","realistic workplace scene matching the sentence, detailed environment and natural light. Realistic contemporary setting, natural lighting, clear facial expressions, accurate everyday details, documentary photography style.","[""Nora had to stand down before lunch."", ""We decided to stand down during the meeting."", ""They want to stand down this week.""]"
Phrasal Verb,stay on top of,/steɪ ɑn tɑp ʌv/,STAY on TAHP uv,স্টেই অন টাপ আভ,To keep informed and in control of something,হালনাগাদ থাকা এবং নিয়ন্ত্রণে রাখা,"[{""phrase"": ""stay on top of the task"", ""example_sentence"": ""The manager asked the team to stay on top of the task before the deadline.""}, {""phrase"": ""stay on top of the project"", ""example_sentence"": ""Students learned how to stay on top of the project in a practical exercise.""}, {""phrase"": ""stay on top of the deadline"", ""example_sentence"": ""We need to stay on top of the deadline carefully before we move forward.""}]","[{""phrase"": ""কাজটি হালনাগাদ থাকা এবং নিয়ন্ত্রণে রাখা"", ""example_sentence"": ""শিক্ষার্থীরা উদাহরণে কাজটি হালনাগাদ থাকা এবং নিয়ন্ত্রণে রাখা অনুশীলন করে।""}, {""phrase"": ""প্রকল্পটি হালনাগাদ থাকা এবং নিয়ন্ত্রণে রাখা"", ""example_sentence"": ""শিক্ষার্থীরা উদাহরণে প্রকল্পটি হালনাগাদ থাকা এবং নিয়ন্ত্রণে রাখা অনুশীলন করে।""}, {""phrase"": ""সময়সীমাটি হালনাগাদ থাকা এবং নিয়ন্ত্রণে রাখা"", ""example_sentence"": ""শিক্ষার্থীরা উদাহরণে সময়সীমাটি হালনাগাদ থাকা এবং নিয়ন্ত্রণে রাখা অনুশীলন করে।""}]",keep informed; manage well; monitor,fall behind; lose track; ignore,B2,"04 - Work, Responsibility & Productivity","During the busy shift, Nora had to stay on top of so the work stayed organized.",ব্যক্তিটি হালনাগাদ থাকা এবং নিয়ন্ত্রণে রাখা করেছিল।,"team leader in a busy workspace directing tasks confidently. Realistic contemporary setting, natural lighting, clear facial expressions, accurate everyday details, documentary photography style.","[""Ben had to stay on top of when the teacher was away."", ""Who will stay on top of during the night shift?"", ""Someone needs to stay on top of before the meeting starts.""]"
Phrasal Verb,step back,/stɛp bæk/,STEP BACK,স্টেপ ব্যাক,To withdraw; to gain perspective,সরে দাঁড়ানো; বড় দৃষ্টিভঙ্গি নেওয়া,"[{""phrase"": ""step back on time"", ""example_sentence"": ""The team tried to step back on time so the schedule stayed clear.""}, {""phrase"": ""step back during the project"", ""example_sentence"": ""Things may step back during the project when the workload increases.""}, {""phrase"": ""step back without delay"", ""example_sentence"": ""Everyone was ready to step back without delay after the announcement.""}]","[{""phrase"": ""সময়মতো বড় দৃষ্টিভঙ্গি নেওয়া"", ""example_sentence"": ""শিক্ষার্থীরা উদাহরণে সময়মতো বড় দৃষ্টিভঙ্গি নেওয়া অনুশীলন করে।""}, {""phrase"": ""প্রকল্প চলাকালে বড় দৃষ্টিভঙ্গি নেওয়া"", ""example_sentence"": ""শিক্ষার্থীরা উদাহরণে প্রকল্প চলাকালে বড় দৃষ্টিভঙ্গি নেওয়া অনুশীলন করে।""}, {""phrase"": ""দেরি না করে বড় দৃষ্টিভঙ্গি নেওয়া"", ""example_sentence"": ""শিক্ষার্থীরা উদাহরণে দেরি না করে বড় দৃষ্টিভঙ্গি নেওয়া অনুশীলন করে।""}]",withdraw; pause; gain perspective,rush in; engage; focus narrowly,A2,"02 - Thinking, Learning & Understanding","After school, Ben had to step back.","স্কুলের পর, বেনকে সরে দাঁড়ানো বা বড় দৃষ্টিভঙ্গি নেওয়া প্রয়োজন হয়েছিল।","realistic school scene matching the sentence, clear action and natural colors. Realistic contemporary setting, natural lighting, clear facial expressions, accurate everyday details, documentary photography style.","[""Sara had to step back before lunch."", ""We decided to step back during the meeting."", ""They want to step back this week.""]"
Phrasal Verb,step down,/stɛp daʊn/,STEP DOWN,স্টেপ ডাউন,To resign from a position,পদ থেকে সরে দাঁড়ানো,"[{""phrase"": ""step down on time"", ""example_sentence"": ""The team tried to step down on time so the schedule stayed clear.""}, {""phrase"": ""step down during the project"", ""example_sentence"": ""Things may step down during the project when the workload increases.""}, {""phrase"": ""step down without delay"", ""example_sentence"": ""Everyone was ready to step down without delay after the announcement.""}]","[{""phrase"": ""সময়মতো পদ থেকে সরে দাঁড়ানো"", ""example_sentence"": ""শিক্ষার্থীরা উদাহরণে সময়মতো পদ থেকে সরে দাঁড়ানো অনুশীলন করে।""}, {""phrase"": ""প্রকল্প চলাকালে পদ থেকে সরে দাঁড়ানো"", ""example_sentence"": ""শিক্ষার্থীরা উদাহরণে প্রকল্প চলাকালে পদ থেকে সরে দাঁড়ানো অনুশীলন করে।""}, {""phrase"": ""দেরি না করে পদ থেকে সরে দাঁড়ানো"", ""example_sentence"": ""শিক্ষার্থীরা উদাহরণে দেরি না করে পদ থেকে সরে দাঁড়ানো অনুশীলন করে।""}]",resign; leave a position; stand aside,take office; step up; stay in charge,A2,"04 - Work, Responsibility & Productivity","At work, Sara had to step down.","কর্মক্ষেত্রে, সারাকে পদ থেকে সরে দাঁড়ানো প্রয়োজন হয়েছিল।","realistic workplace scene matching the sentence, detailed environment and natural light. Realistic contemporary setting, natural lighting, clear facial expressions, accurate everyday details, documentary photography style.","[""Leo had to step down before lunch."", ""We decided to step down during the meeting."", ""They want to step down this week.""]"
Phrasal Verb,stick out,/stɪk aʊt/,STICK out,স্টিক আউট,To be noticeable; to endure,চোখে পড়া; টিকে থাকা,"[{""phrase"": ""stick out on time"", ""example_sentence"": ""The team tried to stick out on time so the schedule stayed clear.""}, {""phrase"": ""stick out during the project"", ""example_sentence"": ""Things may stick out during the project when the workload increases.""}, {""phrase"": ""stick out without delay"", ""example_sentence"": ""Everyone was ready to stick out without delay after the announcement.""}]","[{""phrase"": ""সময়মতো টিকে থাকা"", ""example_sentence"": ""শিক্ষার্থীরা উদাহরণে সময়মতো টিকে থাকা অনুশীলন করে।""}, {""phrase"": ""প্রকল্প চলাকালে টিকে থাকা"", ""example_sentence"": ""শিক্ষার্থীরা উদাহরণে প্রকল্প চলাকালে টিকে থাকা অনুশীলন করে।""}, {""phrase"": ""দেরি না করে টিকে থাকা"", ""example_sentence"": ""শিক্ষার্থীরা উদাহরণে দেরি না করে টিকে থাকা অনুশীলন করে।""}]",be noticeable; project; endure,blend in; withdraw; give in,A2,"06 - Progress, Success & Results","During the day, Leo had to stick out.","দিনের মধ্যে, লিওকে চোখে পড়া বা টিকে থাকা প্রয়োজন হয়েছিল।","realistic daily-life scene matching the sentence, natural lighting, candid photography. Realistic contemporary setting, natural lighting, clear facial expressions, accurate everyday details, documentary photography style.","[""Maya had to stick out before lunch."", ""We decided to stick out during the meeting."", ""They want to stick out this week.""]"
Phrasal Verb,straighten out,/streɪtən aʊt/,STRAY-ten out,স্ট্রেইটান আউট,To resolve or clarify a problem,সমস্যা সমাধান বা স্পষ্ট করা,"[{""phrase"": ""straighten out the problem"", ""example_sentence"": ""The manager asked the team to straighten out the problem before the deadline.""}, {""phrase"": ""straighten out the risk"", ""example_sentence"": ""Students learned how to straighten out the risk in a practical exercise.""}, {""phrase"": ""straighten out the mistake"", ""example_sentence"": ""We need to straighten out the mistake carefully before we move forward.""}]","[{""phrase"": ""সমস্যাটি স্পষ্ট করা"", ""example_sentence"": ""শিক্ষার্থীরা উদাহরণে সমস্যাটি স্পষ্ট করা অনুশীলন করে।""}, {""phrase"": ""ঝুঁকিটি স্পষ্ট করা"", ""example_sentence"": ""শিক্ষার্থীরা উদাহরণে ঝুঁকিটি স্পষ্ট করা অনুশীলন করে।""}, {""phrase"": ""ভুলটি স্পষ্ট করা"", ""example_sentence"": ""শিক্ষার্থীরা উদাহরণে ভুলটি স্পষ্ট করা অনুশীলন করে।""}]",resolve; clarify; fix; organize,confuse; complicate; mess up,A2,"07 - Problems, Difficulty & Risk","In the library, Maya had to straighten out the last math problem before the study group ended.","লাইব্রেরিতে, মায়াকে স্টাডি গ্রুপ শেষ হওয়ার আগে শেষ গণিত সমস্যাটি সমস্যা সমাধান বা স্পষ্ট করা প্রয়োজন হয়েছিল।","quiet library table with books, notebook, calculator, student concentrating. Realistic contemporary setting, natural lighting, clear facial expressions, accurate everyday details, documentary photography style.","[""David tried to straighten out the last question alone."", ""We need to straighten out why the app keeps freezing."", ""Ivy could not straighten out the map until sunset.""]"
Phrasal Verb,stretch out,/strɛtʃ aʊt/,STRETCH out,স্ট্রেচ আউট,To extend; to make something last longer,বাড়ানো; কোনো কিছু বেশি সময় ধরে টিকিয়ে রাখা,"[{""phrase"": ""stretch out on time"", ""example_sentence"": ""The team tried to stretch out on time so the schedule stayed clear.""}, {""phrase"": ""stretch out during the project"", ""example_sentence"": ""Things may stretch out during the project when the workload increases.""}, {""phrase"": ""stretch out without delay"", ""example_sentence"": ""Everyone was ready to stretch out without delay after the announcement.""}]","[{""phrase"": ""সময়মতো বাড়ানো; কোনো কিছু বেশি সময় ধরে টিকিয়ে রাখা"", ""example_sentence"": ""শিক্ষার্থীরা উদাহরণে সময়মতো বাড়ানো; কোনো কিছু বেশি সময় ধরে টিকিয়ে রাখা অনুশীলন করে।""}, {""phrase"": ""প্রকল্প চলাকালে বাড়ানো; কোনো কিছু বেশি সময় ধরে টিকিয়ে রাখা"", ""example_sentence"": ""শিক্ষার্থীরা উদাহরণে প্রকল্প চলাকালে বাড়ানো; কোনো কিছু বেশি সময় ধরে টিকিয়ে রাখা অনুশীলন করে।""}, {""phrase"": ""দেরি না করে বাড়ানো; কোনো কিছু বেশি সময় ধরে টিকিয়ে রাখা"", ""example_sentence"": ""শিক্ষার্থীরা উদাহরণে দেরি না করে বাড়ানো; কোনো কিছু বেশি সময় ধরে টিকিয়ে রাখা অনুশীলন করে।""}]",extend; lengthen; make last longer,shorten; compress; cut short,A2,"05 - Time, Scheduling & Process","At work, David had to stretch out.","কর্মক্ষেত্রে, ডেভিডকে বাড়ানো বা কোনো কিছু বেশি সময় ধরে টিকিয়ে রাখা প্রয়োজন হয়েছিল।","realistic workplace scene matching the sentence, detailed environment and natural light. Realistic contemporary setting, natural lighting, clear facial expressions, accurate everyday details, documentary photography style.","[""Ivy had to stretch out before lunch."", ""We decided to stretch out during the meeting."", ""They want to stretch out this week.""]"
Phrasal Verb,sweep up,/swip ʌp/,SWEEP up,স্ওয়িপ আপ,To clean up; to win comprehensively,পরিষ্কার করে ফেলা; বড় ব্যবধানে জয় পাওয়া,"[{""phrase"": ""sweep up the issue"", ""example_sentence"": ""The manager asked the team to sweep up the issue before the deadline.""}, {""phrase"": ""sweep up the plan"", ""example_sentence"": ""Students learned how to sweep up the plan in a practical exercise.""}, {""phrase"": ""sweep up the task"", ""example_sentence"": ""We need to sweep up the task carefully before we move forward.""}]","[{""phrase"": ""সমস্যাটি পরিষ্কার করে ফেলা; বড় ব্যবধানে জয় পাওয়া"", ""example_sentence"": ""শিক্ষার্থীরা উদাহরণে সমস্যাটি পরিষ্কার করে ফেলা; বড় ব্যবধানে জয় পাওয়া অনুশীলন করে।""}, {""phrase"": ""পরিকল্পনাটি পরিষ্কার করে ফেলা; বড় ব্যবধানে জয় পাওয়া"", ""example_sentence"": ""শিক্ষার্থীরা উদাহরণে পরিকল্পনাটি পরিষ্কার করে ফেলা; বড় ব্যবধানে জয় পাওয়া অনুশীলন করে।""}, {""phrase"": ""কাজটি পরিষ্কার করে ফেলা; বড় ব্যবধানে জয় পাওয়া"", ""example_sentence"": ""শিক্ষার্থীরা উদাহরণে কাজটি পরিষ্কার করে ফেলা; বড় ব্যবধানে জয় পাওয়া অনুশীলন করে।""}]",clean up; sweep; win completely,make dirty; scatter; lose,A2,"09 - Relationships, Feelings & Daily Life","During the day, Ivy had to sweep up.","দিনের মধ্যে, আইভিকে পরিষ্কার করে ফেলা বা বড় ব্যবধানে জয় পাওয়া প্রয়োজন হয়েছিল।","realistic daily-life scene matching the sentence, natural lighting, candid photography. Realistic contemporary setting, natural lighting, clear facial expressions, accurate everyday details, documentary photography style.","[""Ryan had to sweep up before lunch."", ""We decided to sweep up during the meeting."", ""They want to sweep up this week.""]"
Phrasal Verb,switch off,/swɪtʃ ɔf/,SWITCH AWF,স্ওয়িচ অফ,To stop paying attention; to turn off a device,মনোযোগ বন্ধ করা; যন্ত্র বন্ধ করা,"[{""phrase"": ""switch off on time"", ""example_sentence"": ""The team tried to switch off on time so the schedule stayed clear.""}, {""phrase"": ""switch off during the project"", ""example_sentence"": ""Things may switch off during the project when the workload increases.""}, {""phrase"": ""switch off without delay"", ""example_sentence"": ""Everyone was ready to switch off without delay after the announcement.""}]","[{""phrase"": ""সময়মতো মনোযোগ বন্ধ করা"", ""example_sentence"": ""শিক্ষার্থীরা উদাহরণে সময়মতো মনোযোগ বন্ধ করা অনুশীলন করে।""}, {""phrase"": ""প্রকল্প চলাকালে মনোযোগ বন্ধ করা"", ""example_sentence"": ""শিক্ষার্থীরা উদাহরণে প্রকল্প চলাকালে মনোযোগ বন্ধ করা অনুশীলন করে।""}, {""phrase"": ""দেরি না করে মনোযোগ বন্ধ করা"", ""example_sentence"": ""শিক্ষার্থীরা উদাহরণে দেরি না করে মনোযোগ বন্ধ করা অনুশীলন করে।""}]",turn off; deactivate; stop paying attention,switch on; activate; pay attention,A2,"10 - Money, Business, Technology & Movement","After school, Ryan had to switch off.","স্কুলের পর, রায়ানকে মনোযোগ বন্ধ করা বা যন্ত্র বন্ধ করা প্রয়োজন হয়েছিল।","realistic school scene matching the sentence, clear action and natural colors. Realistic contemporary setting, natural lighting, clear facial expressions, accurate everyday details, documentary photography style.","[""Julia had to switch off before lunch."", ""We decided to switch off during the meeting."", ""They want to switch off this week.""]"
Phrasal Verb,switch on,/swɪtʃ ɑn/,SWITCH on,স্ওয়িচ অন,To activate; to start paying attention,সক্রিয় করা; মনোযোগ দেওয়া শুরু করা,"[{""phrase"": ""switch on on time"", ""example_sentence"": ""The team tried to switch on on time so the schedule stayed clear.""}, {""phrase"": ""switch on during the project"", ""example_sentence"": ""Things may switch on during the project when the workload increases.""}, {""phrase"": ""switch on without delay"", ""example_sentence"": ""Everyone was ready to switch on without delay after the announcement.""}]","[{""phrase"": ""সময়মতো সক্রিয় করা"", ""example_sentence"": ""শিক্ষার্থীরা উদাহরণে সময়মতো সক্রিয় করা অনুশীলন করে।""}, {""phrase"": ""প্রকল্প চলাকালে সক্রিয় করা"", ""example_sentence"": ""শিক্ষার্থীরা উদাহরণে প্রকল্প চলাকালে সক্রিয় করা অনুশীলন করে।""}, {""phrase"": ""দেরি না করে সক্রিয় করা"", ""example_sentence"": ""শিক্ষার্থীরা উদাহরণে দেরি না করে সক্রিয় করা অনুশীলন করে।""}]",turn on; activate; start paying attention,switch off; deactivate; tune out,A2,"10 - Money, Business, Technology & Movement",Please switch on the projector before the class begins.,Please সক্রিয় করা বা মনোযোগ দেওয়া শুরু করা করেছিল।,"Classroom with a student turning on a projector near a white screen, notebooks and daylight visible, realistic school scene.","[""He switched on the heater when the room got cold."", ""The noise finally switched on her attention."", ""Can you switch on the kitchen light, please?""]"
Phrasal Verb,take away,/teɪk əweɪ/,TAYK OOHWAY,টেইক আওয়েই,To remove; the main lesson from something,সরিয়ে নেওয়া; কোনো বিষয় থেকে পাওয়া মূল শিক্ষা,"[{""phrase"": ""take away the problem"", ""example_sentence"": ""The manager asked the team to take away the problem before the deadline.""}, {""phrase"": ""take away the answer"", ""example_sentence"": ""Students learned how to take away the answer in a practical exercise.""}, {""phrase"": ""take away the idea"", ""example_sentence"": ""We need to take away the idea carefully before we move forward.""}]","[{""phrase"": ""সমস্যাটি সরিয়ে নেওয়া"", ""example_sentence"": ""শিক্ষার্থীরা উদাহরণে সমস্যাটি সরিয়ে নেওয়া অনুশীলন করে।""}, {""phrase"": ""উত্তরটি সরিয়ে নেওয়া"", ""example_sentence"": ""শিক্ষার্থীরা উদাহরণে উত্তরটি সরিয়ে নেওয়া অনুশীলন করে।""}, {""phrase"": ""ধারণাটি সরিয়ে নেওয়া"", ""example_sentence"": ""শিক্ষার্থীরা উদাহরণে ধারণাটি সরিয়ে নেওয়া অনুশীলন করে।""}]",remove; subtract; main lesson,add; return; miss the lesson,A2,"02 - Thinking, Learning & Understanding","To save money, Sam decided to take away on taxi rides this month.","টাকা বাঁচাতে, স্যাম সরিয়ে নেওয়া বা ট্যাক্সি ভ্রমণ এই মাসে থেকে পাওয়া মূল শিক্ষা করার সিদ্ধান্ত নিয়েছিল।","young adult checking a budget app while choosing to walk down a city street. Realistic contemporary setting, natural lighting, clear facial expressions, accurate everyday details, documentary photography style.","[""The family wants to take away on waste this month."", ""Jonah decided to take away after looking at the bill."", ""We need to take away before the exam week.""]"
Phrasal Verb,tap into,/tæp ɪntu/,TAP in-too,ট্যাপ ইনটু,To access or make use of a resource,কোনো সম্পদে প্রবেশ করা বা তা ব্যবহার করা,"[{""phrase"": ""tap into the task"", ""example_sentence"": ""The manager asked the team to tap into the task before the deadline.""}, {""phrase"": ""tap into the project"", ""example_sentence"": ""Students learned how to tap into the project in a practical exercise.""}, {""phrase"": ""tap into the deadline"", ""example_sentence"": ""We need to tap into the deadline carefully before we move forward.""}]","[{""phrase"": ""কাজটি সম্পদে প্রবেশ করা"", ""example_sentence"": ""শিক্ষার্থীরা উদাহরণে কাজটি সম্পদে প্রবেশ করা অনুশীলন করে।""}, {""phrase"": ""প্রকল্পটি সম্পদে প্রবেশ করা"", ""example_sentence"": ""শিক্ষার্থীরা উদাহরণে প্রকল্পটি সম্পদে প্রবেশ করা অনুশীলন করে।""}, {""phrase"": ""সময়সীমাটি সম্পদে প্রবেশ করা"", ""example_sentence"": ""শিক্ষার্থীরা উদাহরণে সময়সীমাটি সম্পদে প্রবেশ করা অনুশীলন করে।""}]",access; use; draw on,ignore; leave unused; block access,A2,"04 - Work, Responsibility & Productivity","After school, Ella had to tap into.","স্কুলের পর, এলাকে কোনো সম্পদে প্রবেশ করা বা তা ব্যবহার করা প্রয়োজন হয়েছিল।","realistic school scene matching the sentence, clear action and natural colors. Realistic contemporary setting, natural lighting, clear facial expressions, accurate everyday details, documentary photography style.","[""Jonah had to tap into before lunch."", ""We decided to tap into during the meeting."", ""They want to tap into this week.""]"
Phrasal Verb,test out,/tɛst aʊt/,TEST out,টেস্ট আউট,To try something to evaluate its effectiveness,কার্যকারিতা যাচাই করতে পরীক্ষা করে দেখা,"[{""phrase"": ""test out a plan"", ""example_sentence"": ""The manager asked the team to test out a plan before the deadline.""}, {""phrase"": ""test out the decision"", ""example_sentence"": ""Students learned how to test out the decision in a practical exercise.""}, {""phrase"": ""test out the strategy"", ""example_sentence"": ""We need to test out the strategy carefully before we move forward.""}]","[{""phrase"": ""একটি পরিকল্পনা কার্যকারিতা যাচাই করতে পরীক্ষা করে দেখা"", ""example_sentence"": ""শিক্ষার্থীরা উদাহরণে একটি পরিকল্পনা কার্যকারিতা যাচাই করতে পরীক্ষা করে দেখা অনুশীলন করে।""}, {""phrase"": ""সিদ্ধান্তটি কার্যকারিতা যাচাই করতে পরীক্ষা করে দেখা"", ""example_sentence"": ""শিক্ষার্থীরা উদাহরণে সিদ্ধান্তটি কার্যকারিতা যাচাই করতে পরীক্ষা করে দেখা অনুশীলন করে।""}, {""phrase"": ""কৌশলটি কার্যকারিতা যাচাই করতে পরীক্ষা করে দেখা"", ""example_sentence"": ""শিক্ষার্থীরা উদাহরণে কৌশলটি কার্যকারিতা যাচাই করতে পরীক্ষা করে দেখা অনুশীলন করে।""}]",try; test; evaluate; experiment with,use untested; avoid testing; skip evaluation,A2,"03 - Plans, Decisions & Strategy","At work, Jonah had to test out.","কর্মক্ষেত্রে, জোনাহকে কার্যকারিতা যাচাই করতে পরীক্ষা করে দেখা প্রয়োজন হয়েছিল।","realistic workplace scene matching the sentence, detailed environment and natural light. Realistic contemporary setting, natural lighting, clear facial expressions, accurate everyday details, documentary photography style.","[""Leila had to test out before lunch."", ""We decided to test out during the meeting."", ""They want to test out this week.""]"
Phrasal Verb,think ahead,/θɪŋk əhɛd/,THINK uh-HED,থিংক আহেড,To plan or consider future possibilities,ভবিষ্যৎ সম্ভাবনা নিয়ে পরিকল্পনা বা বিবেচনা করা,"[{""phrase"": ""think ahead on time"", ""example_sentence"": ""The team tried to think ahead on time so the schedule stayed clear.""}, {""phrase"": ""think ahead during the project"", ""example_sentence"": ""Things may think ahead during the project when the workload increases.""}, {""phrase"": ""think ahead without delay"", ""example_sentence"": ""Everyone was ready to think ahead without delay after the announcement.""}]","[{""phrase"": ""সময়মতো বিবেচনা করা"", ""example_sentence"": ""শিক্ষার্থীরা উদাহরণে সময়মতো বিবেচনা করা অনুশীলন করে।""}, {""phrase"": ""প্রকল্প চলাকালে বিবেচনা করা"", ""example_sentence"": ""শিক্ষার্থীরা উদাহরণে প্রকল্প চলাকালে বিবেচনা করা অনুশীলন করে।""}, {""phrase"": ""দেরি না করে বিবেচনা করা"", ""example_sentence"": ""শিক্ষার্থীরা উদাহরণে দেরি না করে বিবেচনা করা অনুশীলন করে।""}]",plan ahead; consider the future; look ahead,act shortsightedly; ignore the future; improvise,A2,"03 - Plans, Decisions & Strategy","At home, Leila decided to think ahead the school concert next Friday.",ব্যক্তিটি ভবিষ্যৎ সম্ভাবনা নিয়ে পরিকল্পনা বা বিবেচনা করা করেছিল।,"teenager at a bedroom desk smiling at a calendar with concert date circled, guitar nearby. Realistic contemporary setting, natural lighting, clear facial expressions, accurate everyday details, documentary photography style.","[""I think ahead the school concert next week."", ""They think ahead their holiday every summer."", ""Victor is already think ahead the training day.""]"
Phrasal Verb,think outside the box,/θɪŋk aʊtsaɪd ðə bɑks/,THINK OUT-syd thuh BOX,থিংক আউটসাইড দা বক্স,To approach problems in creative unconventional ways,সৃজনশীল ও প্রচলিত নয় এমনভাবে সমস্যা দেখা,"[{""phrase"": ""think outside the box the problem"", ""example_sentence"": ""The manager asked the team to think outside the box the problem before the deadline.""}, {""phrase"": ""think outside the box the answer"", ""example_sentence"": ""Students learned how to think outside the box the answer in a practical exercise.""}, {""phrase"": ""think outside the box the idea"", ""example_sentence"": ""We need to think outside the box the idea carefully before we move forward.""}]","[{""phrase"": ""সমস্যাটি সৃজনশীল ও প্রচলিত নয় এমনভাবে সমস্যা দেখা"", ""example_sentence"": ""শিক্ষার্থীরা উদাহরণে সমস্যাটি সৃজনশীল ও প্রচলিত নয় এমনভাবে সমস্যা দেখা অনুশীলন করে।""}, {""phrase"": ""উত্তরটি সৃজনশীল ও প্রচলিত নয় এমনভাবে সমস্যা দেখা"", ""example_sentence"": ""শিক্ষার্থীরা উদাহরণে উত্তরটি সৃজনশীল ও প্রচলিত নয় এমনভাবে সমস্যা দেখা অনুশীলন করে।""}, {""phrase"": ""ধারণাটি সৃজনশীল ও প্রচলিত নয় এমনভাবে সমস্যা দেখা"", ""example_sentence"": ""শিক্ষার্থীরা উদাহরণে ধারণাটি সৃজনশীল ও প্রচলিত নয় এমনভাবে সমস্যা দেখা অনুশীলন করে।""}]",think creatively; use a fresh approach; be innovative,think conventionally; follow routine thinking; be unimaginative,B2,"02 - Thinking, Learning & Understanding","In the research lab, Victor had to think outside the box.",ব্যক্তিটি সৃজনশীল ও প্রচলিত নয় এমনভাবে সমস্যা দেখা করেছিল।,"researchers around advanced equipment discussing a new approach. Realistic contemporary setting, natural lighting, clear facial expressions, accurate everyday details, documentary photography style.","[""The design team had to think outside the box to solve the problem."", ""Hana wanted to think outside the box instead of copying the old plan."", ""Small companies often think outside the box when markets change.""]"
Phrasal Verb,throw out,/θroʊ aʊt/,THROH out,থ্রো আউট,To discard; to dismiss an idea,ফেলে দেওয়া; কোনো ধারণা বাতিল করা,"[{""phrase"": ""throw out the issue"", ""example_sentence"": ""The manager asked the team to throw out the issue before the deadline.""}, {""phrase"": ""throw out the plan"", ""example_sentence"": ""Students learned how to throw out the plan in a practical exercise.""}, {""phrase"": ""throw out the task"", ""example_sentence"": ""We need to throw out the task carefully before we move forward.""}]","[{""phrase"": ""সমস্যাটি ফেলে দেওয়া"", ""example_sentence"": ""শিক্ষার্থীরা উদাহরণে সমস্যাটি ফেলে দেওয়া অনুশীলন করে।""}, {""phrase"": ""পরিকল্পনাটি ফেলে দেওয়া"", ""example_sentence"": ""শিক্ষার্থীরা উদাহরণে পরিকল্পনাটি ফেলে দেওয়া অনুশীলন করে।""}, {""phrase"": ""কাজটি ফেলে দেওয়া"", ""example_sentence"": ""শিক্ষার্থীরা উদাহরণে কাজটি ফেলে দেওয়া অনুশীলন করে।""}]",discard; reject; dismiss; remove,keep; consider; accept; retain,A2,"09 - Relationships, Feelings & Daily Life","At work, Hana had to throw out.","কর্মক্ষেত্রে, হানাকে ফেলে দেওয়া বা কোনো ধারণা বাতিল করা প্রয়োজন হয়েছিল।","realistic workplace scene matching the sentence, detailed environment and natural light. Realistic contemporary setting, natural lighting, clear facial expressions, accurate everyday details, documentary photography style.","[""Mason had to throw out before lunch."", ""We decided to throw out during the meeting."", ""They want to throw out this week.""]"
Phrasal Verb,tie in with,/taɪ ɪn wɪð/,TY een with,টাই ইন উইথ,To connect or be consistent with something,কোনো কিছুর সঙ্গে যুক্ত বা সামঞ্জস্যপূর্ণ হওয়া,"[{""phrase"": ""tie in with the problem"", ""example_sentence"": ""The manager asked the team to tie in with the problem before the deadline.""}, {""phrase"": ""tie in with the answer"", ""example_sentence"": ""Students learned how to tie in with the answer in a practical exercise.""}, {""phrase"": ""tie in with the idea"", ""example_sentence"": ""We need to tie in with the idea carefully before we move forward.""}]","[{""phrase"": ""সমস্যাটি সামঞ্জস্যপূর্ণ হওয়া"", ""example_sentence"": ""শিক্ষার্থীরা উদাহরণে সমস্যাটি সামঞ্জস্যপূর্ণ হওয়া অনুশীলন করে।""}, {""phrase"": ""উত্তরটি সামঞ্জস্যপূর্ণ হওয়া"", ""example_sentence"": ""শিক্ষার্থীরা উদাহরণে উত্তরটি সামঞ্জস্যপূর্ণ হওয়া অনুশীলন করে।""}, {""phrase"": ""ধারণাটি সামঞ্জস্যপূর্ণ হওয়া"", ""example_sentence"": ""শিক্ষার্থীরা উদাহরণে ধারণাটি সামঞ্জস্যপূর্ণ হওয়া অনুশীলন করে।""}]",connect with; match; be consistent with,conflict with; contradict; be unrelated,B1,"02 - Thinking, Learning & Understanding","During the day, Mason had to tie in with.","দিনের মধ্যে, মেসনকে কোনো কিছুর সঙ্গে যুক্ত বা সামঞ্জস্যপূর্ণ হওয়া প্রয়োজন হয়েছিল।","realistic daily-life scene matching the sentence, natural lighting, candid photography. Realistic contemporary setting, natural lighting, clear facial expressions, accurate everyday details, documentary photography style.","[""Nina had to tie in with before lunch."", ""We decided to tie in with during the meeting."", ""They want to tie in with this week.""]"
Phrasal Verb,touch base,/tʌtʃ beɪs/,TOOHCH BAYS,টাচ বেইস,To briefly make contact with someone,সংক্ষেপে যোগাযোগ করা বা খোঁজ নেওয়া,"[{""phrase"": ""touch base on time"", ""example_sentence"": ""The team tried to touch base on time so the schedule stayed clear.""}, {""phrase"": ""touch base during the project"", ""example_sentence"": ""Things may touch base during the project when the workload increases.""}, {""phrase"": ""touch base without delay"", ""example_sentence"": ""Everyone was ready to touch base without delay after the announcement.""}]","[{""phrase"": ""সময়মতো সংক্ষেপে যোগাযোগ করা"", ""example_sentence"": ""শিক্ষার্থীরা উদাহরণে সময়মতো সংক্ষেপে যোগাযোগ করা অনুশীলন করে।""}, {""phrase"": ""প্রকল্প চলাকালে সংক্ষেপে যোগাযোগ করা"", ""example_sentence"": ""শিক্ষার্থীরা উদাহরণে প্রকল্প চলাকালে সংক্ষেপে যোগাযোগ করা অনুশীলন করে।""}, {""phrase"": ""দেরি না করে সংক্ষেপে যোগাযোগ করা"", ""example_sentence"": ""শিক্ষার্থীরা উদাহরণে দেরি না করে সংক্ষেপে যোগাযোগ করা অনুশীলন করে।""}]",check in; make brief contact; reconnect,avoid contact; ignore; lose touch,A2,01 - Communication & Discussion,"During the project, Nina had to touch base.","প্রকল্প চলাকালে, নিনাকে সংক্ষেপে যোগাযোগ করা বা খোঁজ নেওয়া প্রয়োজন হয়েছিল।","team chat and meeting scene where updates are shared clearly. Realistic contemporary setting, natural lighting, clear facial expressions, accurate everyday details, documentary photography style.","[""Please touch base with me after the call."", ""Adam tried to touch base before rumors spread."", ""The update helped everyone touch base.""]"
Phrasal Verb,track down,/træk daʊn/,TRAK DOWN,ট্র্যাক ডাউন,To find after a search,খোঁজাখুঁজি করে খুঁজে বের করা,"[{""phrase"": ""track down the problem"", ""example_sentence"": ""The manager asked the team to track down the problem before the deadline.""}, {""phrase"": ""track down the answer"", ""example_sentence"": ""Students learned how to track down the answer in a practical exercise.""}, {""phrase"": ""track down the idea"", ""example_sentence"": ""We need to track down the idea carefully before we move forward.""}]","[{""phrase"": ""সমস্যাটি খোঁজাখুঁজি করে খুঁজে বের করা"", ""example_sentence"": ""শিক্ষার্থীরা উদাহরণে সমস্যাটি খোঁজাখুঁজি করে খুঁজে বের করা অনুশীলন করে।""}, {""phrase"": ""উত্তরটি খোঁজাখুঁজি করে খুঁজে বের করা"", ""example_sentence"": ""শিক্ষার্থীরা উদাহরণে উত্তরটি খোঁজাখুঁজি করে খুঁজে বের করা অনুশীলন করে।""}, {""phrase"": ""ধারণাটি খোঁজাখুঁজি করে খুঁজে বের করা"", ""example_sentence"": ""শিক্ষার্থীরা উদাহরণে ধারণাটি খোঁজাখুঁজি করে খুঁজে বের করা অনুশীলন করে।""}]",find after searching; locate; trace,lose; fail to find; overlook,A2,"02 - Thinking, Learning & Understanding","At work, Adam had to track down.","কর্মক্ষেত্রে, আদমকে খোঁজাখুঁজি করে খুঁজে বের করা প্রয়োজন হয়েছিল।","realistic workplace scene matching the sentence, detailed environment and natural light. Realistic contemporary setting, natural lighting, clear facial expressions, accurate everyday details, documentary photography style.","[""Emma had to track down before lunch."", ""We decided to track down during the meeting."", ""They want to track down this week.""]"
Phrasal Verb,trigger off,/trɪɡɚ ɔf/,TRIGGER AWF,ট্রিগার অফ,To cause something to happen,কোনো কিছু ঘটিয়ে দেওয়া,"[{""phrase"": ""trigger off the issue"", ""example_sentence"": ""The manager asked the team to trigger off the issue before the deadline.""}, {""phrase"": ""trigger off the plan"", ""example_sentence"": ""Students learned how to trigger off the plan in a practical exercise.""}, {""phrase"": ""trigger off the task"", ""example_sentence"": ""We need to trigger off the task carefully before we move forward.""}]","[{""phrase"": ""সমস্যাটি কিছু ঘটিয়ে দেওয়া"", ""example_sentence"": ""শিক্ষার্থীরা উদাহরণে সমস্যাটি কিছু ঘটিয়ে দেওয়া অনুশীলন করে।""}, {""phrase"": ""পরিকল্পনাটি কিছু ঘটিয়ে দেওয়া"", ""example_sentence"": ""শিক্ষার্থীরা উদাহরণে পরিকল্পনাটি কিছু ঘটিয়ে দেওয়া অনুশীলন করে।""}, {""phrase"": ""কাজটি কিছু ঘটিয়ে দেওয়া"", ""example_sentence"": ""শিক্ষার্থীরা উদাহরণে কাজটি কিছু ঘটিয়ে দেওয়া অনুশীলন করে।""}]",cause; set off; spark,prevent; stop; defuse,A2,"08 - Change, Growth, Rules & Control","During the day, Emma had to trigger off.","দিনের মধ্যে, এমাকে কোনো কিছু ঘটিয়ে দেওয়া প্রয়োজন হয়েছিল।","realistic daily-life scene matching the sentence, natural lighting, candid photography. Realistic contemporary setting, natural lighting, clear facial expressions, accurate everyday details, documentary photography style.","[""Noah had to trigger off before lunch."", ""We decided to trigger off during the meeting."", ""They want to trigger off this week.""]"
Phrasal Verb,try on,/traɪ ɑn/,TRY on,ট্রাই অন,To wear something to see if it fits,ফিট করে কি না দেখতে পোশাক পরে দেখা,"[{""phrase"": ""try on the issue"", ""example_sentence"": ""The manager asked the team to try on the issue before the deadline.""}, {""phrase"": ""try on the plan"", ""example_sentence"": ""Students learned how to try on the plan in a practical exercise.""}, {""phrase"": ""try on the task"", ""example_sentence"": ""We need to try on the task carefully before we move forward.""}]","[{""phrase"": ""সমস্যাটি ফিট করে কি না দেখতে পোশাক পরে দেখা"", ""example_sentence"": ""শিক্ষার্থীরা উদাহরণে সমস্যাটি ফিট করে কি না দেখতে পোশাক পরে দেখা অনুশীলন করে।""}, {""phrase"": ""পরিকল্পনাটি ফিট করে কি না দেখতে পোশাক পরে দেখা"", ""example_sentence"": ""শিক্ষার্থীরা উদাহরণে পরিকল্পনাটি ফিট করে কি না দেখতে পোশাক পরে দেখা অনুশীলন করে।""}, {""phrase"": ""কাজটি ফিট করে কি না দেখতে পোশাক পরে দেখা"", ""example_sentence"": ""শিক্ষার্থীরা উদাহরণে কাজটি ফিট করে কি না দেখতে পোশাক পরে দেখা অনুশীলন করে।""}]",test the fit; put on briefly; sample clothing,take off; reject; buy without trying,A2,"09 - Relationships, Feelings & Daily Life","After school, Noah had to try on.","স্কুলের পর, নোয়াকে ফিট করে কি না দেখতে পোশাক পরে দেখা প্রয়োজন হয়েছিল।","realistic school scene matching the sentence, clear action and natural colors. Realistic contemporary setting, natural lighting, clear facial expressions, accurate everyday details, documentary photography style.","[""Mia had to try on before lunch."", ""We decided to try on during the meeting."", ""They want to try on this week.""]"
Phrasal Verb,turn back,/tɝn bæk/,TURN BACK,টার্ন ব্যাক,To return the way one came; to reverse direction,যে পথে এসেছে সে পথে ফিরে যাওয়া; দিক উল্টানো,"[{""phrase"": ""turn back on time"", ""example_sentence"": ""The team tried to turn back on time so the schedule stayed clear.""}, {""phrase"": ""turn back during the project"", ""example_sentence"": ""Things may turn back during the project when the workload increases.""}, {""phrase"": ""turn back without delay"", ""example_sentence"": ""Everyone was ready to turn back without delay after the announcement.""}]","[{""phrase"": ""সময়মতো যে পথে এসেছে সে পথে ফিরে যাওয়া; দিক উল্টানো"", ""example_sentence"": ""শিক্ষার্থীরা উদাহরণে সময়মতো যে পথে এসেছে সে পথে ফিরে যাওয়া; দিক উল্টানো অনুশীলন করে।""}, {""phrase"": ""প্রকল্প চলাকালে যে পথে এসেছে সে পথে ফিরে যাওয়া; দিক উল্টানো"", ""example_sentence"": ""শিক্ষার্থীরা উদাহরণে প্রকল্প চলাকালে যে পথে এসেছে সে পথে ফিরে যাওয়া; দিক উল্টানো অনুশীলন করে।""}, {""phrase"": ""দেরি না করে যে পথে এসেছে সে পথে ফিরে যাওয়া; দিক উল্টানো"", ""example_sentence"": ""শিক্ষার্থীরা উদাহরণে দেরি না করে যে পথে এসেছে সে পথে ফিরে যাওয়া; দিক উল্টানো অনুশীলন করে।""}]",return; reverse direction; go back,continue forward; proceed; press on,A2,"10 - Money, Business, Technology & Movement","Before dinner, Mia had to turn back a neighbor's house to drop off a book.","রাতের খাবারের আগে, মিয়াকে একটি বই দিয়ে আসতে প্রতিবেশীর বাড়ি যে পথে এসেছে সে পথে ফিরে যাওয়া বা দিক উল্টানো প্রয়োজন হয়েছিল।","friendly residential doorway visit, one person holding a book at the door. Realistic contemporary setting, natural lighting, clear facial expressions, accurate everyday details, documentary photography style.","[""I might turn back the office after lunch."", ""Aisha plans to turn back her aunt on Sunday."", ""Please turn back the library if you have time.""]"
Phrasal Verb,unwind,/ənwaɪnd/,un-WYND,আন্ওয়াইন্ড,To relax after stress; to undo something coiled,চাপের পর বিশ্রাম নেওয়া; প্যাঁচানো কিছু খুলে দেওয়া,"[{""phrase"": ""unwind on time"", ""example_sentence"": ""The team tried to unwind on time so the schedule stayed clear.""}, {""phrase"": ""unwind during the project"", ""example_sentence"": ""Things may unwind during the project when the workload increases.""}, {""phrase"": ""unwind without delay"", ""example_sentence"": ""Everyone was ready to unwind without delay after the announcement.""}]","[{""phrase"": ""সময়মতো চাপের পর বিশ্রাম নেওয়া"", ""example_sentence"": ""শিক্ষার্থীরা উদাহরণে সময়মতো চাপের পর বিশ্রাম নেওয়া অনুশীলন করে।""}, {""phrase"": ""প্রকল্প চলাকালে চাপের পর বিশ্রাম নেওয়া"", ""example_sentence"": ""শিক্ষার্থীরা উদাহরণে প্রকল্প চলাকালে চাপের পর বিশ্রাম নেওয়া অনুশীলন করে।""}, {""phrase"": ""দেরি না করে চাপের পর বিশ্রাম নেওয়া"", ""example_sentence"": ""শিক্ষার্থীরা উদাহরণে দেরি না করে চাপের পর বিশ্রাম নেওয়া অনুশীলন করে।""}]",relax; loosen; undo,tense up; wind up; stress out,A2,"09 - Relationships, Feelings & Daily Life","After two missed deadlines, Daniel had to unwind.","দুটি সময়সীমা মিস করার পর, ড্যানিয়েলকে চাপের পর বিশ্রাম নেওয়া বা প্যাঁচানো কিছু খুলে দেওয়া প্রয়োজন হয়েছিল।","employee in a tense office conversation after missing deadlines. Realistic contemporary setting, natural lighting, clear facial expressions, accurate everyday details, documentary photography style.","[""Aisha had to unwind when the safe option was gone."", ""The team felt nervous but chose to unwind."", ""After the warning, he knew he was unwind.""]"
Phrasal Verb,update on,/əpdeɪt ɑn/,UP-dayt on,আপ্ডেইট অন,To provide the latest information about something,কোনো বিষয়ে সর্বশেষ তথ্য দেওয়া,"[{""phrase"": ""update on a topic"", ""example_sentence"": ""The manager asked the team to update on a topic before the deadline.""}, {""phrase"": ""update on an issue"", ""example_sentence"": ""Students learned how to update on an issue in a practical exercise.""}, {""phrase"": ""update on the message"", ""example_sentence"": ""We need to update on the message carefully before we move forward.""}]","[{""phrase"": ""একটি বিষয় বিষয়ে সর্বশেষ তথ্য দেওয়া"", ""example_sentence"": ""শিক্ষার্থীরা উদাহরণে একটি বিষয় বিষয়ে সর্বশেষ তথ্য দেওয়া অনুশীলন করে।""}, {""phrase"": ""একটি সমস্যা বিষয়ে সর্বশেষ তথ্য দেওয়া"", ""example_sentence"": ""শিক্ষার্থীরা উদাহরণে একটি সমস্যা বিষয়ে সর্বশেষ তথ্য দেওয়া অনুশীলন করে।""}, {""phrase"": ""বার্তাটি বিষয়ে সর্বশেষ তথ্য দেওয়া"", ""example_sentence"": ""শিক্ষার্থীরা উদাহরণে বার্তাটি বিষয়ে সর্বশেষ তথ্য দেওয়া অনুশীলন করে।""}]",inform about latest news; brief; give an update,leave uninformed; withhold updates,A2,01 - Communication & Discussion,"During the project, Aisha had to update on.","প্রকল্প চলাকালে, আইশাকে কোনো বিষয়ে সর্বশেষ তথ্য দেওয়া প্রয়োজন হয়েছিল।","team chat and meeting scene where updates are shared clearly. Realistic contemporary setting, natural lighting, clear facial expressions, accurate everyday details, documentary photography style.","[""Please update on with me after the call."", ""Lucas tried to update on before rumors spread."", ""The update helped everyone update on.""]"
Phrasal Verb,warm up,/wɔrm ʌp/,WARM up,ওয়র্ম আপ,To prepare physically; to become friendlier,শরীর বা মন প্রস্তুত করা; আরও বন্ধুসুলভ হওয়া,"[{""phrase"": ""warm up on time"", ""example_sentence"": ""The team tried to warm up on time so the schedule stayed clear.""}, {""phrase"": ""warm up during the project"", ""example_sentence"": ""Things may warm up during the project when the workload increases.""}, {""phrase"": ""warm up without delay"", ""example_sentence"": ""Everyone was ready to warm up without delay after the announcement.""}]","[{""phrase"": ""সময়মতো মন প্রস্তুত করা"", ""example_sentence"": ""শিক্ষার্থীরা উদাহরণে সময়মতো মন প্রস্তুত করা অনুশীলন করে।""}, {""phrase"": ""প্রকল্প চলাকালে মন প্রস্তুত করা"", ""example_sentence"": ""শিক্ষার্থীরা উদাহরণে প্রকল্প চলাকালে মন প্রস্তুত করা অনুশীলন করে।""}, {""phrase"": ""দেরি না করে মন প্রস্তুত করা"", ""example_sentence"": ""শিক্ষার্থীরা উদাহরণে দেরি না করে মন প্রস্তুত করা অনুশীলন করে।""}]",prepare; loosen up; become friendlier,cool down; stay unprepared; become distant,A2,"09 - Relationships, Feelings & Daily Life","At work, Lucas had to warm up.","কর্মক্ষেত্রে, লুকাসকে শরীর বা মন প্রস্তুত করা বা আরও বন্ধুসুলভ হওয়া প্রয়োজন হয়েছিল।","realistic workplace scene matching the sentence, detailed environment and natural light. Realistic contemporary setting, natural lighting, clear facial expressions, accurate everyday details, documentary photography style.","[""Sofia had to warm up before lunch."", ""We decided to warm up during the meeting."", ""They want to warm up this week.""]"
Phrasal Verb,weigh up,/weɪ ʌp/,WAY up,ওয়ে আপ,To consider the pros and cons carefully,ভালো-মন্দ সতর্কভাবে বিবেচনা করা,"[{""phrase"": ""weigh up a plan"", ""example_sentence"": ""The manager asked the team to weigh up a plan before the deadline.""}, {""phrase"": ""weigh up the decision"", ""example_sentence"": ""Students learned how to weigh up the decision in a practical exercise.""}, {""phrase"": ""weigh up the strategy"", ""example_sentence"": ""We need to weigh up the strategy carefully before we move forward.""}]","[{""phrase"": ""একটি পরিকল্পনা ভালো-মন্দ সতর্কভাবে বিবেচনা করা"", ""example_sentence"": ""শিক্ষার্থীরা উদাহরণে একটি পরিকল্পনা ভালো-মন্দ সতর্কভাবে বিবেচনা করা অনুশীলন করে।""}, {""phrase"": ""সিদ্ধান্তটি ভালো-মন্দ সতর্কভাবে বিবেচনা করা"", ""example_sentence"": ""শিক্ষার্থীরা উদাহরণে সিদ্ধান্তটি ভালো-মন্দ সতর্কভাবে বিবেচনা করা অনুশীলন করে।""}, {""phrase"": ""কৌশলটি ভালো-মন্দ সতর্কভাবে বিবেচনা করা"", ""example_sentence"": ""শিক্ষার্থীরা উদাহরণে কৌশলটি ভালো-মন্দ সতর্কভাবে বিবেচনা করা অনুশীলন করে।""}]",consider carefully; compare pros and cons; evaluate,ignore; rush; decide blindly,A2,"03 - Plans, Decisions & Strategy","During the day, Sofia had to weigh up.","দিনের মধ্যে, সোফিয়াকে ভালো-মন্দ সতর্কভাবে বিবেচনা করা প্রয়োজন হয়েছিল।","realistic daily-life scene matching the sentence, natural lighting, candid photography. Realistic contemporary setting, natural lighting, clear facial expressions, accurate everyday details, documentary photography style.","[""Ethan had to weigh up before lunch."", ""We decided to weigh up during the meeting."", ""They want to weigh up this week.""]"
Phrasal Verb,work on,/wɝk ɑn/,WERK on,ওয়ার্ক অন,To spend time improving or developing something,সময় দিয়ে উন্নতি করা বা তৈরি করা,"[{""phrase"": ""work on the task"", ""example_sentence"": ""The manager asked the team to work on the task before the deadline.""}, {""phrase"": ""work on the project"", ""example_sentence"": ""Students learned how to work on the project in a practical exercise.""}, {""phrase"": ""work on the deadline"", ""example_sentence"": ""We need to work on the deadline carefully before we move forward.""}]","[{""phrase"": ""কাজটি সময় দিয়ে উন্নতি করা"", ""example_sentence"": ""শিক্ষার্থীরা উদাহরণে কাজটি সময় দিয়ে উন্নতি করা অনুশীলন করে।""}, {""phrase"": ""প্রকল্পটি সময় দিয়ে উন্নতি করা"", ""example_sentence"": ""শিক্ষার্থীরা উদাহরণে প্রকল্পটি সময় দিয়ে উন্নতি করা অনুশীলন করে।""}, {""phrase"": ""সময়সীমাটি সময় দিয়ে উন্নতি করা"", ""example_sentence"": ""শিক্ষার্থীরা উদাহরণে সময়সীমাটি সময় দিয়ে উন্নতি করা অনুশীলন করে।""}]",improve; develop; spend time on,neglect; ignore; let decline,A2,"04 - Work, Responsibility & Productivity","After school, Ethan had to work on.","স্কুলের পর, ইথানকে সময় দিয়ে উন্নতি করা বা তৈরি করা প্রয়োজন হয়েছিল।","realistic school scene matching the sentence, clear action and natural colors. Realistic contemporary setting, natural lighting, clear facial expressions, accurate everyday details, documentary photography style.","[""Lina had to work on before lunch."", ""We decided to work on during the meeting."", ""They want to work on this week.""]"
Phrasal Verb,work toward,/wɝk təwɔrd/,WERK TUH-word,ওয়ার্ক টাওয়র্ড,To make progress in the direction of a goal,লক্ষ্যের দিকে অগ্রগতি করা,"[{""phrase"": ""work toward the issue"", ""example_sentence"": ""The manager asked the team to work toward the issue before the deadline.""}, {""phrase"": ""work toward the plan"", ""example_sentence"": ""Students learned how to work toward the plan in a practical exercise.""}, {""phrase"": ""work toward the task"", ""example_sentence"": ""We need to work toward the task carefully before we move forward.""}]","[{""phrase"": ""সমস্যাটি লক্ষ্যের দিকে অগ্রগতি করা"", ""example_sentence"": ""শিক্ষার্থীরা উদাহরণে সমস্যাটি লক্ষ্যের দিকে অগ্রগতি করা অনুশীলন করে।""}, {""phrase"": ""পরিকল্পনাটি লক্ষ্যের দিকে অগ্রগতি করা"", ""example_sentence"": ""শিক্ষার্থীরা উদাহরণে পরিকল্পনাটি লক্ষ্যের দিকে অগ্রগতি করা অনুশীলন করে।""}, {""phrase"": ""কাজটি লক্ষ্যের দিকে অগ্রগতি করা"", ""example_sentence"": ""শিক্ষার্থীরা উদাহরণে কাজটি লক্ষ্যের দিকে অগ্রগতি করা অনুশীলন করে।""}]",pursue; make progress toward; aim for,abandon; move away from; give up,A2,"06 - Progress, Success & Results","At work, Lina had to work toward.","কর্মক্ষেত্রে, লিনাকে লক্ষ্যের দিকে অগ্রগতি করা প্রয়োজন হয়েছিল।","realistic workplace scene matching the sentence, detailed environment and natural light. Realistic contemporary setting, natural lighting, clear facial expressions, accurate everyday details, documentary photography style.","[""Omar had to work toward before lunch."", ""We decided to work toward during the meeting."", ""They want to work toward this week.""]"
Phrasal Verb,zero out,/zɪroʊ aʊt/,ZEEROH out,জিরো আউট,To reduce to zero; to reset,শূন্যে নামিয়ে আনা; রিসেট করা,"[{""phrase"": ""zero out the issue"", ""example_sentence"": ""The manager asked the team to zero out the issue before the deadline.""}, {""phrase"": ""zero out the plan"", ""example_sentence"": ""Students learned how to zero out the plan in a practical exercise.""}, {""phrase"": ""zero out the task"", ""example_sentence"": ""We need to zero out the task carefully before we move forward.""}]","[{""phrase"": ""সমস্যাটি রিসেট করা"", ""example_sentence"": ""শিক্ষার্থীরা উদাহরণে সমস্যাটি রিসেট করা অনুশীলন করে।""}, {""phrase"": ""পরিকল্পনাটি রিসেট করা"", ""example_sentence"": ""শিক্ষার্থীরা উদাহরণে পরিকল্পনাটি রিসেট করা অনুশীলন করে।""}, {""phrase"": ""কাজটি রিসেট করা"", ""example_sentence"": ""শিক্ষার্থীরা উদাহরণে কাজটি রিসেট করা অনুশীলন করে।""}]",reset to zero; reduce to nothing; clear,increase; add value; leave unchanged,A2,"08 - Change, Growth, Rules & Control","To save money, Omar decided to zero out on taxi rides this month.","টাকা বাঁচাতে, ওমর ট্যাক্সি ভ্রমণ এই মাসে শূন্যে নামিয়ে আনা বা রিসেট করার সিদ্ধান্ত নিয়েছিল।","young adult checking a budget app while choosing to walk down a city street. Realistic contemporary setting, natural lighting, clear facial expressions, accurate everyday details, documentary photography style.","[""The family wants to zero out on waste this month."", ""Hassan decided to zero out after looking at the bill."", ""We need to zero out before the exam week.""]"
Phrasal Verb,pull out,/pʊl aʊt/,PULL out,পুল আউট,To withdraw from a commitment or situation,অঙ্গীকার বা পরিস্থিতি থেকে সরে আসা,"[{""phrase"": ""pull out on time"", ""example_sentence"": ""The team tried to pull out on time so the schedule stayed clear.""}, {""phrase"": ""pull out during the project"", ""example_sentence"": ""Things may pull out during the project when the workload increases.""}, {""phrase"": ""pull out without delay"", ""example_sentence"": ""Everyone was ready to pull out without delay after the announcement.""}]","[{""phrase"": ""সময়মতো অঙ্গীকার বা পরিস্থিতি থেকে সরে আসা"", ""example_sentence"": ""শিক্ষার্থীরা উদাহরণে সময়মতো অঙ্গীকার বা পরিস্থিতি থেকে সরে আসা অনুশীলন করে।""}, {""phrase"": ""প্রকল্প চলাকালে অঙ্গীকার বা পরিস্থিতি থেকে সরে আসা"", ""example_sentence"": ""শিক্ষার্থীরা উদাহরণে প্রকল্প চলাকালে অঙ্গীকার বা পরিস্থিতি থেকে সরে আসা অনুশীলন করে।""}, {""phrase"": ""দেরি না করে অঙ্গীকার বা পরিস্থিতি থেকে সরে আসা"", ""example_sentence"": ""শিক্ষার্থীরা উদাহরণে দেরি না করে অঙ্গীকার বা পরিস্থিতি থেকে সরে আসা অনুশীলন করে।""}]",withdraw; leave; remove,join; commit; stay in,A2,"03 - Plans, Decisions & Strategy",One sponsor pulled out of the school event at the last minute.,One অঙ্গীকার বা পরিস্থিতি থেকে সরে আসা করেছিল।,"Event planning team reacting to a sponsor withdrawing, budget papers and posters on a table, realistic meeting scene.","[""They may pull out of the deal if the cost rises."", ""The driver pulled out of the parking space slowly."", ""She did not want to pull out after all the planning.""]"
Phrasal Verb,come forward,/kʌm fɔrwɚd/,KUM FOR-werd,কাম ফরওয়ার্ড,To volunteer information or offer help,তথ্য দিতে বা সাহায্য করতে এগিয়ে আসা,"[{""phrase"": ""come forward on time"", ""example_sentence"": ""The team tried to come forward on time so the schedule stayed clear.""}, {""phrase"": ""come forward during the project"", ""example_sentence"": ""Things may come forward during the project when the workload increases.""}, {""phrase"": ""come forward without delay"", ""example_sentence"": ""Everyone was ready to come forward without delay after the announcement.""}]","[{""phrase"": ""সময়মতো তথ্য দিতে বা সাহায্য করতে এগিয়ে আসা"", ""example_sentence"": ""শিক্ষার্থীরা উদাহরণে সময়মতো তথ্য দিতে বা সাহায্য করতে এগিয়ে আসা অনুশীলন করে।""}, {""phrase"": ""প্রকল্প চলাকালে তথ্য দিতে বা সাহায্য করতে এগিয়ে আসা"", ""example_sentence"": ""শিক্ষার্থীরা উদাহরণে প্রকল্প চলাকালে তথ্য দিতে বা সাহায্য করতে এগিয়ে আসা অনুশীলন করে।""}, {""phrase"": ""দেরি না করে তথ্য দিতে বা সাহায্য করতে এগিয়ে আসা"", ""example_sentence"": ""শিক্ষার্থীরা উদাহরণে দেরি না করে তথ্য দিতে বা সাহায্য করতে এগিয়ে আসা অনুশীলন করে।""}]",volunteer; offer information; step forward,stay silent; hide; hold back,A2,01 - Communication & Discussion,"After the news spread, Hassan had to come forward.","খবরটি ছড়িয়ে পড়ার পর, হাসানকে তথ্য দিতে বা সাহায্য করতে এগিয়ে আসা প্রয়োজন হয়েছিল।","people discussing information in a realistic office or school hallway. Realistic contemporary setting, natural lighting, clear facial expressions, accurate everyday details, documentary photography style.","[""Please come forward with me after the call."", ""Nora tried to come forward before rumors spread."", ""The update helped everyone come forward.""]"
Phrasal Verb,back down,/bæk daʊn/,BACK DOWN,ব্যাক ডাউন,To withdraw a claim or stop insisting,দাবি প্রত্যাহার করা বা জেদ ছেড়ে দেওয়া,"[{""phrase"": ""back down on time"", ""example_sentence"": ""The team tried to back down on time so the schedule stayed clear.""}, {""phrase"": ""back down during the project"", ""example_sentence"": ""Things may back down during the project when the workload increases.""}, {""phrase"": ""back down without delay"", ""example_sentence"": ""Everyone was ready to back down without delay after the announcement.""}]","[{""phrase"": ""সময়মতো দাবি প্রত্যাহার করা"", ""example_sentence"": ""শিক্ষার্থীরা উদাহরণে সময়মতো দাবি প্রত্যাহার করা অনুশীলন করে।""}, {""phrase"": ""প্রকল্প চলাকালে দাবি প্রত্যাহার করা"", ""example_sentence"": ""শিক্ষার্থীরা উদাহরণে প্রকল্প চলাকালে দাবি প্রত্যাহার করা অনুশীলন করে।""}, {""phrase"": ""দেরি না করে দাবি প্রত্যাহার করা"", ""example_sentence"": ""শিক্ষার্থীরা উদাহরণে দেরি না করে দাবি প্রত্যাহার করা অনুশীলন করে।""}]",withdraw; stop insisting; yield,stand firm; insist; hold one's ground,A2,01 - Communication & Discussion,"During the day, Nora had to back down.","দিনের মধ্যে, নোরাকে দাবি প্রত্যাহার করা বা জেদ ছেড়ে দেওয়া প্রয়োজন হয়েছিল।","realistic daily-life scene matching the sentence, natural lighting, candid photography. Realistic contemporary setting, natural lighting, clear facial expressions, accurate everyday details, documentary photography style.","[""Ben had to back down before lunch."", ""We decided to back down during the meeting."", ""They want to back down this week.""]"
Phrasal Verb,cash in on,/kæʃ ɪn ɑn/,CASH een on,ক্যাশ ইন অন,To take advantage of an opportunity,সুযোগের সুবিধা নেওয়া,"[{""phrase"": ""cash in on the cost"", ""example_sentence"": ""The manager asked the team to cash in on the cost before the deadline.""}, {""phrase"": ""cash in on the budget"", ""example_sentence"": ""Students learned how to cash in on the budget in a practical exercise.""}, {""phrase"": ""cash in on the price"", ""example_sentence"": ""We need to cash in on the price carefully before we move forward.""}]","[{""phrase"": ""খরচটি সুযোগের সুবিধা নেওয়া"", ""example_sentence"": ""শিক্ষার্থীরা উদাহরণে খরচটি সুযোগের সুবিধা নেওয়া অনুশীলন করে।""}, {""phrase"": ""বাজেটটি সুযোগের সুবিধা নেওয়া"", ""example_sentence"": ""শিক্ষার্থীরা উদাহরণে বাজেটটি সুযোগের সুবিধা নেওয়া অনুশীলন করে।""}, {""phrase"": ""দামটি সুযোগের সুবিধা নেওয়া"", ""example_sentence"": ""শিক্ষার্থীরা উদাহরণে দামটি সুযোগের সুবিধা নেওয়া অনুশীলন করে।""}]",take advantage of; profit from; benefit from,miss the opportunity; waste; fail to benefit,B1,"10 - Money, Business, Technology & Movement","After school, Ben had to cash in on.","স্কুলের পর, বেনকে সুযোগের সুবিধা নেওয়া প্রয়োজন হয়েছিল।","realistic school scene matching the sentence, clear action and natural colors. Realistic contemporary setting, natural lighting, clear facial expressions, accurate everyday details, documentary photography style.","[""Sara had to cash in on before lunch."", ""We decided to cash in on during the meeting."", ""They want to cash in on this week.""]"
Phrasal Verb,tie up,/taɪ ʌp/,TY up,টাই আপ,To finalize details; to keep busy; to bind,বিস্তারিত বিষয় চূড়ান্ত করা; ব্যস্ত রাখা; বেঁধে রাখা,"[{""phrase"": ""tie up a plan"", ""example_sentence"": ""The manager asked the team to tie up a plan before the deadline.""}, {""phrase"": ""tie up the decision"", ""example_sentence"": ""Students learned how to tie up the decision in a practical exercise.""}, {""phrase"": ""tie up the strategy"", ""example_sentence"": ""We need to tie up the strategy carefully before we move forward.""}]","[{""phrase"": ""একটি পরিকল্পনা বিস্তারিত বিষয় চূড়ান্ত করা"", ""example_sentence"": ""শিক্ষার্থীরা উদাহরণে একটি পরিকল্পনা বিস্তারিত বিষয় চূড়ান্ত করা অনুশীলন করে।""}, {""phrase"": ""সিদ্ধান্তটি বিস্তারিত বিষয় চূড়ান্ত করা"", ""example_sentence"": ""শিক্ষার্থীরা উদাহরণে সিদ্ধান্তটি বিস্তারিত বিষয় চূড়ান্ত করা অনুশীলন করে।""}, {""phrase"": ""কৌশলটি বিস্তারিত বিষয় চূড়ান্ত করা"", ""example_sentence"": ""শিক্ষার্থীরা উদাহরণে কৌশলটি বিস্তারিত বিষয় চূড়ান্ত করা অনুশীলন করে।""}]",finalize; occupy; bind,leave open; free up; untie,A2,"03 - Plans, Decisions & Strategy","At work, Sara had to tie up.","কর্মক্ষেত্রে, সারাকে বিস্তারিত বিষয় চূড়ান্ত করা বা ব্যস্ত রাখা বা বেঁধে রাখা প্রয়োজন হয়েছিল।","realistic workplace scene matching the sentence, detailed environment and natural light. Realistic contemporary setting, natural lighting, clear facial expressions, accurate everyday details, documentary photography style.","[""Leo had to tie up before lunch."", ""We decided to tie up during the meeting."", ""They want to tie up this week.""]"
Phrasal Verb,push forward,/pʊʃ fɔrwɚd/,POOSH FOR-werd,পুশ ফরওয়ার্ড,To continue making progress,অগ্রগতি চালিয়ে যাওয়া,"[{""phrase"": ""push forward on time"", ""example_sentence"": ""The team tried to push forward on time so the schedule stayed clear.""}, {""phrase"": ""push forward during the project"", ""example_sentence"": ""Things may push forward during the project when the workload increases.""}, {""phrase"": ""push forward without delay"", ""example_sentence"": ""Everyone was ready to push forward without delay after the announcement.""}]","[{""phrase"": ""সময়মতো অগ্রগতি চালিয়ে যাওয়া"", ""example_sentence"": ""শিক্ষার্থীরা উদাহরণে সময়মতো অগ্রগতি চালিয়ে যাওয়া অনুশীলন করে।""}, {""phrase"": ""প্রকল্প চলাকালে অগ্রগতি চালিয়ে যাওয়া"", ""example_sentence"": ""শিক্ষার্থীরা উদাহরণে প্রকল্প চলাকালে অগ্রগতি চালিয়ে যাওয়া অনুশীলন করে।""}, {""phrase"": ""দেরি না করে অগ্রগতি চালিয়ে যাওয়া"", ""example_sentence"": ""শিক্ষার্থীরা উদাহরণে দেরি না করে অগ্রগতি চালিয়ে যাওয়া অনুশীলন করে।""}]",advance; continue; move ahead,pull back; retreat; stop,A2,"06 - Progress, Success & Results","After lunch, Leo decided to push forward with the science project.","দুপুরের খাবারের পর, লিও বিজ্ঞান প্রকল্পটি অগ্রগতি চালিয়ে যাওয়ার সিদ্ধান্ত নিয়েছিল।","school lab with students continuing an experiment, notebooks and simple lab tools on a bench. Realistic contemporary setting, natural lighting, clear facial expressions, accurate everyday details, documentary photography style.","[""Please push forward with your reading."", ""The workers push forward after the short break."", ""David had to push forward despite the noise.""]"
Phrasal Verb,run up,/rʌn ʌp/,RUN up,রান আপ,To accumulate a debt or bill rapidly,ঋণ বা বিল দ্রুত জমা করা,"[{""phrase"": ""run up on time"", ""example_sentence"": ""The team tried to run up on time so the schedule stayed clear.""}, {""phrase"": ""run up during the project"", ""example_sentence"": ""Things may run up during the project when the workload increases.""}, {""phrase"": ""run up without delay"", ""example_sentence"": ""Everyone was ready to run up without delay after the announcement.""}]","[{""phrase"": ""সময়মতো বিল দ্রুত জমা করা"", ""example_sentence"": ""শিক্ষার্থীরা উদাহরণে সময়মতো বিল দ্রুত জমা করা অনুশীলন করে।""}, {""phrase"": ""প্রকল্প চলাকালে বিল দ্রুত জমা করা"", ""example_sentence"": ""শিক্ষার্থীরা উদাহরণে প্রকল্প চলাকালে বিল দ্রুত জমা করা অনুশীলন করে।""}, {""phrase"": ""দেরি না করে বিল দ্রুত জমা করা"", ""example_sentence"": ""শিক্ষার্থীরা উদাহরণে দেরি না করে বিল দ্রুত জমা করা অনুশীলন করে।""}]",accumulate; build up debt; increase quickly,pay down; reduce; settle,A2,"10 - Money, Business, Technology & Movement","After school, Maya had to run up.","স্কুলের পর, মায়াকে ঋণ বা বিল দ্রুত জমা করা প্রয়োজন হয়েছিল।","realistic school scene matching the sentence, clear action and natural colors. Realistic contemporary setting, natural lighting, clear facial expressions, accurate everyday details, documentary photography style.","[""David had to run up before lunch."", ""We decided to run up during the meeting."", ""They want to run up this week.""]"
Phrasal Verb,bring together,/brɪŋ təɡɛðɚ/,BRING TOOHGETHER,ব্রিং টাগেদার,To unite people or ideas,মানুষ বা ধারণাকে একত্র করা,"[{""phrase"": ""bring together the task"", ""example_sentence"": ""The manager asked the team to bring together the task before the deadline.""}, {""phrase"": ""bring together the project"", ""example_sentence"": ""Students learned how to bring together the project in a practical exercise.""}, {""phrase"": ""bring together the deadline"", ""example_sentence"": ""We need to bring together the deadline carefully before we move forward.""}]","[{""phrase"": ""কাজটি ধারণাকে একত্র করা"", ""example_sentence"": ""শিক্ষার্থীরা উদাহরণে কাজটি ধারণাকে একত্র করা অনুশীলন করে।""}, {""phrase"": ""প্রকল্পটি ধারণাকে একত্র করা"", ""example_sentence"": ""শিক্ষার্থীরা উদাহরণে প্রকল্পটি ধারণাকে একত্র করা অনুশীলন করে।""}, {""phrase"": ""সময়সীমাটি ধারণাকে একত্র করা"", ""example_sentence"": ""শিক্ষার্থীরা উদাহরণে সময়সীমাটি ধারণাকে একত্র করা অনুশীলন করে।""}]",unite; connect; combine,divide; separate; split,A2,"09 - Relationships, Feelings & Daily Life","At work, David had to bring together.","কর্মক্ষেত্রে, ডেভিডকে মানুষ বা ধারণাকে একত্র করা প্রয়োজন হয়েছিল।","realistic workplace scene matching the sentence, detailed environment and natural light. Realistic contemporary setting, natural lighting, clear facial expressions, accurate everyday details, documentary photography style.","[""Ivy had to bring together before lunch."", ""We decided to bring together during the meeting."", ""They want to bring together this week.""]"
Phrasal Verb,close in on,/kloʊs ɪn ɑn/,KLOHZ een on,ক্লোস ইন অন,To approach and surround,কাছে এসে ঘিরে ফেলা,"[{""phrase"": ""close in on the issue"", ""example_sentence"": ""The manager asked the team to close in on the issue before the deadline.""}, {""phrase"": ""close in on the plan"", ""example_sentence"": ""Students learned how to close in on the plan in a practical exercise.""}, {""phrase"": ""close in on the task"", ""example_sentence"": ""We need to close in on the task carefully before we move forward.""}]","[{""phrase"": ""সমস্যাটি কাছে এসে ঘিরে ফেলা"", ""example_sentence"": ""শিক্ষার্থীরা উদাহরণে সমস্যাটি কাছে এসে ঘিরে ফেলা অনুশীলন করে।""}, {""phrase"": ""পরিকল্পনাটি কাছে এসে ঘিরে ফেলা"", ""example_sentence"": ""শিক্ষার্থীরা উদাহরণে পরিকল্পনাটি কাছে এসে ঘিরে ফেলা অনুশীলন করে।""}, {""phrase"": ""কাজটি কাছে এসে ঘিরে ফেলা"", ""example_sentence"": ""শিক্ষার্থীরা উদাহরণে কাজটি কাছে এসে ঘিরে ফেলা অনুশীলন করে।""}]",approach; surround; move nearer,retreat; move away; open up,B1,"10 - Money, Business, Technology & Movement","During the day, Ivy had to close in on.","দিনের মধ্যে, আইভিকে কাছে এসে ঘিরে ফেলা প্রয়োজন হয়েছিল।","realistic daily-life scene matching the sentence, natural lighting, candid photography. Realistic contemporary setting, natural lighting, clear facial expressions, accurate everyday details, documentary photography style.","[""Ryan had to close in on before lunch."", ""We decided to close in on during the meeting."", ""They want to close in on this week.""]"
Phrasal Verb,fit in,/fɪt ɪn/,FIT een,ফিট ইন,To belong or be accepted in a group,দলের সঙ্গে মানিয়ে নেওয়া বা গ্রহণযোগ্য হওয়া,"[{""phrase"": ""fit in on time"", ""example_sentence"": ""The team tried to fit in on time so the schedule stayed clear.""}, {""phrase"": ""fit in during the project"", ""example_sentence"": ""Things may fit in during the project when the workload increases.""}, {""phrase"": ""fit in without delay"", ""example_sentence"": ""Everyone was ready to fit in without delay after the announcement.""}]","[{""phrase"": ""সময়মতো দলের সঙ্গে মানিয়ে নেওয়া"", ""example_sentence"": ""শিক্ষার্থীরা উদাহরণে সময়মতো দলের সঙ্গে মানিয়ে নেওয়া অনুশীলন করে।""}, {""phrase"": ""প্রকল্প চলাকালে দলের সঙ্গে মানিয়ে নেওয়া"", ""example_sentence"": ""শিক্ষার্থীরা উদাহরণে প্রকল্প চলাকালে দলের সঙ্গে মানিয়ে নেওয়া অনুশীলন করে।""}, {""phrase"": ""দেরি না করে দলের সঙ্গে মানিয়ে নেওয়া"", ""example_sentence"": ""শিক্ষার্থীরা উদাহরণে দেরি না করে দলের সঙ্গে মানিয়ে নেওয়া অনুশীলন করে।""}]",belong; be accepted; suit,stand out; be excluded; not belong,A2,"09 - Relationships, Feelings & Daily Life","After school, Ryan had to fit in.","স্কুলের পর, রায়ানকে দলের সঙ্গে মানিয়ে নেওয়া বা গ্রহণযোগ্য হওয়া প্রয়োজন হয়েছিল।","realistic school scene matching the sentence, clear action and natural colors. Realistic contemporary setting, natural lighting, clear facial expressions, accurate everyday details, documentary photography style.","[""Julia had to fit in before lunch."", ""We decided to fit in during the meeting."", ""They want to fit in this week.""]"
Phrasal Verb,give rise to,/ɡɪv raɪz tu/,GIV RYZ too,গিভ রাইজ টু,To cause or produce something,কোনো কিছু সৃষ্টি বা ঘটানো,"[{""phrase"": ""give rise to the issue"", ""example_sentence"": ""The manager asked the team to give rise to the issue before the deadline.""}, {""phrase"": ""give rise to the plan"", ""example_sentence"": ""Students learned how to give rise to the plan in a practical exercise.""}, {""phrase"": ""give rise to the task"", ""example_sentence"": ""We need to give rise to the task carefully before we move forward.""}]","[{""phrase"": ""সমস্যাটি কোনো কিছু সৃষ্টি বা ঘটানো"", ""example_sentence"": ""শিক্ষার্থীরা উদাহরণে সমস্যাটি কোনো কিছু সৃষ্টি বা ঘটানো অনুশীলন করে।""}, {""phrase"": ""পরিকল্পনাটি কোনো কিছু সৃষ্টি বা ঘটানো"", ""example_sentence"": ""শিক্ষার্থীরা উদাহরণে পরিকল্পনাটি কোনো কিছু সৃষ্টি বা ঘটানো অনুশীলন করে।""}, {""phrase"": ""কাজটি কোনো কিছু সৃষ্টি বা ঘটানো"", ""example_sentence"": ""শিক্ষার্থীরা উদাহরণে কাজটি কোনো কিছু সৃষ্টি বা ঘটানো অনুশীলন করে।""}]",cause; produce; lead to,prevent; stop; block,B1,"08 - Change, Growth, Rules & Control","At work, Julia had to give rise to.","কর্মক্ষেত্রে, জুলিয়াকে কোনো কিছু সৃষ্টি বা ঘটানো প্রয়োজন হয়েছিল।","realistic workplace scene matching the sentence, detailed environment and natural light. Realistic contemporary setting, natural lighting, clear facial expressions, accurate everyday details, documentary photography style.","[""Sam had to give rise to before lunch."", ""We decided to give rise to during the meeting."", ""They want to give rise to this week.""]"
Phrasal Verb,go about,/ɡoʊ əbaʊt/,GOH uh-bowt,গো আবাউট,To approach or tackle a task in a certain way,কোনো কাজ নির্দিষ্টভাবে করা বা মোকাবিলা করা,"[{""phrase"": ""go about a plan"", ""example_sentence"": ""The manager asked the team to go about a plan before the deadline.""}, {""phrase"": ""go about the decision"", ""example_sentence"": ""Students learned how to go about the decision in a practical exercise.""}, {""phrase"": ""go about the strategy"", ""example_sentence"": ""We need to go about the strategy carefully before we move forward.""}]","[{""phrase"": ""একটি পরিকল্পনা কাজ নির্দিষ্টভাবে করা"", ""example_sentence"": ""শিক্ষার্থীরা উদাহরণে একটি পরিকল্পনা কাজ নির্দিষ্টভাবে করা অনুশীলন করে।""}, {""phrase"": ""সিদ্ধান্তটি কাজ নির্দিষ্টভাবে করা"", ""example_sentence"": ""শিক্ষার্থীরা উদাহরণে সিদ্ধান্তটি কাজ নির্দিষ্টভাবে করা অনুশীলন করে।""}, {""phrase"": ""কৌশলটি কাজ নির্দিষ্টভাবে করা"", ""example_sentence"": ""শিক্ষার্থীরা উদাহরণে কৌশলটি কাজ নির্দিষ্টভাবে করা অনুশীলন করে।""}]",approach; tackle; deal with,avoid; mishandle; ignore,A2,"03 - Plans, Decisions & Strategy","During the final week, Sam had to go about to finish on time.","শেষ সপ্তাহে, স্যামকে কোনো কাজ নির্দিষ্টভাবে করা বা মোকাবিলা করা প্রয়োজন হয়েছিল।","focused team working hard in an office at dusk, laptops and notes everywhere. Realistic contemporary setting, natural lighting, clear facial expressions, accurate everyday details, documentary photography style.","[""Ella was ready to go about on day one."", ""The volunteers go about when the event got busy."", ""If everyone go about, we can finish today.""]"
Phrasal Verb,highlight,/haɪlaɪt/,HY-lyt,হাইলাইট,To emphasize or draw attention to key information,গুরুত্ব দিয়ে তুলে ধরা বা মনোযোগ আকর্ষণ করা,"[{""phrase"": ""highlight a topic"", ""example_sentence"": ""The manager asked the team to highlight a topic before the deadline.""}, {""phrase"": ""highlight an issue"", ""example_sentence"": ""Students learned how to highlight an issue in a practical exercise.""}, {""phrase"": ""highlight the message"", ""example_sentence"": ""We need to highlight the message carefully before we move forward.""}]","[{""phrase"": ""একটি বিষয় মনোযোগ আকর্ষণ করা"", ""example_sentence"": ""শিক্ষার্থীরা উদাহরণে একটি বিষয় মনোযোগ আকর্ষণ করা অনুশীলন করে।""}, {""phrase"": ""একটি সমস্যা মনোযোগ আকর্ষণ করা"", ""example_sentence"": ""শিক্ষার্থীরা উদাহরণে একটি সমস্যা মনোযোগ আকর্ষণ করা অনুশীলন করে।""}, {""phrase"": ""বার্তাটি মনোযোগ আকর্ষণ করা"", ""example_sentence"": ""শিক্ষার্থীরা উদাহরণে বার্তাটি মনোযোগ আকর্ষণ করা অনুশীলন করে।""}]",emphasize; stress; draw attention to,downplay; hide; ignore,A2,01 - Communication & Discussion,"During the project, Ella had to highlight.","প্রকল্প চলাকালে, এলাকে গুরুত্ব দিয়ে তুলে ধরা বা মনোযোগ আকর্ষণ করা প্রয়োজন হয়েছিল।","team chat and meeting scene where updates are shared clearly. Realistic contemporary setting, natural lighting, clear facial expressions, accurate everyday details, documentary photography style.","[""Please highlight with me after the call."", ""Jonah tried to highlight before rumors spread."", ""The update helped everyone highlight.""]"
Phrasal Verb,identify with,/aɪdɛntəfaɪ wɪð/,EYE-den-tuh-fy with,আইডেন্টিফাই উইথ,To feel a connection to or understanding of,যোগসূত্র বা বোঝাপড়া অনুভব করা,"[{""phrase"": ""identify with the task"", ""example_sentence"": ""The manager asked the team to identify with the task before the deadline.""}, {""phrase"": ""identify with the project"", ""example_sentence"": ""Students learned how to identify with the project in a practical exercise.""}, {""phrase"": ""identify with the deadline"", ""example_sentence"": ""We need to identify with the deadline carefully before we move forward.""}]","[{""phrase"": ""কাজটি বোঝাপড়া অনুভব করা"", ""example_sentence"": ""শিক্ষার্থীরা উদাহরণে কাজটি বোঝাপড়া অনুভব করা অনুশীলন করে।""}, {""phrase"": ""প্রকল্পটি বোঝাপড়া অনুভব করা"", ""example_sentence"": ""শিক্ষার্থীরা উদাহরণে প্রকল্পটি বোঝাপড়া অনুভব করা অনুশীলন করে।""}, {""phrase"": ""সময়সীমাটি বোঝাপড়া অনুভব করা"", ""example_sentence"": ""শিক্ষার্থীরা উদাহরণে সময়সীমাটি বোঝাপড়া অনুভব করা অনুশীলন করে।""}]",relate to; feel connected to; understand,feel alienated; disconnect; misunderstand,A2,"09 - Relationships, Feelings & Daily Life","Before the client call, Jonah had to identify with how to fix the login error so the system would work in time.","ক্লায়েন্ট কলের আগে, জোনাহকে যোগসূত্র বা বোঝাপড়া অনুভব করা প্রয়োজন হয়েছিল।","modern office, laptop with login screen, employee focused on troubleshooting. Realistic contemporary setting, natural lighting, clear facial expressions, accurate everyday details, documentary photography style.","[""Leila tried to identify with the last question alone."", ""We need to identify with why the app keeps freezing."", ""Victor could not identify with the map until sunset.""]"
Phrasal Verb,jump in,/dʒʌmp ɪn/,JUMP een,জাম্প ইন,To begin participating suddenly,হঠাৎ অংশ নেওয়া শুরু করা,"[{""phrase"": ""jump in on time"", ""example_sentence"": ""The team tried to jump in on time so the schedule stayed clear.""}, {""phrase"": ""jump in during the project"", ""example_sentence"": ""Things may jump in during the project when the workload increases.""}, {""phrase"": ""jump in without delay"", ""example_sentence"": ""Everyone was ready to jump in without delay after the announcement.""}]","[{""phrase"": ""সময়মতো হঠাৎ অংশ নেওয়া শুরু করা"", ""example_sentence"": ""শিক্ষার্থীরা উদাহরণে সময়মতো হঠাৎ অংশ নেওয়া শুরু করা অনুশীলন করে।""}, {""phrase"": ""প্রকল্প চলাকালে হঠাৎ অংশ নেওয়া শুরু করা"", ""example_sentence"": ""শিক্ষার্থীরা উদাহরণে প্রকল্প চলাকালে হঠাৎ অংশ নেওয়া শুরু করা অনুশীলন করে।""}, {""phrase"": ""দেরি না করে হঠাৎ অংশ নেওয়া শুরু করা"", ""example_sentence"": ""শিক্ষার্থীরা উদাহরণে দেরি না করে হঠাৎ অংশ নেওয়া শুরু করা অনুশীলন করে।""}]",join suddenly; start participating; begin,hold back; stay out; wait,A2,"09 - Relationships, Feelings & Daily Life","During the day, Leila had to jump in.","দিনের মধ্যে, লেইলাকে হঠাৎ অংশ নেওয়া শুরু করা প্রয়োজন হয়েছিল।","realistic daily-life scene matching the sentence, natural lighting, candid photography. Realistic contemporary setting, natural lighting, clear facial expressions, accurate everyday details, documentary photography style.","[""Victor had to jump in before lunch."", ""We decided to jump in during the meeting."", ""They want to jump in this week.""]"
Phrasal Verb,keep up with,/kip ʌp wɪð/,KEEP up with,কিপ আপ উইথ,To stay current with someone or something,কাউকে বা কোনো কিছুর সঙ্গে হালনাগাদ থাকা,"[{""phrase"": ""keep up with the issue"", ""example_sentence"": ""The manager asked the team to keep up with the issue before the deadline.""}, {""phrase"": ""keep up with the plan"", ""example_sentence"": ""Students learned how to keep up with the plan in a practical exercise.""}, {""phrase"": ""keep up with the task"", ""example_sentence"": ""We need to keep up with the task carefully before we move forward.""}]","[{""phrase"": ""সমস্যাটি কিছুর সঙ্গে হালনাগাদ থাকা"", ""example_sentence"": ""শিক্ষার্থীরা উদাহরণে সমস্যাটি কিছুর সঙ্গে হালনাগাদ থাকা অনুশীলন করে।""}, {""phrase"": ""পরিকল্পনাটি কিছুর সঙ্গে হালনাগাদ থাকা"", ""example_sentence"": ""শিক্ষার্থীরা উদাহরণে পরিকল্পনাটি কিছুর সঙ্গে হালনাগাদ থাকা অনুশীলন করে।""}, {""phrase"": ""কাজটি কিছুর সঙ্গে হালনাগাদ থাকা"", ""example_sentence"": ""শিক্ষার্থীরা উদাহরণে কাজটি কিছুর সঙ্গে হালনাগাদ থাকা অনুশীলন করে।""}]",stay current; follow; keep pace with,fall behind; lose track; lag,B1,"06 - Progress, Success & Results","After school, Victor had to keep up with.","স্কুলের পর, ভিক্টরকে কাউকে বা কোনো কিছুর সঙ্গে হালনাগাদ থাকা প্রয়োজন হয়েছিল।","realistic school scene matching the sentence, clear action and natural colors. Realistic contemporary setting, natural lighting, clear facial expressions, accurate everyday details, documentary photography style.","[""Hana had to keep up with before lunch."", ""We decided to keep up with during the meeting."", ""They want to keep up with this week.""]"
Phrasal Verb,latch onto,/lætʃ ɑntu/,LACH ON-too,ল্যাচ আন্টু,To attach to; to adopt enthusiastically,আঁকড়ে ধরা; উৎসাহের সঙ্গে গ্রহণ করা,"[{""phrase"": ""latch onto a plan"", ""example_sentence"": ""The manager asked the team to latch onto a plan before the deadline.""}, {""phrase"": ""latch onto the decision"", ""example_sentence"": ""Students learned how to latch onto the decision in a practical exercise.""}, {""phrase"": ""latch onto the strategy"", ""example_sentence"": ""We need to latch onto the strategy carefully before we move forward.""}]","[{""phrase"": ""একটি পরিকল্পনা উৎসাহের সঙ্গে গ্রহণ করা"", ""example_sentence"": ""শিক্ষার্থীরা উদাহরণে একটি পরিকল্পনা উৎসাহের সঙ্গে গ্রহণ করা অনুশীলন করে।""}, {""phrase"": ""সিদ্ধান্তটি উৎসাহের সঙ্গে গ্রহণ করা"", ""example_sentence"": ""শিক্ষার্থীরা উদাহরণে সিদ্ধান্তটি উৎসাহের সঙ্গে গ্রহণ করা অনুশীলন করে।""}, {""phrase"": ""কৌশলটি উৎসাহের সঙ্গে গ্রহণ করা"", ""example_sentence"": ""শিক্ষার্থীরা উদাহরণে কৌশলটি উৎসাহের সঙ্গে গ্রহণ করা অনুশীলন করে।""}]",attach to; adopt eagerly; seize on,let go; reject; detach,A2,"03 - Plans, Decisions & Strategy","At work, Hana had to latch onto.","কর্মক্ষেত্রে, হানাকে আঁকড়ে ধরা বা উৎসাহের সঙ্গে গ্রহণ করা প্রয়োজন হয়েছিল।","realistic workplace scene matching the sentence, detailed environment and natural light. Realistic contemporary setting, natural lighting, clear facial expressions, accurate everyday details, documentary photography style.","[""Mason had to latch onto before lunch."", ""We decided to latch onto during the meeting."", ""They want to latch onto this week.""]"
Phrasal Verb,leave out,/liv aʊt/,LEEV out,লিভ আউট,To exclude or omit something,বাদ দেওয়া বা অন্তর্ভুক্ত না করা,"[{""phrase"": ""leave out the issue"", ""example_sentence"": ""The manager asked the team to leave out the issue before the deadline.""}, {""phrase"": ""leave out the plan"", ""example_sentence"": ""Students learned how to leave out the plan in a practical exercise.""}, {""phrase"": ""leave out the task"", ""example_sentence"": ""We need to leave out the task carefully before we move forward.""}]","[{""phrase"": ""সমস্যাটি বাদ দেওয়া"", ""example_sentence"": ""শিক্ষার্থীরা উদাহরণে সমস্যাটি বাদ দেওয়া অনুশীলন করে।""}, {""phrase"": ""পরিকল্পনাটি বাদ দেওয়া"", ""example_sentence"": ""শিক্ষার্থীরা উদাহরণে পরিকল্পনাটি বাদ দেওয়া অনুশীলন করে।""}, {""phrase"": ""কাজটি বাদ দেওয়া"", ""example_sentence"": ""শিক্ষার্থীরা উদাহরণে কাজটি বাদ দেওয়া অনুশীলন করে।""}]",exclude; omit; skip,include; add; mention,A2,"08 - Change, Growth, Rules & Control","During the day, Mason had to leave out.","দিনের মধ্যে, মেসনকে বাদ দেওয়া বা অন্তর্ভুক্ত না করা প্রয়োজন হয়েছিল।","realistic daily-life scene matching the sentence, natural lighting, candid photography. Realistic contemporary setting, natural lighting, clear facial expressions, accurate everyday details, documentary photography style.","[""Nina had to leave out before lunch."", ""We decided to leave out during the meeting."", ""They want to leave out this week.""]"
Phrasal Verb,lock in,/lɑk ɪn/,LOCK een,লক ইন,To secure or confirm an agreement,চুক্তি বা সিদ্ধান্ত নিশ্চিত করা,"[{""phrase"": ""lock in a plan"", ""example_sentence"": ""The manager asked the team to lock in a plan before the deadline.""}, {""phrase"": ""lock in the decision"", ""example_sentence"": ""Students learned how to lock in the decision in a practical exercise.""}, {""phrase"": ""lock in the strategy"", ""example_sentence"": ""We need to lock in the strategy carefully before we move forward.""}]","[{""phrase"": ""একটি পরিকল্পনা সিদ্ধান্ত নিশ্চিত করা"", ""example_sentence"": ""শিক্ষার্থীরা উদাহরণে একটি পরিকল্পনা সিদ্ধান্ত নিশ্চিত করা অনুশীলন করে।""}, {""phrase"": ""সিদ্ধান্তটি সিদ্ধান্ত নিশ্চিত করা"", ""example_sentence"": ""শিক্ষার্থীরা উদাহরণে সিদ্ধান্তটি সিদ্ধান্ত নিশ্চিত করা অনুশীলন করে।""}, {""phrase"": ""কৌশলটি সিদ্ধান্ত নিশ্চিত করা"", ""example_sentence"": ""শিক্ষার্থীরা উদাহরণে কৌশলটি সিদ্ধান্ত নিশ্চিত করা অনুশীলন করে।""}]",secure; confirm; fix in place,leave open; cancel; unlock,A2,"03 - Plans, Decisions & Strategy","After school, Nina had to lock in.","স্কুলের পর, নিনাকে চুক্তি বা সিদ্ধান্ত নিশ্চিত করা প্রয়োজন হয়েছিল।","realistic school scene matching the sentence, clear action and natural colors. Realistic contemporary setting, natural lighting, clear facial expressions, accurate everyday details, documentary photography style.","[""Adam had to lock in before lunch."", ""We decided to lock in during the meeting."", ""They want to lock in this week.""]"
Phrasal Verb,make room for,/meɪk rum fɔr/,MAYK ROOM for,মেইক রুম ফর,To create space for something or someone,কোনো কিছু বা কারও জন্য জায়গা তৈরি করা,"[{""phrase"": ""make room for the issue"", ""example_sentence"": ""The manager asked the team to make room for the issue before the deadline.""}, {""phrase"": ""make room for the plan"", ""example_sentence"": ""Students learned how to make room for the plan in a practical exercise.""}, {""phrase"": ""make room for the task"", ""example_sentence"": ""We need to make room for the task carefully before we move forward.""}]","[{""phrase"": ""সমস্যাটি জন্য জায়গা তৈরি করা"", ""example_sentence"": ""শিক্ষার্থীরা উদাহরণে সমস্যাটি জন্য জায়গা তৈরি করা অনুশীলন করে।""}, {""phrase"": ""পরিকল্পনাটি জন্য জায়গা তৈরি করা"", ""example_sentence"": ""শিক্ষার্থীরা উদাহরণে পরিকল্পনাটি জন্য জায়গা তৈরি করা অনুশীলন করে।""}, {""phrase"": ""কাজটি জন্য জায়গা তৈরি করা"", ""example_sentence"": ""শিক্ষার্থীরা উদাহরণে কাজটি জন্য জায়গা তৈরি করা অনুশীলন করে।""}]",create space; allow space; accommodate,crowd out; block; fill up,B1,"09 - Relationships, Feelings & Daily Life","At work, Adam had to make room for.","কর্মক্ষেত্রে, আদমকে কোনো কিছু বা কারও জন্য জায়গা তৈরি করা প্রয়োজন হয়েছিল।","realistic workplace scene matching the sentence, detailed environment and natural light. Realistic contemporary setting, natural lighting, clear facial expressions, accurate everyday details, documentary photography style.","[""Emma had to make room for before lunch."", ""We decided to make room for during the meeting."", ""They want to make room for this week.""]"
Phrasal Verb,network with,/nɛtwɝk wɪð/,NET-werk with,নেট্ওয়ারক উইথ,To build professional relationships,পেশাগত সম্পর্ক তৈরি করা,"[{""phrase"": ""network with the task"", ""example_sentence"": ""The manager asked the team to network with the task before the deadline.""}, {""phrase"": ""network with the project"", ""example_sentence"": ""Students learned how to network with the project in a practical exercise.""}, {""phrase"": ""network with the deadline"", ""example_sentence"": ""We need to network with the deadline carefully before we move forward.""}]","[{""phrase"": ""কাজটি পেশাগত সম্পর্ক তৈরি করা"", ""example_sentence"": ""শিক্ষার্থীরা উদাহরণে কাজটি পেশাগত সম্পর্ক তৈরি করা অনুশীলন করে।""}, {""phrase"": ""প্রকল্পটি পেশাগত সম্পর্ক তৈরি করা"", ""example_sentence"": ""শিক্ষার্থীরা উদাহরণে প্রকল্পটি পেশাগত সম্পর্ক তৈরি করা অনুশীলন করে।""}, {""phrase"": ""সময়সীমাটি পেশাগত সম্পর্ক তৈরি করা"", ""example_sentence"": ""শিক্ষার্থীরা উদাহরণে সময়সীমাটি পেশাগত সম্পর্ক তৈরি করা অনুশীলন করে।""}]",build professional relationships; connect with; meet contacts,isolate; avoid contacts; disconnect,A2,"09 - Relationships, Feelings & Daily Life","At the conference, Emma tried to network with local business owners during the break.",ব্যক্তিটি পেশাগত সম্পর্ক তৈরি করা করেছিল।,"Professional conference hall with attendees talking during a coffee break, name badges and business cards visible, realistic event photography.","[""She likes to network with other teachers online."", ""We had time to network with several designers after the talk."", ""He went early to network with possible clients.""]"
Phrasal Verb,open the door to,/oʊpən ðə dɔr tu/,OHPOOHN thuh DOR too,ওপান দা ডর টু,To create opportunities for something,নতুন সুযোগ তৈরি করা,"[{""phrase"": ""open the door to the issue"", ""example_sentence"": ""The manager asked the team to open the door to the issue before the deadline.""}, {""phrase"": ""open the door to the plan"", ""example_sentence"": ""Students learned how to open the door to the plan in a practical exercise.""}, {""phrase"": ""open the door to the task"", ""example_sentence"": ""We need to open the door to the task carefully before we move forward.""}]","[{""phrase"": ""সমস্যাটি নতুন সুযোগ তৈরি করা"", ""example_sentence"": ""শিক্ষার্থীরা উদাহরণে সমস্যাটি নতুন সুযোগ তৈরি করা অনুশীলন করে।""}, {""phrase"": ""পরিকল্পনাটি নতুন সুযোগ তৈরি করা"", ""example_sentence"": ""শিক্ষার্থীরা উদাহরণে পরিকল্পনাটি নতুন সুযোগ তৈরি করা অনুশীলন করে।""}, {""phrase"": ""কাজটি নতুন সুযোগ তৈরি করা"", ""example_sentence"": ""শিক্ষার্থীরা উদাহরণে কাজটি নতুন সুযোগ তৈরি করা অনুশীলন করে।""}]",create opportunities; enable; make possible,close off; block; limit opportunities,B2,"06 - Progress, Success & Results","After school, Noah had to open the door to.","স্কুলের পর, নোয়াকে নতুন সুযোগ তৈরি করা প্রয়োজন হয়েছিল।","realistic school scene matching the sentence, clear action and natural colors. Realistic contemporary setting, natural lighting, clear facial expressions, accurate everyday details, documentary photography style.","[""Mia had to open the door to before lunch."", ""We decided to open the door to during the meeting."", ""They want to open the door to this week.""]"
Phrasal Verb,place emphasis on,/pleɪs ɛmfəsəs ɑn/,PLAYS EM-fuh-sis on,প্লেইস এম্ফাসাস অন,To prioritize the importance of something,কোনো বিষয়ের গুরুত্বকে অগ্রাধিকার দেওয়া,"[{""phrase"": ""place emphasis on a topic"", ""example_sentence"": ""The manager asked the team to place emphasis on a topic before the deadline.""}, {""phrase"": ""place emphasis on an issue"", ""example_sentence"": ""Students learned how to place emphasis on an issue in a practical exercise.""}, {""phrase"": ""place emphasis on the message"", ""example_sentence"": ""We need to place emphasis on the message carefully before we move forward.""}]","[{""phrase"": ""একটি বিষয় বিষয়ের গুরুত্বকে অগ্রাধিকার দেওয়া"", ""example_sentence"": ""শিক্ষার্থীরা উদাহরণে একটি বিষয় বিষয়ের গুরুত্বকে অগ্রাধিকার দেওয়া অনুশীলন করে।""}, {""phrase"": ""একটি সমস্যা বিষয়ের গুরুত্বকে অগ্রাধিকার দেওয়া"", ""example_sentence"": ""শিক্ষার্থীরা উদাহরণে একটি সমস্যা বিষয়ের গুরুত্বকে অগ্রাধিকার দেওয়া অনুশীলন করে।""}, {""phrase"": ""বার্তাটি বিষয়ের গুরুত্বকে অগ্রাধিকার দেওয়া"", ""example_sentence"": ""শিক্ষার্থীরা উদাহরণে বার্তাটি বিষয়ের গুরুত্বকে অগ্রাধিকার দেওয়া অনুশীলন করে।""}]",emphasize; prioritize; stress,downplay; ignore; minimize,B1,01 - Communication & Discussion,"At work, Mia had to place emphasis on.","কর্মক্ষেত্রে, মিয়াকে কোনো বিষয়ের গুরুত্বকে অগ্রাধিকার দেওয়া প্রয়োজন হয়েছিল।","realistic workplace scene matching the sentence, detailed environment and natural light. Realistic contemporary setting, natural lighting, clear facial expressions, accurate everyday details, documentary photography style.","[""Daniel had to place emphasis on before lunch."", ""We decided to place emphasis on during the meeting."", ""They want to place emphasis on this week.""]"
Phrasal Verb,pull together,/pʊl təɡɛðɚ/,PULL TOOHGETHER,পুল টাগেদার,To cooperate toward a common goal,সাধারণ লক্ষ্যের জন্য সহযোগিতা করা,"[{""phrase"": ""pull together on time"", ""example_sentence"": ""The team tried to pull together on time so the schedule stayed clear.""}, {""phrase"": ""pull together during the project"", ""example_sentence"": ""Things may pull together during the project when the workload increases.""}, {""phrase"": ""pull together without delay"", ""example_sentence"": ""Everyone was ready to pull together without delay after the announcement.""}]","[{""phrase"": ""সময়মতো সাধারণ লক্ষ্যের জন্য সহযোগিতা করা"", ""example_sentence"": ""শিক্ষার্থীরা উদাহরণে সময়মতো সাধারণ লক্ষ্যের জন্য সহযোগিতা করা অনুশীলন করে।""}, {""phrase"": ""প্রকল্প চলাকালে সাধারণ লক্ষ্যের জন্য সহযোগিতা করা"", ""example_sentence"": ""শিক্ষার্থীরা উদাহরণে প্রকল্প চলাকালে সাধারণ লক্ষ্যের জন্য সহযোগিতা করা অনুশীলন করে।""}, {""phrase"": ""দেরি না করে সাধারণ লক্ষ্যের জন্য সহযোগিতা করা"", ""example_sentence"": ""শিক্ষার্থীরা উদাহরণে দেরি না করে সাধারণ লক্ষ্যের জন্য সহযোগিতা করা অনুশীলন করে।""}]",cooperate; unite; work together,fall apart; split up; work separately,A2,"09 - Relationships, Feelings & Daily Life","During the day, Daniel had to pull together.","দিনের মধ্যে, ড্যানিয়েলকে সাধারণ লক্ষ্যের জন্য সহযোগিতা করা প্রয়োজন হয়েছিল।","realistic daily-life scene matching the sentence, natural lighting, candid photography. Realistic contemporary setting, natural lighting, clear facial expressions, accurate everyday details, documentary photography style.","[""Aisha had to pull together before lunch."", ""We decided to pull together during the meeting."", ""They want to pull together this week.""]"
Phrasal Verb,push through,/pʊʃ θru/,POOSH THROO,পুশ থ্রু,To persist and accomplish despite obstacles,বাধা সত্ত্বেও চেষ্টা চালিয়ে সম্পন্ন করা,"[{""phrase"": ""push through on time"", ""example_sentence"": ""The team tried to push through on time so the schedule stayed clear.""}, {""phrase"": ""push through during the project"", ""example_sentence"": ""Things may push through during the project when the workload increases.""}, {""phrase"": ""push through without delay"", ""example_sentence"": ""Everyone was ready to push through without delay after the announcement.""}]","[{""phrase"": ""সময়মতো বাধা সত্ত্বেও চেষ্টা চালিয়ে সম্পন্ন করা"", ""example_sentence"": ""শিক্ষার্থীরা উদাহরণে সময়মতো বাধা সত্ত্বেও চেষ্টা চালিয়ে সম্পন্ন করা অনুশীলন করে।""}, {""phrase"": ""প্রকল্প চলাকালে বাধা সত্ত্বেও চেষ্টা চালিয়ে সম্পন্ন করা"", ""example_sentence"": ""শিক্ষার্থীরা উদাহরণে প্রকল্প চলাকালে বাধা সত্ত্বেও চেষ্টা চালিয়ে সম্পন্ন করা অনুশীলন করে।""}, {""phrase"": ""দেরি না করে বাধা সত্ত্বেও চেষ্টা চালিয়ে সম্পন্ন করা"", ""example_sentence"": ""শিক্ষার্থীরা উদাহরণে দেরি না করে বাধা সত্ত্বেও চেষ্টা চালিয়ে সম্পন্ন করা অনুশীলন করে।""}]",persist; overcome; continue despite obstacles,give up; stop; be blocked,A2,"07 - Problems, Difficulty & Risk","After school, Aisha had to push through.","স্কুলের পর, আইশাকে বাধা সত্ত্বেও চেষ্টা চালিয়ে সম্পন্ন করা প্রয়োজন হয়েছিল।","realistic school scene matching the sentence, clear action and natural colors. Realistic contemporary setting, natural lighting, clear facial expressions, accurate everyday details, documentary photography style.","[""Lucas had to push through before lunch."", ""We decided to push through during the meeting."", ""They want to push through this week.""]"
Phrasal Verb,qualify for,/kwɑləfaɪ fɔr/,KWAH-luh-fy for,কোয়ালিফাই ফর,To meet the criteria required for something,কোনো কিছুর প্রয়োজনীয় মানদণ্ড পূরণ করা,"[{""phrase"": ""qualify for the issue"", ""example_sentence"": ""The manager asked the team to qualify for the issue before the deadline.""}, {""phrase"": ""qualify for the plan"", ""example_sentence"": ""Students learned how to qualify for the plan in a practical exercise.""}, {""phrase"": ""qualify for the task"", ""example_sentence"": ""We need to qualify for the task carefully before we move forward.""}]","[{""phrase"": ""সমস্যাটি কিছুর প্রয়োজনীয় মানদণ্ড পূরণ করা"", ""example_sentence"": ""শিক্ষার্থীরা উদাহরণে সমস্যাটি কিছুর প্রয়োজনীয় মানদণ্ড পূরণ করা অনুশীলন করে।""}, {""phrase"": ""পরিকল্পনাটি কিছুর প্রয়োজনীয় মানদণ্ড পূরণ করা"", ""example_sentence"": ""শিক্ষার্থীরা উদাহরণে পরিকল্পনাটি কিছুর প্রয়োজনীয় মানদণ্ড পূরণ করা অনুশীলন করে।""}, {""phrase"": ""কাজটি কিছুর প্রয়োজনীয় মানদণ্ড পূরণ করা"", ""example_sentence"": ""শিক্ষার্থীরা উদাহরণে কাজটি কিছুর প্রয়োজনীয় মানদণ্ড পূরণ করা অনুশীলন করে।""}]",be eligible; meet requirements; meet criteria,be ineligible; fail to qualify; miss requirements,A2,"08 - Change, Growth, Rules & Control","At work, Lucas had to qualify for.","কর্মক্ষেত্রে, লুকাসকে কোনো কিছুর প্রয়োজনীয় মানদণ্ড পূরণ করা প্রয়োজন হয়েছিল।","realistic workplace scene matching the sentence, detailed environment and natural light. Realistic contemporary setting, natural lighting, clear facial expressions, accurate everyday details, documentary photography style.","[""Sofia had to qualify for before lunch."", ""We decided to qualify for during the meeting."", ""They want to qualify for this week.""]"
Phrasal Verb,reflect on,/rɪflɛkt ɑn/,RIH-flekt on,রিফ্লেক্ট অন,To think carefully about past experiences,অতীত অভিজ্ঞতা নিয়ে ভালোভাবে ভাবা,"[{""phrase"": ""reflect on the problem"", ""example_sentence"": ""The manager asked the team to reflect on the problem before the deadline.""}, {""phrase"": ""reflect on the answer"", ""example_sentence"": ""Students learned how to reflect on the answer in a practical exercise.""}, {""phrase"": ""reflect on the idea"", ""example_sentence"": ""We need to reflect on the idea carefully before we move forward.""}]","[{""phrase"": ""সমস্যাটি অতীত অভিজ্ঞতা নিয়ে ভালোভাবে ভাবা"", ""example_sentence"": ""শিক্ষার্থীরা উদাহরণে সমস্যাটি অতীত অভিজ্ঞতা নিয়ে ভালোভাবে ভাবা অনুশীলন করে।""}, {""phrase"": ""উত্তরটি অতীত অভিজ্ঞতা নিয়ে ভালোভাবে ভাবা"", ""example_sentence"": ""শিক্ষার্থীরা উদাহরণে উত্তরটি অতীত অভিজ্ঞতা নিয়ে ভালোভাবে ভাবা অনুশীলন করে।""}, {""phrase"": ""ধারণাটি অতীত অভিজ্ঞতা নিয়ে ভালোভাবে ভাবা"", ""example_sentence"": ""শিক্ষার্থীরা উদাহরণে ধারণাটি অতীত অভিজ্ঞতা নিয়ে ভালোভাবে ভাবা অনুশীলন করে।""}]",think about; consider; look back on,ignore; forget; avoid thinking about,A2,"02 - Thinking, Learning & Understanding","During the day, Sofia had to reflect on.","দিনের মধ্যে, সোফিয়াকে অতীত অভিজ্ঞতা নিয়ে ভালোভাবে ভাবা প্রয়োজন হয়েছিল।","realistic daily-life scene matching the sentence, natural lighting, candid photography. Realistic contemporary setting, natural lighting, clear facial expressions, accurate everyday details, documentary photography style.","[""Ethan had to reflect on before lunch."", ""We decided to reflect on during the meeting."", ""They want to reflect on this week.""]"
Phrasal Verb,set off,/sɛt ɔf/,SET AWF,সেট অফ,To begin a journey; to trigger; to cause,যাত্রা শুরু করা; শুরু করিয়ে দেওয়া; ঘটানো,"[{""phrase"": ""set off on time"", ""example_sentence"": ""The team tried to set off on time so the schedule stayed clear.""}, {""phrase"": ""set off during the project"", ""example_sentence"": ""Things may set off during the project when the workload increases.""}, {""phrase"": ""set off without delay"", ""example_sentence"": ""Everyone was ready to set off without delay after the announcement.""}]","[{""phrase"": ""সময়মতো যাত্রা শুরু করা"", ""example_sentence"": ""শিক্ষার্থীরা উদাহরণে সময়মতো যাত্রা শুরু করা অনুশীলন করে।""}, {""phrase"": ""প্রকল্প চলাকালে যাত্রা শুরু করা"", ""example_sentence"": ""শিক্ষার্থীরা উদাহরণে প্রকল্প চলাকালে যাত্রা শুরু করা অনুশীলন করে।""}, {""phrase"": ""দেরি না করে যাত্রা শুরু করা"", ""example_sentence"": ""শিক্ষার্থীরা উদাহরণে দেরি না করে যাত্রা শুরু করা অনুশীলন করে।""}]",begin a journey; trigger; cause,stay; prevent; stop,A2,"10 - Money, Business, Technology & Movement","After school, Ethan had to set off.","স্কুলের পর, ইথানকে যাত্রা শুরু করা বা শুরু করিয়ে দেওয়া বা ঘটানো প্রয়োজন হয়েছিল।","realistic school scene matching the sentence, clear action and natural colors. Realistic contemporary setting, natural lighting, clear facial expressions, accurate everyday details, documentary photography style.","[""Lina had to set off before lunch."", ""We decided to set off during the meeting."", ""They want to set off this week.""]"
Phrasal Verb,shake up,/ʃeɪk ʌp/,SHAYK up,শেইক আপ,To reorganize drastically; to shock,বড়ভাবে পুনর্গঠন করা; ধাক্কা দেওয়া,"[{""phrase"": ""shake up the issue"", ""example_sentence"": ""The manager asked the team to shake up the issue before the deadline.""}, {""phrase"": ""shake up the plan"", ""example_sentence"": ""Students learned how to shake up the plan in a practical exercise.""}, {""phrase"": ""shake up the task"", ""example_sentence"": ""We need to shake up the task carefully before we move forward.""}]","[{""phrase"": ""সমস্যাটি বড়ভাবে পুনর্গঠন করা"", ""example_sentence"": ""শিক্ষার্থীরা উদাহরণে সমস্যাটি বড়ভাবে পুনর্গঠন করা অনুশীলন করে।""}, {""phrase"": ""পরিকল্পনাটি বড়ভাবে পুনর্গঠন করা"", ""example_sentence"": ""শিক্ষার্থীরা উদাহরণে পরিকল্পনাটি বড়ভাবে পুনর্গঠন করা অনুশীলন করে।""}, {""phrase"": ""কাজটি বড়ভাবে পুনর্গঠন করা"", ""example_sentence"": ""শিক্ষার্থীরা উদাহরণে কাজটি বড়ভাবে পুনর্গঠন করা অনুশীলন করে।""}]",reorganize; disrupt; shock; transform,keep stable; leave unchanged; calm,A2,"08 - Change, Growth, Rules & Control","In the hall, Lina decided to shake up the chairs in a straight line.","হলে, লিনা চেয়ারগুলো সোজা লাইনে বড়ভাবে পুনর্গঠন করা বা ধাক্কা দেওয়ার সিদ্ধান্ত নিয়েছিল।","community hall with chairs being arranged neatly before an event. Realistic contemporary setting, natural lighting, clear facial expressions, accurate everyday details, documentary photography style.","[""Omar helped to shake up the chairs before class."", ""We should shake up the ideas more clearly."", ""The manager asked them to shake up the files on the desk.""]"
Phrasal Verb,shed light on,/ʃɛd laɪt ɑn/,SHED LYT on,শেড লাইট অন,To clarify or provide new insight,স্পষ্ট করা বা নতুন উপলব্ধি দেওয়া,"[{""phrase"": ""shed light on the problem"", ""example_sentence"": ""The manager asked the team to shed light on the problem before the deadline.""}, {""phrase"": ""shed light on the answer"", ""example_sentence"": ""Students learned how to shed light on the answer in a practical exercise.""}, {""phrase"": ""shed light on the idea"", ""example_sentence"": ""We need to shed light on the idea carefully before we move forward.""}]","[{""phrase"": ""সমস্যাটি স্পষ্ট করা"", ""example_sentence"": ""শিক্ষার্থীরা উদাহরণে সমস্যাটি স্পষ্ট করা অনুশীলন করে।""}, {""phrase"": ""উত্তরটি স্পষ্ট করা"", ""example_sentence"": ""শিক্ষার্থীরা উদাহরণে উত্তরটি স্পষ্ট করা অনুশীলন করে।""}, {""phrase"": ""ধারণাটি স্পষ্ট করা"", ""example_sentence"": ""শিক্ষার্থীরা উদাহরণে ধারণাটি স্পষ্ট করা অনুশীলন করে।""}]",clarify; explain; reveal insight,obscure; confuse; hide,B1,"02 - Thinking, Learning & Understanding","During the day, Omar had to shed light on.","দিনের মধ্যে, ওমরকে স্পষ্ট করা বা নতুন উপলব্ধি দেওয়া প্রয়োজন হয়েছিল।","realistic daily-life scene matching the sentence, natural lighting, candid photography. Realistic contemporary setting, natural lighting, clear facial expressions, accurate everyday details, documentary photography style.","[""Chloe had to shed light on before lunch."", ""We decided to shed light on during the meeting."", ""They want to shed light on this week.""]"
Phrasal Verb,sign off on,/saɪn ɔf ɑn/,SIGN AWF on,সাইন অফ অন,To give official approval to something,আনুষ্ঠানিক অনুমোদন দেওয়া,"[{""phrase"": ""sign off on the issue"", ""example_sentence"": ""The manager asked the team to sign off on the issue before the deadline.""}, {""phrase"": ""sign off on the plan"", ""example_sentence"": ""Students learned how to sign off on the plan in a practical exercise.""}, {""phrase"": ""sign off on the task"", ""example_sentence"": ""We need to sign off on the task carefully before we move forward.""}]","[{""phrase"": ""সমস্যাটি আনুষ্ঠানিক অনুমোদন দেওয়া"", ""example_sentence"": ""শিক্ষার্থীরা উদাহরণে সমস্যাটি আনুষ্ঠানিক অনুমোদন দেওয়া অনুশীলন করে।""}, {""phrase"": ""পরিকল্পনাটি আনুষ্ঠানিক অনুমোদন দেওয়া"", ""example_sentence"": ""শিক্ষার্থীরা উদাহরণে পরিকল্পনাটি আনুষ্ঠানিক অনুমোদন দেওয়া অনুশীলন করে।""}, {""phrase"": ""কাজটি আনুষ্ঠানিক অনুমোদন দেওয়া"", ""example_sentence"": ""শিক্ষার্থীরা উদাহরণে কাজটি আনুষ্ঠানিক অনুমোদন দেওয়া অনুশীলন করে।""}]",approve; authorize; endorse,reject; refuse approval; veto,B1,"08 - Change, Growth, Rules & Control","At the end of the meeting, Chloe decided to sign off on the safety plan.","মিটিংয়ের শেষে, ক্লোই আনুষ্ঠানিক অনুমোদন দেওয়ার সিদ্ধান্ত নিয়েছিল।","team in conference room as a supervisor approves a plan on screen. Realistic contemporary setting, natural lighting, clear facial expressions, accurate everyday details, documentary photography style.","[""The director will sign off on the new budget tomorrow."", ""We cannot proceed until they sign off on the plan."", ""Hassan hopes the board will sign off on the change.""]"
Phrasal Verb,speak out,/spik aʊt/,SPEEK out,স্পিক আউট,To express opinions publicly and openly,প্রকাশ্যে ও খোলামেলাভাবে মত প্রকাশ করা,"[{""phrase"": ""speak out on time"", ""example_sentence"": ""The team tried to speak out on time so the schedule stayed clear.""}, {""phrase"": ""speak out during the project"", ""example_sentence"": ""Things may speak out during the project when the workload increases.""}, {""phrase"": ""speak out without delay"", ""example_sentence"": ""Everyone was ready to speak out without delay after the announcement.""}]","[{""phrase"": ""সময়মতো প্রকাশ্যে ও খোলামেলাভাবে মত প্রকাশ করা"", ""example_sentence"": ""শিক্ষার্থীরা উদাহরণে সময়মতো প্রকাশ্যে ও খোলামেলাভাবে মত প্রকাশ করা অনুশীলন করে।""}, {""phrase"": ""প্রকল্প চলাকালে প্রকাশ্যে ও খোলামেলাভাবে মত প্রকাশ করা"", ""example_sentence"": ""শিক্ষার্থীরা উদাহরণে প্রকল্প চলাকালে প্রকাশ্যে ও খোলামেলাভাবে মত প্রকাশ করা অনুশীলন করে।""}, {""phrase"": ""দেরি না করে প্রকাশ্যে ও খোলামেলাভাবে মত প্রকাশ করা"", ""example_sentence"": ""শিক্ষার্থীরা উদাহরণে দেরি না করে প্রকাশ্যে ও খোলামেলাভাবে মত প্রকাশ করা অনুশীলন করে।""}]",express publicly; voice openly; speak up,stay silent; hold back; keep quiet,A2,01 - Communication & Discussion,"At dinner, Hassan had to speak out the summer travel plan while the family was eating together.","রাতের খাবারের সময়, হাসানকে পরিবার একসঙ্গে খাওয়ার সময় গ্রীষ্মের ভ্রমণ পরিকল্পনাটি প্রকাশ্যে ও খোলামেলাভাবে মত প্রকাশ করা প্রয়োজন হয়েছিল।","family dinner table in a warm kitchen, one person speaking about plans while others listen. Realistic contemporary setting, natural lighting, clear facial expressions, accurate everyday details, documentary photography style.","[""Please speak out the budget issue today."", ""Nora wanted to speak out the class trip at lunch."", ""The teacher asked us to speak out one more point.""]"
Phrasal Verb,spin off,/spɪn ɔf/,SPIN AWF,স্পিন অফ,To create a subsidiary from a parent organization,মূল প্রতিষ্ঠান থেকে আলাদা সহপ্রতিষ্ঠান তৈরি করা,"[{""phrase"": ""spin off on time"", ""example_sentence"": ""The team tried to spin off on time so the schedule stayed clear.""}, {""phrase"": ""spin off during the project"", ""example_sentence"": ""Things may spin off during the project when the workload increases.""}, {""phrase"": ""spin off without delay"", ""example_sentence"": ""Everyone was ready to spin off without delay after the announcement.""}]","[{""phrase"": ""সময়মতো মূল প্রতিষ্ঠান থেকে আলাদা সহপ্রতিষ্ঠান তৈরি করা"", ""example_sentence"": ""শিক্ষার্থীরা উদাহরণে সময়মতো মূল প্রতিষ্ঠান থেকে আলাদা সহপ্রতিষ্ঠান তৈরি করা অনুশীলন করে।""}, {""phrase"": ""প্রকল্প চলাকালে মূল প্রতিষ্ঠান থেকে আলাদা সহপ্রতিষ্ঠান তৈরি করা"", ""example_sentence"": ""শিক্ষার্থীরা উদাহরণে প্রকল্প চলাকালে মূল প্রতিষ্ঠান থেকে আলাদা সহপ্রতিষ্ঠান তৈরি করা অনুশীলন করে।""}, {""phrase"": ""দেরি না করে মূল প্রতিষ্ঠান থেকে আলাদা সহপ্রতিষ্ঠান তৈরি করা"", ""example_sentence"": ""শিক্ষার্থীরা উদাহরণে দেরি না করে মূল প্রতিষ্ঠান থেকে আলাদা সহপ্রতিষ্ঠান তৈরি করা অনুশীলন করে।""}]",create a subsidiary; separate; derive from,merge; absorb; keep inside,A2,"10 - Money, Business, Technology & Movement","During the day, Nora had to spin off.","দিনের মধ্যে, নোরাকে মূল প্রতিষ্ঠান থেকে আলাদা সহপ্রতিষ্ঠান তৈরি করা প্রয়োজন হয়েছিল।","realistic daily-life scene matching the sentence, natural lighting, candid photography. Realistic contemporary setting, natural lighting, clear facial expressions, accurate everyday details, documentary photography style.","[""Ben had to spin off before lunch."", ""We decided to spin off during the meeting."", ""They want to spin off this week.""]"
Phrasal Verb,sync up,/sɪŋk ʌp/,SINK up,সিংক আপ,To coordinate and align with someone,সমন্বয় করা এবং কারও সঙ্গে মিলিয়ে নেওয়া,"[{""phrase"": ""sync up on time"", ""example_sentence"": ""The team tried to sync up on time so the schedule stayed clear.""}, {""phrase"": ""sync up during the project"", ""example_sentence"": ""Things may sync up during the project when the workload increases.""}, {""phrase"": ""sync up without delay"", ""example_sentence"": ""Everyone was ready to sync up without delay after the announcement.""}]","[{""phrase"": ""সময়মতো সমন্বয় করা এবং কারও সঙ্গে মিলিয়ে নেওয়া"", ""example_sentence"": ""শিক্ষার্থীরা উদাহরণে সময়মতো সমন্বয় করা এবং কারও সঙ্গে মিলিয়ে নেওয়া অনুশীলন করে।""}, {""phrase"": ""প্রকল্প চলাকালে সমন্বয় করা এবং কারও সঙ্গে মিলিয়ে নেওয়া"", ""example_sentence"": ""শিক্ষার্থীরা উদাহরণে প্রকল্প চলাকালে সমন্বয় করা এবং কারও সঙ্গে মিলিয়ে নেওয়া অনুশীলন করে।""}, {""phrase"": ""দেরি না করে সমন্বয় করা এবং কারও সঙ্গে মিলিয়ে নেওয়া"", ""example_sentence"": ""শিক্ষার্থীরা উদাহরণে দেরি না করে সমন্বয় করা এবং কারও সঙ্গে মিলিয়ে নেওয়া অনুশীলন করে।""}]",coordinate; align; synchronize,misalign; fall out of sync; conflict,A2,"09 - Relationships, Feelings & Daily Life","After school, Ben had to sync up.","স্কুলের পর, বেনকে সমন্বয় করা এবং কারও সঙ্গে মিলিয়ে নেওয়া প্রয়োজন হয়েছিল।","realistic school scene matching the sentence, clear action and natural colors. Realistic contemporary setting, natural lighting, clear facial expressions, accurate everyday details, documentary photography style.","[""Sara had to sync up before lunch."", ""We decided to sync up during the meeting."", ""They want to sync up this week.""]"
Phrasal Verb,team up,/tim ʌp/,TEEM up,টিম আপ,To join forces with others to achieve something,কোনো কিছু অর্জনের জন্য অন্যদের সঙ্গে এক হওয়া,"[{""phrase"": ""team up on time"", ""example_sentence"": ""The team tried to team up on time so the schedule stayed clear.""}, {""phrase"": ""team up during the project"", ""example_sentence"": ""Things may team up during the project when the workload increases.""}, {""phrase"": ""team up without delay"", ""example_sentence"": ""Everyone was ready to team up without delay after the announcement.""}]","[{""phrase"": ""সময়মতো কিছু অর্জনের জন্য অন্যদের সঙ্গে এক হওয়া"", ""example_sentence"": ""শিক্ষার্থীরা উদাহরণে সময়মতো কিছু অর্জনের জন্য অন্যদের সঙ্গে এক হওয়া অনুশীলন করে।""}, {""phrase"": ""প্রকল্প চলাকালে কিছু অর্জনের জন্য অন্যদের সঙ্গে এক হওয়া"", ""example_sentence"": ""শিক্ষার্থীরা উদাহরণে প্রকল্প চলাকালে কিছু অর্জনের জন্য অন্যদের সঙ্গে এক হওয়া অনুশীলন করে।""}, {""phrase"": ""দেরি না করে কিছু অর্জনের জন্য অন্যদের সঙ্গে এক হওয়া"", ""example_sentence"": ""শিক্ষার্থীরা উদাহরণে দেরি না করে কিছু অর্জনের জন্য অন্যদের সঙ্গে এক হওয়া অনুশীলন করে।""}]",join forces; cooperate; work together,compete; split up; work separately,A2,"09 - Relationships, Feelings & Daily Life","At work, Sara had to team up.","কর্মক্ষেত্রে, সারাকে কোনো কিছু অর্জনের জন্য অন্যদের সঙ্গে এক হওয়া প্রয়োজন হয়েছিল।","realistic workplace scene matching the sentence, detailed environment and natural light. Realistic contemporary setting, natural lighting, clear facial expressions, accurate everyday details, documentary photography style.","[""Leo had to team up before lunch."", ""We decided to team up during the meeting."", ""They want to team up this week.""]"
Phrasal Verb,throw in,/θroʊ ɪn/,THROH een,থ্রো ইন,To include as an extra; to abandon effort,অতিরিক্ত হিসেবে যোগ করা; চেষ্টা ছেড়ে দেওয়া,"[{""phrase"": ""throw in the issue"", ""example_sentence"": ""The manager asked the team to throw in the issue before the deadline.""}, {""phrase"": ""throw in the plan"", ""example_sentence"": ""Students learned how to throw in the plan in a practical exercise.""}, {""phrase"": ""throw in the task"", ""example_sentence"": ""We need to throw in the task carefully before we move forward.""}]","[{""phrase"": ""সমস্যাটি অতিরিক্ত হিসেবে যোগ করা"", ""example_sentence"": ""শিক্ষার্থীরা উদাহরণে সমস্যাটি অতিরিক্ত হিসেবে যোগ করা অনুশীলন করে।""}, {""phrase"": ""পরিকল্পনাটি অতিরিক্ত হিসেবে যোগ করা"", ""example_sentence"": ""শিক্ষার্থীরা উদাহরণে পরিকল্পনাটি অতিরিক্ত হিসেবে যোগ করা অনুশীলন করে।""}, {""phrase"": ""কাজটি অতিরিক্ত হিসেবে যোগ করা"", ""example_sentence"": ""শিক্ষার্থীরা উদাহরণে কাজটি অতিরিক্ত হিসেবে যোগ করা অনুশীলন করে।""}]",include; add; abandon effort,leave out; exclude; keep trying,A2,"09 - Relationships, Feelings & Daily Life","During the day, Leo had to throw in.","দিনের মধ্যে, লিওকে অতিরিক্ত হিসেবে যোগ করা বা চেষ্টা ছেড়ে দেওয়া প্রয়োজন হয়েছিল।","realistic daily-life scene matching the sentence, natural lighting, candid photography. Realistic contemporary setting, natural lighting, clear facial expressions, accurate everyday details, documentary photography style.","[""Maya had to throw in before lunch."", ""We decided to throw in during the meeting."", ""They want to throw in this week.""]"
Phrasal Verb,touch on,/tʌtʃ ɑn/,TOOHCH on,টাচ অন,To briefly mention a topic,সংক্ষেপে কোনো বিষয় উল্লেখ করা,"[{""phrase"": ""touch on a topic"", ""example_sentence"": ""The manager asked the team to touch on a topic before the deadline.""}, {""phrase"": ""touch on an issue"", ""example_sentence"": ""Students learned how to touch on an issue in a practical exercise.""}, {""phrase"": ""touch on the message"", ""example_sentence"": ""We need to touch on the message carefully before we move forward.""}]","[{""phrase"": ""একটি বিষয় সংক্ষেপে কোনো বিষয় উল্লেখ করা"", ""example_sentence"": ""শিক্ষার্থীরা উদাহরণে একটি বিষয় সংক্ষেপে কোনো বিষয় উল্লেখ করা অনুশীলন করে।""}, {""phrase"": ""একটি সমস্যা সংক্ষেপে কোনো বিষয় উল্লেখ করা"", ""example_sentence"": ""শিক্ষার্থীরা উদাহরণে একটি সমস্যা সংক্ষেপে কোনো বিষয় উল্লেখ করা অনুশীলন করে।""}, {""phrase"": ""বার্তাটি সংক্ষেপে কোনো বিষয় উল্লেখ করা"", ""example_sentence"": ""শিক্ষার্থীরা উদাহরণে বার্তাটি সংক্ষেপে কোনো বিষয় উল্লেখ করা অনুশীলন করে।""}]",mention briefly; refer to; bring up,ignore; avoid mentioning; skip,A2,01 - Communication & Discussion,"In class, Maya had to touch on one question about the homework so everyone understood the task.",ব্যক্তিটি সংক্ষেপে কোনো বিষয় উল্লেখ করা করেছিল।,"bright classroom, student raising a hand while classmates and a teacher look on, notebooks open. Realistic contemporary setting, natural lighting, clear facial expressions, accurate everyday details, documentary photography style.","[""Please touch on the budget issue today."", ""David wanted to touch on the class trip at lunch."", ""The teacher asked us to touch on one more point.""]"
Phrasal Verb,trade off,/treɪd ɔf/,TRAYD AWF,ট্রেইড অফ,To balance competing priorities or factors,প্রতিদ্বন্দ্বী অগ্রাধিকার বা কারণের মধ্যে ভারসাম্য রাখা,"[{""phrase"": ""trade off a plan"", ""example_sentence"": ""The manager asked the team to trade off a plan before the deadline.""}, {""phrase"": ""trade off the decision"", ""example_sentence"": ""Students learned how to trade off the decision in a practical exercise.""}, {""phrase"": ""trade off the strategy"", ""example_sentence"": ""We need to trade off the strategy carefully before we move forward.""}]","[{""phrase"": ""একটি পরিকল্পনা প্রতিদ্বন্দ্বী অগ্রাধিকার বা কারণের মধ্যে ভারসাম্য রাখা"", ""example_sentence"": ""শিক্ষার্থীরা উদাহরণে একটি পরিকল্পনা প্রতিদ্বন্দ্বী অগ্রাধিকার বা কারণের মধ্যে ভারসাম্য রাখা অনুশীলন করে।""}, {""phrase"": ""সিদ্ধান্তটি প্রতিদ্বন্দ্বী অগ্রাধিকার বা কারণের মধ্যে ভারসাম্য রাখা"", ""example_sentence"": ""শিক্ষার্থীরা উদাহরণে সিদ্ধান্তটি প্রতিদ্বন্দ্বী অগ্রাধিকার বা কারণের মধ্যে ভারসাম্য রাখা অনুশীলন করে।""}, {""phrase"": ""কৌশলটি প্রতিদ্বন্দ্বী অগ্রাধিকার বা কারণের মধ্যে ভারসাম্য রাখা"", ""example_sentence"": ""শিক্ষার্থীরা উদাহরণে কৌশলটি প্রতিদ্বন্দ্বী অগ্রাধিকার বা কারণের মধ্যে ভারসাম্য রাখা অনুশীলন করে।""}]",balance; compromise; exchange one thing for another,ignore trade-offs; favor one side; refuse compromise,A2,"03 - Plans, Decisions & Strategy","At work, David had to trade off.","কর্মক্ষেত্রে, ডেভিডকে প্রতিদ্বন্দ্বী অগ্রাধিকার বা কারণের মধ্যে ভারসাম্য রাখা প্রয়োজন হয়েছিল।","realistic workplace scene matching the sentence, detailed environment and natural light. Realistic contemporary setting, natural lighting, clear facial expressions, accurate everyday details, documentary photography style.","[""Ivy had to trade off before lunch."", ""We decided to trade off during the meeting."", ""They want to trade off this week.""]"
Phrasal Verb,transition into,/trænzɪʃən ɪntu/,TRAN-zish-un in-too,ট্র্যান্জিশান ইনটু,To change smoothly from one state to another,এক অবস্থা থেকে অন্য অবস্থায় মসৃণভাবে পরিবর্তিত হওয়া,"[{""phrase"": ""transition into the issue"", ""example_sentence"": ""The manager asked the team to transition into the issue before the deadline.""}, {""phrase"": ""transition into the plan"", ""example_sentence"": ""Students learned how to transition into the plan in a practical exercise.""}, {""phrase"": ""transition into the task"", ""example_sentence"": ""We need to transition into the task carefully before we move forward.""}]","[{""phrase"": ""সমস্যাটি এক অবস্থা থেকে অন্য অবস্থায় মসৃণভাবে পরিবর্তিত হওয়া"", ""example_sentence"": ""শিক্ষার্থীরা উদাহরণে সমস্যাটি এক অবস্থা থেকে অন্য অবস্থায় মসৃণভাবে পরিবর্তিত হওয়া অনুশীলন করে।""}, {""phrase"": ""পরিকল্পনাটি এক অবস্থা থেকে অন্য অবস্থায় মসৃণভাবে পরিবর্তিত হওয়া"", ""example_sentence"": ""শিক্ষার্থীরা উদাহরণে পরিকল্পনাটি এক অবস্থা থেকে অন্য অবস্থায় মসৃণভাবে পরিবর্তিত হওয়া অনুশীলন করে।""}, {""phrase"": ""কাজটি এক অবস্থা থেকে অন্য অবস্থায় মসৃণভাবে পরিবর্তিত হওয়া"", ""example_sentence"": ""শিক্ষার্থীরা উদাহরণে কাজটি এক অবস্থা থেকে অন্য অবস্থায় মসৃণভাবে পরিবর্তিত হওয়া অনুশীলন করে।""}]",change into; move into; shift to,remain; stay the same; revert,A2,"08 - Change, Growth, Rules & Control","During the design session, Ivy had to transition into.","ডিজাইন সেশনের সময়, আইভিকে এক অবস্থা থেকে অন্য অবস্থায় মসৃণভাবে পরিবর্তিত হওয়া প্রয়োজন হয়েছিল।","creative workshop with sketches, sticky notes, and a team exploring new ideas. Realistic contemporary setting, natural lighting, clear facial expressions, accurate everyday details, documentary photography style.","[""The design team had to transition into to solve the problem."", ""Ryan wanted to transition into instead of copying the old plan."", ""Small companies often transition into when markets change.""]"
Phrasal Verb,trial run,/traɪəl rʌn/,TRY-ul RUN,ট্রাইআল রান,To test a process before full implementation,পুরো বাস্তবায়নের আগে প্রক্রিয়া পরীক্ষা করে দেখা,"[{""phrase"": ""trial run a plan"", ""example_sentence"": ""The manager asked the team to trial run a plan before the deadline.""}, {""phrase"": ""trial run the decision"", ""example_sentence"": ""Students learned how to trial run the decision in a practical exercise.""}, {""phrase"": ""trial run the strategy"", ""example_sentence"": ""We need to trial run the strategy carefully before we move forward.""}]","[{""phrase"": ""একটি পরিকল্পনা পুরো বাস্তবায়নের আগে প্রক্রিয়া পরীক্ষা করে দেখা"", ""example_sentence"": ""শিক্ষার্থীরা উদাহরণে একটি পরিকল্পনা পুরো বাস্তবায়নের আগে প্রক্রিয়া পরীক্ষা করে দেখা অনুশীলন করে।""}, {""phrase"": ""সিদ্ধান্তটি পুরো বাস্তবায়নের আগে প্রক্রিয়া পরীক্ষা করে দেখা"", ""example_sentence"": ""শিক্ষার্থীরা উদাহরণে সিদ্ধান্তটি পুরো বাস্তবায়নের আগে প্রক্রিয়া পরীক্ষা করে দেখা অনুশীলন করে।""}, {""phrase"": ""কৌশলটি পুরো বাস্তবায়নের আগে প্রক্রিয়া পরীক্ষা করে দেখা"", ""example_sentence"": ""শিক্ষার্থীরা উদাহরণে কৌশলটি পুরো বাস্তবায়নের আগে প্রক্রিয়া পরীক্ষা করে দেখা অনুশীলন করে।""}]",test run; practice run; pilot test,full launch; skip testing; final version,A2,"03 - Plans, Decisions & Strategy","After school, Ryan had to trial run.","স্কুলের পর, রায়ানকে পুরো বাস্তবায়নের আগে প্রক্রিয়া পরীক্ষা করে দেখা প্রয়োজন হয়েছিল।","realistic school scene matching the sentence, clear action and natural colors. Realistic contemporary setting, natural lighting, clear facial expressions, accurate everyday details, documentary photography style.","[""Julia had to trial run before lunch."", ""We decided to trial run during the meeting."", ""They want to trial run this week.""]"
Phrasal Verb,uncover,/ənkʌvɚ/,un-KUH-ver,আন্কাভার,To reveal something hidden or unknown,লুকানো বা অজানা কিছু প্রকাশ করা,"[{""phrase"": ""uncover the problem"", ""example_sentence"": ""The manager asked the team to uncover the problem before the deadline.""}, {""phrase"": ""uncover the answer"", ""example_sentence"": ""Students learned how to uncover the answer in a practical exercise.""}, {""phrase"": ""uncover the idea"", ""example_sentence"": ""We need to uncover the idea carefully before we move forward.""}]","[{""phrase"": ""সমস্যাটি অজানা কিছু প্রকাশ করা"", ""example_sentence"": ""শিক্ষার্থীরা উদাহরণে সমস্যাটি অজানা কিছু প্রকাশ করা অনুশীলন করে।""}, {""phrase"": ""উত্তরটি অজানা কিছু প্রকাশ করা"", ""example_sentence"": ""শিক্ষার্থীরা উদাহরণে উত্তরটি অজানা কিছু প্রকাশ করা অনুশীলন করে।""}, {""phrase"": ""ধারণাটি অজানা কিছু প্রকাশ করা"", ""example_sentence"": ""শিক্ষার্থীরা উদাহরণে ধারণাটি অজানা কিছু প্রকাশ করা অনুশীলন করে।""}]",reveal; discover; expose,hide; cover up; conceal,A2,"02 - Thinking, Learning & Understanding",The audit helped the finance team uncover a billing mistake that no one had noticed.,The লুকানো বা অজানা কিছু প্রকাশ করা করেছিল।,"Finance team reviewing invoices and spreadsheets, discovering an error during an audit, realistic office scene.","[""The report helped uncover the real cause of the delay."", ""Police uncovered hidden documents in the garage."", ""A fresh review may uncover another problem.""]"
Phrasal Verb,unlock,/ənlɑk/,un-LOCK,আন্লাক,To reveal potential; to open access,সম্ভাবনা প্রকাশ করা; প্রবেশাধিকার খুলে দেওয়া,"[{""phrase"": ""unlock the issue"", ""example_sentence"": ""The manager asked the team to unlock the issue before the deadline.""}, {""phrase"": ""unlock the plan"", ""example_sentence"": ""Students learned how to unlock the plan in a practical exercise.""}, {""phrase"": ""unlock the task"", ""example_sentence"": ""We need to unlock the task carefully before we move forward.""}]","[{""phrase"": ""সমস্যাটি সম্ভাবনা প্রকাশ করা"", ""example_sentence"": ""শিক্ষার্থীরা উদাহরণে সমস্যাটি সম্ভাবনা প্রকাশ করা অনুশীলন করে।""}, {""phrase"": ""পরিকল্পনাটি সম্ভাবনা প্রকাশ করা"", ""example_sentence"": ""শিক্ষার্থীরা উদাহরণে পরিকল্পনাটি সম্ভাবনা প্রকাশ করা অনুশীলন করে।""}, {""phrase"": ""কাজটি সম্ভাবনা প্রকাশ করা"", ""example_sentence"": ""শিক্ষার্থীরা উদাহরণে কাজটি সম্ভাবনা প্রকাশ করা অনুশীলন করে।""}]",open access; release potential; make available,lock; restrict; block,A2,"06 - Progress, Success & Results","During the day, Sam had to unlock.","দিনের মধ্যে, স্যামকে সম্ভাবনা প্রকাশ করা বা প্রবেশাধিকার খুলে দেওয়া প্রয়োজন হয়েছিল।","realistic daily-life scene matching the sentence, natural lighting, candid photography. Realistic contemporary setting, natural lighting, clear facial expressions, accurate everyday details, documentary photography style.","[""Ella had to unlock before lunch."", ""We decided to unlock during the meeting."", ""They want to unlock this week.""]"
Phrasal Verb,validate,/vælədeɪt/,VAL-uh-dayt,ভ্যালাডেইট,To confirm or prove something is correct,কোনো কিছু সঠিক তা নিশ্চিত বা প্রমাণ করা,"[{""phrase"": ""validate the problem"", ""example_sentence"": ""The manager asked the team to validate the problem before the deadline.""}, {""phrase"": ""validate the answer"", ""example_sentence"": ""Students learned how to validate the answer in a practical exercise.""}, {""phrase"": ""validate the idea"", ""example_sentence"": ""We need to validate the idea carefully before we move forward.""}]","[{""phrase"": ""সমস্যাটি প্রমাণ করা"", ""example_sentence"": ""শিক্ষার্থীরা উদাহরণে সমস্যাটি প্রমাণ করা অনুশীলন করে।""}, {""phrase"": ""উত্তরটি প্রমাণ করা"", ""example_sentence"": ""শিক্ষার্থীরা উদাহরণে উত্তরটি প্রমাণ করা অনুশীলন করে।""}, {""phrase"": ""ধারণাটি প্রমাণ করা"", ""example_sentence"": ""শিক্ষার্থীরা উদাহরণে ধারণাটি প্রমাণ করা অনুশীলন করে।""}]",confirm; prove correct; verify,disprove; invalidate; refute,A2,"02 - Thinking, Learning & Understanding","After school, Ella had to validate.","স্কুলের পর, এলাকে কোনো কিছু সঠিক তা নিশ্চিত বা প্রমাণ করা প্রয়োজন হয়েছিল।","realistic school scene matching the sentence, clear action and natural colors. Realistic contemporary setting, natural lighting, clear facial expressions, accurate everyday details, documentary photography style.","[""Jonah had to validate before lunch."", ""We decided to validate during the meeting."", ""They want to validate this week.""]"
Phrasal Verb,voice concerns,/vɔɪs kənsɝnz/,VOYS KUN-sernz,ভয়স কান্সারন্জ,To express worries or objections,উদ্বেগ বা আপত্তি প্রকাশ করা,"[{""phrase"": ""voice concerns a topic"", ""example_sentence"": ""The manager asked the team to voice concerns a topic before the deadline.""}, {""phrase"": ""voice concerns an issue"", ""example_sentence"": ""Students learned how to voice concerns an issue in a practical exercise.""}, {""phrase"": ""voice concerns the message"", ""example_sentence"": ""We need to voice concerns the message carefully before we move forward.""}]","[{""phrase"": ""একটি বিষয় আপত্তি প্রকাশ করা"", ""example_sentence"": ""শিক্ষার্থীরা উদাহরণে একটি বিষয় আপত্তি প্রকাশ করা অনুশীলন করে।""}, {""phrase"": ""একটি সমস্যা আপত্তি প্রকাশ করা"", ""example_sentence"": ""শিক্ষার্থীরা উদাহরণে একটি সমস্যা আপত্তি প্রকাশ করা অনুশীলন করে।""}, {""phrase"": ""বার্তাটি আপত্তি প্রকাশ করা"", ""example_sentence"": ""শিক্ষার্থীরা উদাহরণে বার্তাটি আপত্তি প্রকাশ করা অনুশীলন করে।""}]",express worries; raise objections; speak up,stay silent; hide concerns; approve quietly,A2,01 - Communication & Discussion,"At work, Jonah had to voice concerns.","কর্মক্ষেত্রে, জোনাহকে উদ্বেগ বা আপত্তি প্রকাশ করা প্রয়োজন হয়েছিল।","realistic workplace scene matching the sentence, detailed environment and natural light. Realistic contemporary setting, natural lighting, clear facial expressions, accurate everyday details, documentary photography style.","[""Leila had to voice concerns before lunch."", ""We decided to voice concerns during the meeting."", ""They want to voice concerns this week.""]"
Phrasal Verb,weigh in on,/weɪ ɪn ɑn/,WAY een on,ওয়ে ইন অন,To contribute an opinion to a discussion,আলোচনায় নিজের মত দিয়ে অবদান রাখা,"[{""phrase"": ""weigh in on a topic"", ""example_sentence"": ""The manager asked the team to weigh in on a topic before the deadline.""}, {""phrase"": ""weigh in on an issue"", ""example_sentence"": ""Students learned how to weigh in on an issue in a practical exercise.""}, {""phrase"": ""weigh in on the message"", ""example_sentence"": ""We need to weigh in on the message carefully before we move forward.""}]","[{""phrase"": ""একটি বিষয় আলোচনায় নিজের মত দিয়ে অবদান রাখা"", ""example_sentence"": ""শিক্ষার্থীরা উদাহরণে একটি বিষয় আলোচনায় নিজের মত দিয়ে অবদান রাখা অনুশীলন করে।""}, {""phrase"": ""একটি সমস্যা আলোচনায় নিজের মত দিয়ে অবদান রাখা"", ""example_sentence"": ""শিক্ষার্থীরা উদাহরণে একটি সমস্যা আলোচনায় নিজের মত দিয়ে অবদান রাখা অনুশীলন করে।""}, {""phrase"": ""বার্তাটি আলোচনায় নিজের মত দিয়ে অবদান রাখা"", ""example_sentence"": ""শিক্ষার্থীরা উদাহরণে বার্তাটি আলোচনায় নিজের মত দিয়ে অবদান রাখা অনুশীলন করে।""}]",give an opinion; contribute views; comment on,stay out; withhold opinion; remain silent,B1,01 - Communication & Discussion,"During an office meeting, Leila had to weigh in on the late delivery so the team could discuss it.",ব্যক্তিটি আলোচনায় নিজের মত দিয়ে অবদান রাখা করেছিল।,"glass-walled office meeting, one employee speaking while coworkers listen around a table with laptops and delivery papers. Realistic contemporary setting, natural lighting, clear facial expressions, accurate everyday details, documentary photography style.","[""Please weigh in on the budget issue today."", ""Victor wanted to weigh in on the class trip at lunch."", ""The teacher asked us to weigh in on one more point.""]"
Phrasal Verb,whittle down,/wɪtəl daʊn/,WEETOOHL DOWN,ওয়িটাল ডাউন,To reduce gradually to a manageable size,ধীরে ধীরে কমিয়ে সামলানোর মতো আকারে আনা,"[{""phrase"": ""whittle down the issue"", ""example_sentence"": ""The manager asked the team to whittle down the issue before the deadline.""}, {""phrase"": ""whittle down the plan"", ""example_sentence"": ""Students learned how to whittle down the plan in a practical exercise.""}, {""phrase"": ""whittle down the task"", ""example_sentence"": ""We need to whittle down the task carefully before we move forward.""}]","[{""phrase"": ""সমস্যাটি ধীরে ধীরে কমিয়ে সামলানোর মতো আকারে আনা"", ""example_sentence"": ""শিক্ষার্থীরা উদাহরণে সমস্যাটি ধীরে ধীরে কমিয়ে সামলানোর মতো আকারে আনা অনুশীলন করে।""}, {""phrase"": ""পরিকল্পনাটি ধীরে ধীরে কমিয়ে সামলানোর মতো আকারে আনা"", ""example_sentence"": ""শিক্ষার্থীরা উদাহরণে পরিকল্পনাটি ধীরে ধীরে কমিয়ে সামলানোর মতো আকারে আনা অনুশীলন করে।""}, {""phrase"": ""কাজটি ধীরে ধীরে কমিয়ে সামলানোর মতো আকারে আনা"", ""example_sentence"": ""শিক্ষার্থীরা উদাহরণে কাজটি ধীরে ধীরে কমিয়ে সামলানোর মতো আকারে আনা অনুশীলন করে।""}]",reduce gradually; narrow down; cut down,expand; increase; add more,A2,"08 - Change, Growth, Rules & Control","For the environment, Victor decided to whittle down plastic use in the office.","পরিবেশের জন্য, ভিক্টর অফিসে প্লাস্টিকের ব্যবহার ধীরে ধীরে কমিয়ে সামলানোর মতো আকারে আনা করার সিদ্ধান্ত নিয়েছিল।","office kitchen with reusable bottles and containers replacing plastic items. Realistic contemporary setting, natural lighting, clear facial expressions, accurate everyday details, documentary photography style.","[""The family wants to whittle down on waste this month."", ""Mason decided to whittle down after looking at the bill."", ""We need to whittle down before the exam week.""]"
Phrasal Verb,window in,/wɪndoʊ ɪn/,WIN-doh een,ওয়িন্ডো ইন,To find a time slot in a busy schedule,ব্যস্ত সময়সূচিতে সময়ের ফাঁক খুঁজে নেওয়া,"[{""phrase"": ""window in the issue"", ""example_sentence"": ""The manager asked the team to window in the issue before the deadline.""}, {""phrase"": ""window in the plan"", ""example_sentence"": ""Students learned how to window in the plan in a practical exercise.""}, {""phrase"": ""window in the task"", ""example_sentence"": ""We need to window in the task carefully before we move forward.""}]","[{""phrase"": ""সমস্যাটি ব্যস্ত সময়সূচিতে সময়ের ফাঁক খুঁজে নেওয়া"", ""example_sentence"": ""শিক্ষার্থীরা উদাহরণে সমস্যাটি ব্যস্ত সময়সূচিতে সময়ের ফাঁক খুঁজে নেওয়া অনুশীলন করে।""}, {""phrase"": ""পরিকল্পনাটি ব্যস্ত সময়সূচিতে সময়ের ফাঁক খুঁজে নেওয়া"", ""example_sentence"": ""শিক্ষার্থীরা উদাহরণে পরিকল্পনাটি ব্যস্ত সময়সূচিতে সময়ের ফাঁক খুঁজে নেওয়া অনুশীলন করে।""}, {""phrase"": ""কাজটি ব্যস্ত সময়সূচিতে সময়ের ফাঁক খুঁজে নেওয়া"", ""example_sentence"": ""শিক্ষার্থীরা উদাহরণে কাজটি ব্যস্ত সময়সূচিতে সময়ের ফাঁক খুঁজে নেওয়া অনুশীলন করে।""}]",find a time slot; schedule; fit in,leave unscheduled; overbook; cancel,A2,"05 - Time, Scheduling & Process","At work, Hana had to window in.","কর্মক্ষেত্রে, হানাকে ব্যস্ত সময়সূচিতে সময়ের ফাঁক খুঁজে নেওয়া প্রয়োজন হয়েছিল।","realistic workplace scene matching the sentence, detailed environment and natural light. Realistic contemporary setting, natural lighting, clear facial expressions, accurate everyday details, documentary photography style.","[""Mason had to window in before lunch."", ""We decided to window in during the meeting."", ""They want to window in this week.""]"
Phrasal Verb,work around,/wɝk ɚaʊnd/,WERK uh-round,ওয়ার্ক আরআউন্ড,To find an alternative solution to a constraint,সীমাবদ্ধতার বিকল্প সমাধান খুঁজে নেওয়া,"[{""phrase"": ""work around the problem"", ""example_sentence"": ""The manager asked the team to work around the problem before the deadline.""}, {""phrase"": ""work around the risk"", ""example_sentence"": ""Students learned how to work around the risk in a practical exercise.""}, {""phrase"": ""work around the mistake"", ""example_sentence"": ""We need to work around the mistake carefully before we move forward.""}]","[{""phrase"": ""সমস্যাটি সীমাবদ্ধতার বিকল্প সমাধান খুঁজে নেওয়া"", ""example_sentence"": ""শিক্ষার্থীরা উদাহরণে সমস্যাটি সীমাবদ্ধতার বিকল্প সমাধান খুঁজে নেওয়া অনুশীলন করে।""}, {""phrase"": ""ঝুঁকিটি সীমাবদ্ধতার বিকল্প সমাধান খুঁজে নেওয়া"", ""example_sentence"": ""শিক্ষার্থীরা উদাহরণে ঝুঁকিটি সীমাবদ্ধতার বিকল্প সমাধান খুঁজে নেওয়া অনুশীলন করে।""}, {""phrase"": ""ভুলটি সীমাবদ্ধতার বিকল্প সমাধান খুঁজে নেওয়া"", ""example_sentence"": ""শিক্ষার্থীরা উদাহরণে ভুলটি সীমাবদ্ধতার বিকল্প সমাধান খুঁজে নেওয়া অনুশীলন করে।""}]",find an alternative; bypass; solve indirectly,confront directly; give up; be blocked,A2,"07 - Problems, Difficulty & Risk","During the day, Mason had to work around.","দিনের মধ্যে, মেসনকে সীমাবদ্ধতার বিকল্প সমাধান খুঁজে নেওয়া প্রয়োজন হয়েছিল।","realistic daily-life scene matching the sentence, natural lighting, candid photography. Realistic contemporary setting, natural lighting, clear facial expressions, accurate everyday details, documentary photography style.","[""Nina had to work around before lunch."", ""We decided to work around during the meeting."", ""They want to work around this week.""]"
Phrasal Verb,write up,/raɪt ʌp/,RYT up,রাইট আপ,To produce a formal written account of something,কোনো বিষয়ের আনুষ্ঠানিক লিখিত বিবরণ তৈরি করা,"[{""phrase"": ""write up the issue"", ""example_sentence"": ""The manager asked the team to write up the issue before the deadline.""}, {""phrase"": ""write up the plan"", ""example_sentence"": ""Students learned how to write up the plan in a practical exercise.""}, {""phrase"": ""write up the task"", ""example_sentence"": ""We need to write up the task carefully before we move forward.""}]","[{""phrase"": ""সমস্যাটি বিষয়ের আনুষ্ঠানিক লিখিত বিবরণ তৈরি করা"", ""example_sentence"": ""শিক্ষার্থীরা উদাহরণে সমস্যাটি বিষয়ের আনুষ্ঠানিক লিখিত বিবরণ তৈরি করা অনুশীলন করে।""}, {""phrase"": ""পরিকল্পনাটি বিষয়ের আনুষ্ঠানিক লিখিত বিবরণ তৈরি করা"", ""example_sentence"": ""শিক্ষার্থীরা উদাহরণে পরিকল্পনাটি বিষয়ের আনুষ্ঠানিক লিখিত বিবরণ তৈরি করা অনুশীলন করে।""}, {""phrase"": ""কাজটি বিষয়ের আনুষ্ঠানিক লিখিত বিবরণ তৈরি করা"", ""example_sentence"": ""শিক্ষার্থীরা উদাহরণে কাজটি বিষয়ের আনুষ্ঠানিক লিখিত বিবরণ তৈরি করা অনুশীলন করে।""}]",write formally; produce a report; document,leave unwritten; erase; ignore,A2,"10 - Money, Business, Technology & Movement","After school, Nina had to write up.","স্কুলের পর, নিনাকে কোনো বিষয়ের আনুষ্ঠানিক লিখিত বিবরণ তৈরি করা প্রয়োজন হয়েছিল।","realistic school scene matching the sentence, clear action and natural colors. Realistic contemporary setting, natural lighting, clear facial expressions, accurate everyday details, documentary photography style.","[""Adam had to write up before lunch."", ""We decided to write up during the meeting."", ""They want to write up this week.""]"
Phrasal Verb,yield to,/jild tu/,YEELD too,য়িল্ড টু,To give way to pressure or a superior force,চাপ বা শক্তিশালী পক্ষের কাছে নতি স্বীকার করা,"[{""phrase"": ""yield to the problem"", ""example_sentence"": ""The manager asked the team to yield to the problem before the deadline.""}, {""phrase"": ""yield to the risk"", ""example_sentence"": ""Students learned how to yield to the risk in a practical exercise.""}, {""phrase"": ""yield to the mistake"", ""example_sentence"": ""We need to yield to the mistake carefully before we move forward.""}]","[{""phrase"": ""সমস্যাটি শক্তিশালী পক্ষের কাছে নতি স্বীকার করা"", ""example_sentence"": ""শিক্ষার্থীরা উদাহরণে সমস্যাটি শক্তিশালী পক্ষের কাছে নতি স্বীকার করা অনুশীলন করে।""}, {""phrase"": ""ঝুঁকিটি শক্তিশালী পক্ষের কাছে নতি স্বীকার করা"", ""example_sentence"": ""শিক্ষার্থীরা উদাহরণে ঝুঁকিটি শক্তিশালী পক্ষের কাছে নতি স্বীকার করা অনুশীলন করে।""}, {""phrase"": ""ভুলটি শক্তিশালী পক্ষের কাছে নতি স্বীকার করা"", ""example_sentence"": ""শিক্ষার্থীরা উদাহরণে ভুলটি শক্তিশালী পক্ষের কাছে নতি স্বীকার করা অনুশীলন করে।""}]",give way; surrender; submit,resist; stand firm; hold out,A2,"07 - Problems, Difficulty & Risk","At work, Adam had to yield to.","কর্মক্ষেত্রে, আদমকে চাপ বা শক্তিশালী পক্ষের কাছে নতি স্বীকার করা প্রয়োজন হয়েছিল।","realistic workplace scene matching the sentence, detailed environment and natural light. Realistic contemporary setting, natural lighting, clear facial expressions, accurate everyday details, documentary photography style.","[""Emma had to yield to before lunch."", ""We decided to yield to during the meeting."", ""They want to yield to this week.""]"
Phrasal Verb,zone in on,/zoʊn ɪn ɑn/,ZOHN een on,জোন ইন অন,To concentrate precisely on a specific thing,নির্দিষ্ট বিষয়ের ওপর গভীরভাবে মনোযোগ দেওয়া,"[{""phrase"": ""zone in on the problem"", ""example_sentence"": ""The manager asked the team to zone in on the problem before the deadline.""}, {""phrase"": ""zone in on the answer"", ""example_sentence"": ""Students learned how to zone in on the answer in a practical exercise.""}, {""phrase"": ""zone in on the idea"", ""example_sentence"": ""We need to zone in on the idea carefully before we move forward.""}]","[{""phrase"": ""সমস্যাটি নির্দিষ্ট বিষয়ের ওপর গভীরভাবে মনোযোগ দেওয়া"", ""example_sentence"": ""শিক্ষার্থীরা উদাহরণে সমস্যাটি নির্দিষ্ট বিষয়ের ওপর গভীরভাবে মনোযোগ দেওয়া অনুশীলন করে।""}, {""phrase"": ""উত্তরটি নির্দিষ্ট বিষয়ের ওপর গভীরভাবে মনোযোগ দেওয়া"", ""example_sentence"": ""শিক্ষার্থীরা উদাহরণে উত্তরটি নির্দিষ্ট বিষয়ের ওপর গভীরভাবে মনোযোগ দেওয়া অনুশীলন করে।""}, {""phrase"": ""ধারণাটি নির্দিষ্ট বিষয়ের ওপর গভীরভাবে মনোযোগ দেওয়া"", ""example_sentence"": ""শিক্ষার্থীরা উদাহরণে ধারণাটি নির্দিষ্ট বিষয়ের ওপর গভীরভাবে মনোযোগ দেওয়া অনুশীলন করে।""}]",focus on; concentrate on; zero in on,lose focus; zoom out; ignore,B1,"02 - Thinking, Learning & Understanding","During the day, Emma had to zone in on.","দিনের মধ্যে, এমাকে নির্দিষ্ট বিষয়ের ওপর গভীরভাবে মনোযোগ দেওয়া প্রয়োজন হয়েছিল।","realistic daily-life scene matching the sentence, natural lighting, candid photography. Realistic contemporary setting, natural lighting, clear facial expressions, accurate everyday details, documentary photography style.","[""Noah had to zone in on before lunch."", ""We decided to zone in on during the meeting."", ""They want to zone in on this week.""]"
Phrasal Verb,zoom ahead,/zum əhɛd/,ZOOM uh-HED,জুম আহেড,To advance rapidly,দ্রুত এগিয়ে যাওয়া,"[{""phrase"": ""zoom ahead on time"", ""example_sentence"": ""The team tried to zoom ahead on time so the schedule stayed clear.""}, {""phrase"": ""zoom ahead during the project"", ""example_sentence"": ""Things may zoom ahead during the project when the workload increases.""}, {""phrase"": ""zoom ahead without delay"", ""example_sentence"": ""Everyone was ready to zoom ahead without delay after the announcement.""}]","[{""phrase"": ""সময়মতো দ্রুত এগিয়ে যাওয়া"", ""example_sentence"": ""শিক্ষার্থীরা উদাহরণে সময়মতো দ্রুত এগিয়ে যাওয়া অনুশীলন করে।""}, {""phrase"": ""প্রকল্প চলাকালে দ্রুত এগিয়ে যাওয়া"", ""example_sentence"": ""শিক্ষার্থীরা উদাহরণে প্রকল্প চলাকালে দ্রুত এগিয়ে যাওয়া অনুশীলন করে।""}, {""phrase"": ""দেরি না করে দ্রুত এগিয়ে যাওয়া"", ""example_sentence"": ""শিক্ষার্থীরা উদাহরণে দেরি না করে দ্রুত এগিয়ে যাওয়া অনুশীলন করে।""}]",advance rapidly; speed ahead; move fast,fall behind; slow down; lag,A2,"06 - Progress, Success & Results","After school, Noah had to zoom ahead.","স্কুলের পর, নোয়াকে দ্রুত এগিয়ে যাওয়া প্রয়োজন হয়েছিল।","realistic school scene matching the sentence, clear action and natural colors. Realistic contemporary setting, natural lighting, clear facial expressions, accurate everyday details, documentary photography style.","[""Mia had to zoom ahead before lunch."", ""We decided to zoom ahead during the meeting."", ""They want to zoom ahead this week.""]"
Phrasal Verb,abide by,/əbaɪd baɪ/,uh-BYD by,আবাইড বাই,To comply with a rule or decision,নিয়ম বা সিদ্ধান্ত মেনে চলা,"[{""phrase"": ""abide by the issue"", ""example_sentence"": ""The manager asked the team to abide by the issue before the deadline.""}, {""phrase"": ""abide by the plan"", ""example_sentence"": ""Students learned how to abide by the plan in a practical exercise.""}, {""phrase"": ""abide by the task"", ""example_sentence"": ""We need to abide by the task carefully before we move forward.""}]","[{""phrase"": ""সমস্যাটি নিয়ম বা সিদ্ধান্ত মেনে চলা"", ""example_sentence"": ""শিক্ষার্থীরা উদাহরণে সমস্যাটি নিয়ম বা সিদ্ধান্ত মেনে চলা অনুশীলন করে।""}, {""phrase"": ""পরিকল্পনাটি নিয়ম বা সিদ্ধান্ত মেনে চলা"", ""example_sentence"": ""শিক্ষার্থীরা উদাহরণে পরিকল্পনাটি নিয়ম বা সিদ্ধান্ত মেনে চলা অনুশীলন করে।""}, {""phrase"": ""কাজটি নিয়ম বা সিদ্ধান্ত মেনে চলা"", ""example_sentence"": ""শিক্ষার্থীরা উদাহরণে কাজটি নিয়ম বা সিদ্ধান্ত মেনে চলা অনুশীলন করে।""}]",obey; comply with; follow,break; violate; ignore,A2,"08 - Change, Growth, Rules & Control","At work, Mia had to abide by.","কর্মক্ষেত্রে, মিয়াকে নিয়ম বা সিদ্ধান্ত মেনে চলা প্রয়োজন হয়েছিল।","realistic workplace scene matching the sentence, detailed environment and natural light. Realistic contemporary setting, natural lighting, clear facial expressions, accurate everyday details, documentary photography style.","[""Daniel had to abide by before lunch."", ""We decided to abide by during the meeting."", ""They want to abide by this week.""]"
Phrasal Verb,act up,/ækt ʌp/,AKT up,অ্যাক্ট আপ,To misbehave; to malfunction,খারাপ আচরণ করা; যন্ত্রের ত্রুটি করা,"[{""phrase"": ""act up on time"", ""example_sentence"": ""The team tried to act up on time so the schedule stayed clear.""}, {""phrase"": ""act up during the project"", ""example_sentence"": ""Things may act up during the project when the workload increases.""}, {""phrase"": ""act up without delay"", ""example_sentence"": ""Everyone was ready to act up without delay after the announcement.""}]","[{""phrase"": ""সময়মতো খারাপ আচরণ করা"", ""example_sentence"": ""শিক্ষার্থীরা উদাহরণে সময়মতো খারাপ আচরণ করা অনুশীলন করে।""}, {""phrase"": ""প্রকল্প চলাকালে খারাপ আচরণ করা"", ""example_sentence"": ""শিক্ষার্থীরা উদাহরণে প্রকল্প চলাকালে খারাপ আচরণ করা অনুশীলন করে।""}, {""phrase"": ""দেরি না করে খারাপ আচরণ করা"", ""example_sentence"": ""শিক্ষার্থীরা উদাহরণে দেরি না করে খারাপ আচরণ করা অনুশীলন করে।""}]",misbehave; malfunction; cause trouble,behave; function properly; settle down,A2,"09 - Relationships, Feelings & Daily Life","During the day, Daniel had to act up.","দিনের মধ্যে, ড্যানিয়েলকে খারাপ আচরণ করা বা যন্ত্রের ত্রুটি করা প্রয়োজন হয়েছিল।","realistic daily-life scene matching the sentence, natural lighting, candid photography. Realistic contemporary setting, natural lighting, clear facial expressions, accurate everyday details, documentary photography style.","[""Aisha had to act up before lunch."", ""We decided to act up during the meeting."", ""They want to act up this week.""]"
Phrasal Verb,align with,/əlaɪn wɪð/,uh-LYN with,আলাইন উইথ,To agree with or match something,কোনো কিছুর সঙ্গে একমত বা সামঞ্জস্যপূর্ণ হওয়া,"[{""phrase"": ""align with the task"", ""example_sentence"": ""The manager asked the team to align with the task before the deadline.""}, {""phrase"": ""align with the project"", ""example_sentence"": ""Students learned how to align with the project in a practical exercise.""}, {""phrase"": ""align with the deadline"", ""example_sentence"": ""We need to align with the deadline carefully before we move forward.""}]","[{""phrase"": ""কাজটি সামঞ্জস্যপূর্ণ হওয়া"", ""example_sentence"": ""শিক্ষার্থীরা উদাহরণে কাজটি সামঞ্জস্যপূর্ণ হওয়া অনুশীলন করে।""}, {""phrase"": ""প্রকল্পটি সামঞ্জস্যপূর্ণ হওয়া"", ""example_sentence"": ""শিক্ষার্থীরা উদাহরণে প্রকল্পটি সামঞ্জস্যপূর্ণ হওয়া অনুশীলন করে।""}, {""phrase"": ""সময়সীমাটি সামঞ্জস্যপূর্ণ হওয়া"", ""example_sentence"": ""শিক্ষার্থীরা উদাহরণে সময়সীমাটি সামঞ্জস্যপূর্ণ হওয়া অনুশীলন করে।""}]",match; agree with; correspond to,conflict with; differ from; clash,A2,"09 - Relationships, Feelings & Daily Life","After school, Aisha had to align with.","স্কুলের পর, আইশাকে কোনো কিছুর সঙ্গে একমত বা সামঞ্জস্যপূর্ণ হওয়া প্রয়োজন হয়েছিল।","realistic school scene matching the sentence, clear action and natural colors. Realistic contemporary setting, natural lighting, clear facial expressions, accurate everyday details, documentary photography style.","[""Lucas had to align with before lunch."", ""We decided to align with during the meeting."", ""They want to align with this week.""]"
Phrasal Verb,angle for,/æŋɡəl fɔr/,ANG-gul for,অ্যাংগাল ফর,To try to obtain something indirectly,পরোক্ষভাবে কোনো কিছু পাওয়ার চেষ্টা করা,"[{""phrase"": ""angle for a plan"", ""example_sentence"": ""The manager asked the team to angle for a plan before the deadline.""}, {""phrase"": ""angle for the decision"", ""example_sentence"": ""Students learned how to angle for the decision in a practical exercise.""}, {""phrase"": ""angle for the strategy"", ""example_sentence"": ""We need to angle for the strategy carefully before we move forward.""}]","[{""phrase"": ""একটি পরিকল্পনা পরোক্ষভাবে কোনো কিছু পাওয়ার চেষ্টা করা"", ""example_sentence"": ""শিক্ষার্থীরা উদাহরণে একটি পরিকল্পনা পরোক্ষভাবে কোনো কিছু পাওয়ার চেষ্টা করা অনুশীলন করে।""}, {""phrase"": ""সিদ্ধান্তটি পরোক্ষভাবে কোনো কিছু পাওয়ার চেষ্টা করা"", ""example_sentence"": ""শিক্ষার্থীরা উদাহরণে সিদ্ধান্তটি পরোক্ষভাবে কোনো কিছু পাওয়ার চেষ্টা করা অনুশীলন করে।""}, {""phrase"": ""কৌশলটি পরোক্ষভাবে কোনো কিছু পাওয়ার চেষ্টা করা"", ""example_sentence"": ""শিক্ষার্থীরা উদাহরণে কৌশলটি পরোক্ষভাবে কোনো কিছু পাওয়ার চেষ্টা করা অনুশীলন করে।""}]",try to get indirectly; seek; hint for,ask directly; give up; refuse,A2,"03 - Plans, Decisions & Strategy","At work, Lucas had to angle for.","কর্মক্ষেত্রে, লুকাসকে পরোক্ষভাবে কোনো কিছু পাওয়ার চেষ্টা করা প্রয়োজন হয়েছিল।","realistic workplace scene matching the sentence, detailed environment and natural light. Realistic contemporary setting, natural lighting, clear facial expressions, accurate everyday details, documentary photography style.","[""Sofia had to angle for before lunch."", ""We decided to angle for during the meeting."", ""They want to angle for this week.""]"
Phrasal Verb,assign to,/əsaɪn tu/,uh-SIGN too,আসাইন টু,To give a task or role to someone,কাউকে কাজ বা ভূমিকা দেওয়া,"[{""phrase"": ""assign to the task"", ""example_sentence"": ""The manager asked the team to assign to the task before the deadline.""}, {""phrase"": ""assign to the project"", ""example_sentence"": ""Students learned how to assign to the project in a practical exercise.""}, {""phrase"": ""assign to the deadline"", ""example_sentence"": ""We need to assign to the deadline carefully before we move forward.""}]","[{""phrase"": ""কাজটি ভূমিকা দেওয়া"", ""example_sentence"": ""শিক্ষার্থীরা উদাহরণে কাজটি ভূমিকা দেওয়া অনুশীলন করে।""}, {""phrase"": ""প্রকল্পটি ভূমিকা দেওয়া"", ""example_sentence"": ""শিক্ষার্থীরা উদাহরণে প্রকল্পটি ভূমিকা দেওয়া অনুশীলন করে।""}, {""phrase"": ""সময়সীমাটি ভূমিকা দেওয়া"", ""example_sentence"": ""শিক্ষার্থীরা উদাহরণে সময়সীমাটি ভূমিকা দেওয়া অনুশীলন করে।""}]",give a task; allocate; appoint,unassign; take away; withhold,A2,"04 - Work, Responsibility & Productivity","During the final week, Sofia had to assign to to finish on time.","শেষ সপ্তাহে, সোফিয়াকে কাউকে কাজ বা ভূমিকা দেওয়া প্রয়োজন হয়েছিল।","focused team working hard in an office at dusk, laptops and notes everywhere. Realistic contemporary setting, natural lighting, clear facial expressions, accurate everyday details, documentary photography style.","[""Ethan was ready to assign to on day one."", ""The volunteers assign to when the event got busy."", ""If everyone assign to, we can finish today.""]"
Phrasal Verb,attribute to,/ætrəbjut tu/,A-truh-byoot too,অ্যাট্রাব্য়ুট টু,To credit the cause of something to a source,কোনো কিছুর কারণ বা কৃতিত্ব কোনো উৎসকে দেওয়া,"[{""phrase"": ""attribute to the problem"", ""example_sentence"": ""The manager asked the team to attribute to the problem before the deadline.""}, {""phrase"": ""attribute to the answer"", ""example_sentence"": ""Students learned how to attribute to the answer in a practical exercise.""}, {""phrase"": ""attribute to the idea"", ""example_sentence"": ""We need to attribute to the idea carefully before we move forward.""}]","[{""phrase"": ""সমস্যাটি কৃতিত্ব কোনো উৎসকে দেওয়া"", ""example_sentence"": ""শিক্ষার্থীরা উদাহরণে সমস্যাটি কৃতিত্ব কোনো উৎসকে দেওয়া অনুশীলন করে।""}, {""phrase"": ""উত্তরটি কৃতিত্ব কোনো উৎসকে দেওয়া"", ""example_sentence"": ""শিক্ষার্থীরা উদাহরণে উত্তরটি কৃতিত্ব কোনো উৎসকে দেওয়া অনুশীলন করে।""}, {""phrase"": ""ধারণাটি কৃতিত্ব কোনো উৎসকে দেওয়া"", ""example_sentence"": ""শিক্ষার্থীরা উদাহরণে ধারণাটি কৃতিত্ব কোনো উৎসকে দেওয়া অনুশীলন করে।""}]",credit to; ascribe to; identify as the cause,deny connection; blame elsewhere; separate from,A2,"02 - Thinking, Learning & Understanding","After school, Ethan had to attribute to.","স্কুলের পর, ইথানকে কোনো কিছুর কারণ বা কৃতিত্ব কোনো উৎসকে দেওয়া প্রয়োজন হয়েছিল।","realistic school scene matching the sentence, clear action and natural colors. Realistic contemporary setting, natural lighting, clear facial expressions, accurate everyday details, documentary photography style.","[""Lina had to attribute to before lunch."", ""We decided to attribute to during the meeting."", ""They want to attribute to this week.""]"
Phrasal Verb,bear in mind,/bɛr ɪn maɪnd/,BEAR een MYND,বেয়ার ইন মাইন্ড,To keep something in consideration,কোনো বিষয় বিবেচনায় রাখা,"[{""phrase"": ""bear in mind the problem"", ""example_sentence"": ""The manager asked the team to bear in mind the problem before the deadline.""}, {""phrase"": ""bear in mind the answer"", ""example_sentence"": ""Students learned how to bear in mind the answer in a practical exercise.""}, {""phrase"": ""bear in mind the idea"", ""example_sentence"": ""We need to bear in mind the idea carefully before we move forward.""}]","[{""phrase"": ""সমস্যাটি কোনো বিষয় বিবেচনায় রাখা"", ""example_sentence"": ""শিক্ষার্থীরা উদাহরণে সমস্যাটি কোনো বিষয় বিবেচনায় রাখা অনুশীলন করে।""}, {""phrase"": ""উত্তরটি কোনো বিষয় বিবেচনায় রাখা"", ""example_sentence"": ""শিক্ষার্থীরা উদাহরণে উত্তরটি কোনো বিষয় বিবেচনায় রাখা অনুশীলন করে।""}, {""phrase"": ""ধারণাটি কোনো বিষয় বিবেচনায় রাখা"", ""example_sentence"": ""শিক্ষার্থীরা উদাহরণে ধারণাটি কোনো বিষয় বিবেচনায় রাখা অনুশীলন করে।""}]",remember; keep in mind; consider,forget; ignore; overlook,B1,"02 - Thinking, Learning & Understanding","At work, Lina had to bear in mind.","কর্মক্ষেত্রে, লিনাকে কোনো বিষয় বিবেচনায় রাখা প্রয়োজন হয়েছিল।","realistic workplace scene matching the sentence, detailed environment and natural light. Realistic contemporary setting, natural lighting, clear facial expressions, accurate everyday details, documentary photography style.","[""Omar had to bear in mind before lunch."", ""We decided to bear in mind during the meeting."", ""They want to bear in mind this week.""]"
Phrasal Verb,block out,/blɑk aʊt/,BLOCK out,ব্লাক আউট,To schedule time for; to ignore distractions,সময় আলাদা করে রাখা; বিভ্রান্তি উপেক্ষা করা,"[{""phrase"": ""block out the issue"", ""example_sentence"": ""The manager asked the team to block out the issue before the deadline.""}, {""phrase"": ""block out the plan"", ""example_sentence"": ""Students learned how to block out the plan in a practical exercise.""}, {""phrase"": ""block out the task"", ""example_sentence"": ""We need to block out the task carefully before we move forward.""}]","[{""phrase"": ""সমস্যাটি বিভ্রান্তি উপেক্ষা করা"", ""example_sentence"": ""শিক্ষার্থীরা উদাহরণে সমস্যাটি বিভ্রান্তি উপেক্ষা করা অনুশীলন করে।""}, {""phrase"": ""পরিকল্পনাটি বিভ্রান্তি উপেক্ষা করা"", ""example_sentence"": ""শিক্ষার্থীরা উদাহরণে পরিকল্পনাটি বিভ্রান্তি উপেক্ষা করা অনুশীলন করে।""}, {""phrase"": ""কাজটি বিভ্রান্তি উপেক্ষা করা"", ""example_sentence"": ""শিক্ষার্থীরা উদাহরণে কাজটি বিভ্রান্তি উপেক্ষা করা অনুশীলন করে।""}]",schedule time; shut out; ignore distractions,leave unscheduled; let in; be distracted,A2,"05 - Time, Scheduling & Process","During the day, Omar had to block out.","দিনের মধ্যে, ওমরকে সময় আলাদা করে রাখা বা বিভ্রান্তি উপেক্ষা করা প্রয়োজন হয়েছিল।","realistic daily-life scene matching the sentence, natural lighting, candid photography. Realistic contemporary setting, natural lighting, clear facial expressions, accurate everyday details, documentary photography style.","[""Chloe had to block out before lunch."", ""We decided to block out during the meeting."", ""They want to block out this week.""]"
Phrasal Verb,branch out,/bræntʃ aʊt/,BRANCH out,ব্র্যান্চ আউট,To expand into new areas or activities,নতুন ক্ষেত্র বা কাজে প্রসারিত হওয়া,"[{""phrase"": ""branch out on time"", ""example_sentence"": ""The team tried to branch out on time so the schedule stayed clear.""}, {""phrase"": ""branch out during the project"", ""example_sentence"": ""Things may branch out during the project when the workload increases.""}, {""phrase"": ""branch out without delay"", ""example_sentence"": ""Everyone was ready to branch out without delay after the announcement.""}]","[{""phrase"": ""সময়মতো কাজে প্রসারিত হওয়া"", ""example_sentence"": ""শিক্ষার্থীরা উদাহরণে সময়মতো কাজে প্রসারিত হওয়া অনুশীলন করে।""}, {""phrase"": ""প্রকল্প চলাকালে কাজে প্রসারিত হওয়া"", ""example_sentence"": ""শিক্ষার্থীরা উদাহরণে প্রকল্প চলাকালে কাজে প্রসারিত হওয়া অনুশীলন করে।""}, {""phrase"": ""দেরি না করে কাজে প্রসারিত হওয়া"", ""example_sentence"": ""শিক্ষার্থীরা উদাহরণে দেরি না করে কাজে প্রসারিত হওয়া অনুশীলন করে।""}]",expand; diversify; try new areas,specialize; stay narrow; limit oneself,A2,"08 - Change, Growth, Rules & Control","After years of selling bread, the bakery decided to branch out into sandwiches and salads.","বছরের পর বছর রুটি বিক্রির পর, বেকারিটি স্যান্ডউইচ ও সালাদে ব্যবসা বিস্তারের সিদ্ধান্ত নিয়েছিল।","Local bakery adding sandwiches and salads to its menu board, owner planning expansion, realistic small-business setting.","[""The artist wants to branch out into animation."", ""Our store plans to branch out next year."", ""She branched out from tutoring into online courses.""]"
Idiom,get the ball rolling,/ɡɛt ðə bɔl roʊlɪŋ/,GET thuh BAWL ROHL-ing,গেট দা বল রোলিং,To start a process or activity,প্রক্রিয়া বা কাজ শুরু করা,"[{""phrase"": ""get the ball rolling on the project"", ""example_sentence"": ""The team tried to get the ball rolling on the project this week.""}, {""phrase"": ""get the ball rolling during the meeting"", ""example_sentence"": ""She tried to get the ball rolling during the meeting without creating confusion.""}, {""phrase"": ""get the ball rolling before the deadline"", ""example_sentence"": ""They agreed to get the ball rolling before the deadline and report back.""}]","[{""phrase"": ""প্রকল্পে কাজ শুরু করা"", ""example_sentence"": ""শিক্ষার্থীরা উদাহরণে প্রকল্পে কাজ শুরু করা অনুশীলন করে।""}, {""phrase"": ""মিটিংয়ের সময় কাজ শুরু করা"", ""example_sentence"": ""শিক্ষার্থীরা উদাহরণে মিটিংয়ের সময় কাজ শুরু করা অনুশীলন করে।""}, {""phrase"": ""সময়সীমার আগে কাজ শুরু করা"", ""example_sentence"": ""শিক্ষার্থীরা উদাহরণে সময়সীমার আগে কাজ শুরু করা অনুশীলন করে।""}]",start things; begin the process; launch; initiate,stop the process; delay; put on hold,B2,"05 - Time, Scheduling & Process","At the start of the workshop, the trainer said, “Let’s get the ball rolling with a quick warm-up question.”","শুরুতে, the প্রক্রিয়া বা কাজ শুরু করা বলে শুরু করেছিল।","Trainer opening a workshop with a warm-up question, participants seated with notebooks and coffee, realistic classroom-meets-office setting.","[""Let us get the ball rolling before more people arrive."", ""A short game helped get the ball rolling at the party."", ""She told the team to get the ball rolling on Monday morning.""]"
Idiom,hit the ground running,/hɪt ðə ɡraʊnd rʌnɪŋ/,HIT thuh GROUND RUN-ing,হিট দা গ্রাউন্ড রানিং,To begin something energetically and effectively,উদ্যম ও দক্ষতার সঙ্গে শুরু করা,"[{""phrase"": ""hit the ground running on day one"", ""example_sentence"": ""The team tried to hit the ground running on day one this week.""}, {""phrase"": ""hit the ground running after training"", ""example_sentence"": ""She tried to hit the ground running after training without creating confusion.""}, {""phrase"": ""hit the ground running in the new role"", ""example_sentence"": ""They agreed to hit the ground running in the new role and report back.""}]","[{""phrase"": ""উপর day one উদ্যম ও দক্ষতার সঙ্গে শুরু করা"", ""example_sentence"": ""শিক্ষার্থীরা উদাহরণে উপর day one উদ্যম ও দক্ষতার সঙ্গে শুরু করা অনুশীলন করে।""}, {""phrase"": ""পরে training উদ্যম ও দক্ষতার সঙ্গে শুরু করা"", ""example_sentence"": ""শিক্ষার্থীরা উদাহরণে পরে training উদ্যম ও দক্ষতার সঙ্গে শুরু করা অনুশীলন করে।""}, {""phrase"": ""নতুন দায়িত্বে উদ্যম ও দক্ষতার সঙ্গে শুরু করা"", ""example_sentence"": ""শিক্ষার্থীরা উদাহরণে নতুন দায়িত্বে উদ্যম ও দক্ষতার সঙ্গে শুরু করা অনুশীলন করে।""}]",start strongly; begin effectively; get off to a fast start,start slowly; be unprepared; stumble at the start,B2,"05 - Time, Scheduling & Process","During the final week, Nora had to hit the ground running to finish on time.","শেষ সপ্তাহে, নোরাকে উদ্যম ও দক্ষতার সঙ্গে শুরু করা প্রয়োজন হয়েছিল।","focused team working hard in an office at dusk, laptops and notes everywhere. Realistic contemporary setting, natural lighting, clear facial expressions, accurate everyday details, documentary photography style.","[""Ben was ready to hit the ground running on day one."", ""The volunteers hit the ground running when the event got busy."", ""If everyone hit the ground running, we can finish today.""]"
Idiom,on the same page,/ɑn ðə seɪm peɪdʒ/,on thuh SAYM PAYJ,অন দা সেইম পেইজ,To have the same understanding or viewpoint,একই বোঝাপড়া বা দৃষ্টিভঙ্গিতে থাকা,"[{""phrase"": ""be on the same page"", ""example_sentence"": ""The team wants to be on the same page during the project.""}, {""phrase"": ""stay on the same page"", ""example_sentence"": ""Good planning helped them stay on the same page all week.""}, {""phrase"": ""remain on the same page"", ""example_sentence"": ""The company tried to remain on the same page after the review.""}]","[{""phrase"": ""দৃষ্টিভঙ্গিতে থাকা"", ""example_sentence"": ""শিক্ষার্থীরা উদাহরণে দৃষ্টিভঙ্গিতে থাকা অনুশীলন করে।""}, {""phrase"": ""দৃষ্টিভঙ্গিতে থাকা"", ""example_sentence"": ""শিক্ষার্থীরা উদাহরণে দৃষ্টিভঙ্গিতে থাকা অনুশীলন করে।""}, {""phrase"": ""দৃষ্টিভঙ্গিতে থাকা"", ""example_sentence"": ""শিক্ষার্থীরা উদাহরণে দৃষ্টিভঙ্গিতে থাকা অনুশীলন করে।""}]",in agreement; aligned; sharing the same understanding,not aligned; confused; at odds,B2,01 - Communication & Discussion,"By Friday afternoon, the whole design team was on the same page about the launch date.","শুক্রবার বিকেলের মধ্যে, পুরো ডিজাইন দল লঞ্চের তারিখ নিয়ে একমত হয়েছিল।","design team in a meeting room agreeing on a launch date shown on a screen, notebooks and laptops on the table. Realistic contemporary setting, natural lighting, clear facial expressions, accurate everyday details, documentary photography style.","[""We are finally on the same page now."", ""The teachers got on the same page before the exam."", ""After the call, both teams were on the same page.""]"
Idiom,think outside the box,/θɪŋk aʊtsaɪd ðə bɑks/,THINK OUT-syd thuh BOX,থিংক আউটসাইড দা বক্স,To approach problems in new and creative ways,সৃজনশীল ও প্রচলিত নয় এমনভাবে সমস্যা দেখা,"[{""phrase"": ""think outside the box during the project"", ""example_sentence"": ""The team tried to think outside the box during the project this week.""}, {""phrase"": ""think outside the box in the meeting"", ""example_sentence"": ""She tried to think outside the box in the meeting without creating confusion.""}, {""phrase"": ""think outside the box before the deadline"", ""example_sentence"": ""They agreed to think outside the box before the deadline and report back.""}]","[{""phrase"": ""প্রকল্প চলাকালে সৃজনশীল ও প্রচলিত নয় এমনভাবে সমস্যা দেখা"", ""example_sentence"": ""শিক্ষার্থীরা উদাহরণে প্রকল্প চলাকালে সৃজনশীল ও প্রচলিত নয় এমনভাবে সমস্যা দেখা অনুশীলন করে।""}, {""phrase"": ""মিটিংয়ে সৃজনশীল ও প্রচলিত নয় এমনভাবে সমস্যা দেখা"", ""example_sentence"": ""শিক্ষার্থীরা উদাহরণে মিটিংয়ে সৃজনশীল ও প্রচলিত নয় এমনভাবে সমস্যা দেখা অনুশীলন করে।""}, {""phrase"": ""সময়সীমার আগে সৃজনশীল ও প্রচলিত নয় এমনভাবে সমস্যা দেখা"", ""example_sentence"": ""শিক্ষার্থীরা উদাহরণে সময়সীমার আগে সৃজনশীল ও প্রচলিত নয় এমনভাবে সমস্যা দেখা অনুশীলন করে।""}]",think creatively; use a fresh approach; be innovative,think conventionally; follow routine thinking; be unimaginative,B2,"02 - Thinking, Learning & Understanding","While updating the service, Sara had to think outside the box.","সেবাটি আপডেট করার সময়, সারাকে সৃজনশীল ও প্রচলিত নয় এমনভাবে সমস্যা দেখা প্রয়োজন হয়েছিল।","startup team rethinking product direction around screens and notes. Realistic contemporary setting, natural lighting, clear facial expressions, accurate everyday details, documentary photography style.","[""The design team had to think outside the box to solve the problem."", ""Leo wanted to think outside the box instead of copying the old plan."", ""Small companies often think outside the box when markets change.""]"
Idiom,move the needle,/muv ðə nidəl/,MOOV thuh NEE-dul,মুভ দা নিডাল,To produce a meaningful result or change,গুরুত্বপূর্ণ ফল বা পরিবর্তন আনা,"[{""phrase"": ""move the needle during the project"", ""example_sentence"": ""The team tried to move the needle during the project this week.""}, {""phrase"": ""move the needle in the meeting"", ""example_sentence"": ""She tried to move the needle in the meeting without creating confusion.""}, {""phrase"": ""move the needle before the deadline"", ""example_sentence"": ""They agreed to move the needle before the deadline and report back.""}]","[{""phrase"": ""প্রকল্প চলাকালে গুরুত্বপূর্ণ ফল বা পরিবর্তন আনা"", ""example_sentence"": ""শিক্ষার্থীরা উদাহরণে প্রকল্প চলাকালে গুরুত্বপূর্ণ ফল বা পরিবর্তন আনা অনুশীলন করে।""}, {""phrase"": ""মিটিংয়ে গুরুত্বপূর্ণ ফল বা পরিবর্তন আনা"", ""example_sentence"": ""শিক্ষার্থীরা উদাহরণে মিটিংয়ে গুরুত্বপূর্ণ ফল বা পরিবর্তন আনা অনুশীলন করে।""}, {""phrase"": ""সময়সীমার আগে গুরুত্বপূর্ণ ফল বা পরিবর্তন আনা"", ""example_sentence"": ""শিক্ষার্থীরা উদাহরণে সময়সীমার আগে গুরুত্বপূর্ণ ফল বা পরিবর্তন আনা অনুশীলন করে।""}]",make a real difference; create measurable change; have an impact,make no difference; have little impact; leave unchanged,B1,"06 - Progress, Success & Results","After a slow start, Leo had to move the needle by the end of the month.","ধীর শুরুর পর, লিওকে গুরুত্বপূর্ণ ফল বা পরিবর্তন আনা প্রয়োজন হয়েছিল।","team studying progress charts on a wall as results begin to improve. Realistic contemporary setting, natural lighting, clear facial expressions, accurate everyday details, documentary photography style.","[""The idea began to move the needle after the first test."", ""Our small changes helped the project move the needle."", ""The new plan finally move the needle with parents and staff.""]"
Idiom,pull one's weight,/pʊl wʌnz weɪt/,PULL wunz WAYT,পুল ওয়ান্জ ওয়েইট,To contribute a fair share of effort,নিজের ন্যায্য অংশের কাজ বা চেষ্টা করা,"[{""phrase"": ""pull your weight during the project"", ""example_sentence"": ""The team tried to pull your weight during the project this week.""}, {""phrase"": ""pull your weight in the meeting"", ""example_sentence"": ""She tried to pull your weight in the meeting without creating confusion.""}, {""phrase"": ""pull your weight before the deadline"", ""example_sentence"": ""They agreed to pull your weight before the deadline and report back.""}]","[{""phrase"": ""pull আপনার weight চলাকালে প্রকল্প চেষ্টা করা"", ""example_sentence"": ""শিক্ষার্থীরা উদাহরণে pull আপনার weight চলাকালে প্রকল্প চেষ্টা করা অনুশীলন করে।""}, {""phrase"": ""pull আপনার weight মধ্যে মিটিং চেষ্টা করা"", ""example_sentence"": ""শিক্ষার্থীরা উদাহরণে pull আপনার weight মধ্যে মিটিং চেষ্টা করা অনুশীলন করে।""}, {""phrase"": ""pull আপনার weight আগে সময়সীমা চেষ্টা করা"", ""example_sentence"": ""শিক্ষার্থীরা উদাহরণে pull আপনার weight আগে সময়সীমা চেষ্টা করা অনুশীলন করে।""}]",do one's fair share; contribute fully; carry one's share,slack off; shirk responsibility; fail to contribute,B1,"04 - Work, Responsibility & Productivity","During the group task, The team decided to pull their weight their fair share of the work.",ব্যক্তিটি নিজের ন্যায্য অংশের কাজ বা চেষ্টা করা করেছিল।,"students collaborating on a poster project, everyone actively contributing. Realistic contemporary setting, natural lighting, clear facial expressions, accurate everyday details, documentary photography style.","[""Everyone must pull their weight during the group task."", ""Ivy was ready to pull their weight the plan."", ""The team asked all members to pull their weight.""]"
Idiom,the bottom line,/ðə bɑtəm laɪn/,thuh BOT-um LINE,দা বটম লাইন,The most essential point; the final financial result,সবচেয়ে গুরুত্বপূর্ণ কথা; চূড়ান্ত আর্থিক ফল,"[{""phrase"": ""the bottom line for the team"", ""example_sentence"": ""That decision became the bottom line for the team after the results came in.""}, {""phrase"": ""the bottom line in the project"", ""example_sentence"": ""Everyone could see the bottom line in the project by the end of the week.""}, {""phrase"": ""the bottom line during the review"", ""example_sentence"": ""The feedback showed the bottom line during the review and helped us improve.""}]","[{""phrase"": ""দলের জন্য সবচেয়ে গুরুত্বপূর্ণ কথা; চূড়ান্ত আর্থিক ফল"", ""example_sentence"": ""শিক্ষার্থীরা উদাহরণে দলের জন্য সবচেয়ে গুরুত্বপূর্ণ কথা; চূড়ান্ত আর্থিক ফল অনুশীলন করে।""}, {""phrase"": ""প্রকল্পে সবচেয়ে গুরুত্বপূর্ণ কথা; চূড়ান্ত আর্থিক ফল"", ""example_sentence"": ""শিক্ষার্থীরা উদাহরণে প্রকল্পে সবচেয়ে গুরুত্বপূর্ণ কথা; চূড়ান্ত আর্থিক ফল অনুশীলন করে।""}, {""phrase"": ""পর্যালোচনার সময় সবচেয়ে গুরুত্বপূর্ণ কথা; চূড়ান্ত আর্থিক ফল"", ""example_sentence"": ""শিক্ষার্থীরা উদাহরণে পর্যালোচনার সময় সবচেয়ে গুরুত্বপূর্ণ কথা; চূড়ান্ত আর্থিক ফল অনুশীলন করে।""}]",main point; key result; final outcome,minor detail; side issue; irrelevant point,B1,01 - Communication & Discussion,The bottom line is that the app needs one more week of testing.,"মূল কথা হলো, অ্যাপটির আরও এক সপ্তাহ পরীক্ষার প্রয়োজন।","meeting room with manager summarizing final key point on screen: one more week of app testing. Realistic contemporary setting, natural lighting, clear facial expressions, accurate everyday details, documentary photography style.","[""The bottom line is that we need more time."", ""For me, the bottom line is safety."", ""The bottom line was clear after the meeting.""]"
Idiom,drop the ball,/drɑp ðə bɔl/,DROP thuh BAWL,ড্রপ দা বল,To fail to follow through on a responsibility,দায়িত্ব পালন বা কাজ শেষ করতে ব্যর্থ হওয়া,"[{""phrase"": ""drop the ball for the team"", ""example_sentence"": ""That decision became drop the ball for the team after the results came in.""}, {""phrase"": ""drop the ball in the project"", ""example_sentence"": ""Everyone could see drop the ball in the project by the end of the week.""}, {""phrase"": ""drop the ball during the review"", ""example_sentence"": ""The feedback showed drop the ball during the review and helped us improve.""}]","[{""phrase"": ""দলের জন্য কাজ শেষ করতে ব্যর্থ হওয়া"", ""example_sentence"": ""শিক্ষার্থীরা উদাহরণে দলের জন্য কাজ শেষ করতে ব্যর্থ হওয়া অনুশীলন করে।""}, {""phrase"": ""প্রকল্পে কাজ শেষ করতে ব্যর্থ হওয়া"", ""example_sentence"": ""শিক্ষার্থীরা উদাহরণে প্রকল্পে কাজ শেষ করতে ব্যর্থ হওয়া অনুশীলন করে।""}, {""phrase"": ""পর্যালোচনার সময় কাজ শেষ করতে ব্যর্থ হওয়া"", ""example_sentence"": ""শিক্ষার্থীরা উদাহরণে পর্যালোচনার সময় কাজ শেষ করতে ব্যর্থ হওয়া অনুশীলন করে।""}]",make a mistake; fail to follow through; neglect a responsibility,follow through; deliver; do the job properly,B1,"07 - Problems, Difficulty & Risk","During the school event, Ivy dropped the ball and forgot to book the bus.",স্কুলের অনুষ্ঠানে আইভি দায়িত্বে ভুল করেছিল এবং বাস বুক করতে ভুলে গিয়েছিল।,"focused team working hard in an office at dusk, laptops and notes everywhere. Realistic contemporary setting, natural lighting, clear facial expressions, accurate everyday details, documentary photography style.","[""Ryan was ready to drop the ball on day one."", ""The volunteers drop the ball when the event got busy."", ""If everyone drop the ball, we can finish today.""]"
Idiom,raise the bar,/reɪz ðə bɑr/,RAYZ thuh BAR,রেইজ দা বার,To set a higher standard of performance,কর্মদক্ষতার মান আরও উঁচু করা,"[{""phrase"": ""raise the bar for the team"", ""example_sentence"": ""That decision became raise the bar for the team after the results came in.""}, {""phrase"": ""raise the bar in the project"", ""example_sentence"": ""Everyone could see raise the bar in the project by the end of the week.""}, {""phrase"": ""raise the bar during the review"", ""example_sentence"": ""The feedback showed raise the bar during the review and helped us improve.""}]","[{""phrase"": ""দলের জন্য কর্মদক্ষতার মান আরও উঁচু করা"", ""example_sentence"": ""শিক্ষার্থীরা উদাহরণে দলের জন্য কর্মদক্ষতার মান আরও উঁচু করা অনুশীলন করে।""}, {""phrase"": ""প্রকল্পে কর্মদক্ষতার মান আরও উঁচু করা"", ""example_sentence"": ""শিক্ষার্থীরা উদাহরণে প্রকল্পে কর্মদক্ষতার মান আরও উঁচু করা অনুশীলন করে।""}, {""phrase"": ""পর্যালোচনার সময় কর্মদক্ষতার মান আরও উঁচু করা"", ""example_sentence"": ""শিক্ষার্থীরা উদাহরণে পর্যালোচনার সময় কর্মদক্ষতার মান আরও উঁচু করা অনুশীলন করে।""}]",set a higher standard; improve expectations; demand more,lower the standard; accept less; make it easier,B1,"06 - Progress, Success & Results","With the new safety rules, the company wanted to raise the bar for every shift.",নতুন নিরাপত্তা নিয়মের মাধ্যমে কোম্পানিটি প্রতিটি শিফটের মান আরও উঁচু করতে চেয়েছিল।,"realistic school scene matching the sentence, clear action and natural colors. Realistic contemporary setting, natural lighting, clear facial expressions, accurate everyday details, documentary photography style.","[""Julia had to raise the bar before lunch."", ""We decided to raise the bar during the meeting."", ""They want to raise the bar this week.""]"
Idiom,up in the air,/ʌp ɪn ðə ɛr/,up een thuh AIR,আপ ইন দা এর,Still uncertain or undecided,এখনও অনিশ্চিত বা সিদ্ধান্তহীন,"[{""phrase"": ""up in the air for the team"", ""example_sentence"": ""That decision became up in the air for the team after the results came in.""}, {""phrase"": ""up in the air in the project"", ""example_sentence"": ""Everyone could see up in the air in the project by the end of the week.""}, {""phrase"": ""up in the air during the review"", ""example_sentence"": ""The feedback showed up in the air during the review and helped us improve.""}]","[{""phrase"": ""দলের জন্য এখনও অনিশ্চিত বা সিদ্ধান্তহীন"", ""example_sentence"": ""শিক্ষার্থীরা উদাহরণে দলের জন্য এখনও অনিশ্চিত বা সিদ্ধান্তহীন অনুশীলন করে।""}, {""phrase"": ""প্রকল্পে এখনও অনিশ্চিত বা সিদ্ধান্তহীন"", ""example_sentence"": ""শিক্ষার্থীরা উদাহরণে প্রকল্পে এখনও অনিশ্চিত বা সিদ্ধান্তহীন অনুশীলন করে।""}, {""phrase"": ""পর্যালোচনার সময় এখনও অনিশ্চিত বা সিদ্ধান্তহীন"", ""example_sentence"": ""শিক্ষার্থীরা উদাহরণে পর্যালোচনার সময় এখনও অনিশ্চিত বা সিদ্ধান্তহীন অনুশীলন করে।""}]",uncertain; undecided; unresolved,settled; decided; confirmed,B2,"03 - Plans, Decisions & Strategy","Because the manager was traveling, the final interview date was still up in the air.","ম্যানেজার ভ্রমণে থাকায়, চূড়ান্ত সাক্ষাৎকারের তারিখ এখনও অনিশ্চিত ছিল।","office calendar and interview notes on a table, team discussing an undecided date in a meeting room. Realistic contemporary setting, natural lighting, clear facial expressions, accurate everyday details, documentary photography style.","[""The start date is still up in the air."", ""Our holiday plans were up in the air for days."", ""The final choice remains up in the air.""]"
Idiom,at the end of the day,/æt ðə ɛnd ʌv ðə deɪ/,at thuh END uv thuh DAY,অ্যাট দা এন্ড আভ দা ডে,When everything is considered; ultimately,সবকিছু বিবেচনা করলে; শেষ পর্যন্ত,"[{""phrase"": ""be at the end of the day"", ""example_sentence"": ""The team wants to be at the end of the day during the project.""}, {""phrase"": ""stay at the end of the day"", ""example_sentence"": ""Good planning helped them stay at the end of the day all week.""}, {""phrase"": ""remain at the end of the day"", ""example_sentence"": ""The company tried to remain at the end of the day after the review.""}]","[{""phrase"": ""সবকিছু বিবেচনা করলে; শেষ পর্যন্ত"", ""example_sentence"": ""শিক্ষার্থীরা উদাহরণে সবকিছু বিবেচনা করলে; শেষ পর্যন্ত অনুশীলন করে।""}, {""phrase"": ""সবকিছু বিবেচনা করলে; শেষ পর্যন্ত"", ""example_sentence"": ""শিক্ষার্থীরা উদাহরণে সবকিছু বিবেচনা করলে; শেষ পর্যন্ত অনুশীলন করে।""}, {""phrase"": ""সবকিছু বিবেচনা করলে; শেষ পর্যন্ত"", ""example_sentence"": ""শিক্ষার্থীরা উদাহরণে সবকিছু বিবেচনা করলে; শেষ পর্যন্ত অনুশীলন করে।""}]",ultimately; in the final analysis; when all is considered,at first; initially; before considering everything,C1,"02 - Thinking, Learning & Understanding","At the end of the day, the team chose the safer plan for the product launch.","দিন শেষে, দলটি পণ্য লঞ্চের জন্য নিরাপদ পরিকল্পনাটি বেছে নিয়েছিল।","team in meeting room making a final practical decision about a product launch. Realistic contemporary setting, natural lighting, clear facial expressions, accurate everyday details, documentary photography style.","[""At the end of the day, we need a safe solution."", ""At the end of the day, the team chose quality over speed."", ""At the end of the day, trust matters most.""]"
Idiom,bite the bullet,/baɪt ðə bʊlət/,BYT thuh BUL-it,বাইট দা বুলাট,To endure a painful situation with courage,সাহসের সঙ্গে কষ্টকর পরিস্থিতি মেনে নেওয়া,"[{""phrase"": ""bite the bullet during the project"", ""example_sentence"": ""The team tried to bite the bullet during the project this week.""}, {""phrase"": ""bite the bullet in the meeting"", ""example_sentence"": ""She tried to bite the bullet in the meeting without creating confusion.""}, {""phrase"": ""bite the bullet before the deadline"", ""example_sentence"": ""They agreed to bite the bullet before the deadline and report back.""}]","[{""phrase"": ""প্রকল্প চলাকালে সাহসের সঙ্গে কষ্টকর পরিস্থিতি মেনে নেওয়া"", ""example_sentence"": ""শিক্ষার্থীরা উদাহরণে প্রকল্প চলাকালে সাহসের সঙ্গে কষ্টকর পরিস্থিতি মেনে নেওয়া অনুশীলন করে।""}, {""phrase"": ""মিটিংয়ে সাহসের সঙ্গে কষ্টকর পরিস্থিতি মেনে নেওয়া"", ""example_sentence"": ""শিক্ষার্থীরা উদাহরণে মিটিংয়ে সাহসের সঙ্গে কষ্টকর পরিস্থিতি মেনে নেওয়া অনুশীলন করে।""}, {""phrase"": ""সময়সীমার আগে সাহসের সঙ্গে কষ্টকর পরিস্থিতি মেনে নেওয়া"", ""example_sentence"": ""শিক্ষার্থীরা উদাহরণে সময়সীমার আগে সাহসের সঙ্গে কষ্টকর পরিস্থিতি মেনে নেওয়া অনুশীলন করে।""}]",face it; endure the difficulty; accept the pain,avoid the issue; put it off; back away,B1,"07 - Problems, Difficulty & Risk","When the tooth pain got worse, Ella had to bite the bullet and book the dentist.","দাঁতের ব্যথা বেড়ে গেলে, এলাকে সাহস করে ডেন্টিস্টের অ্যাপয়েন্টমেন্ট বুক করতে হয়েছিল।","small team working under visible time pressure with wall clock and papers. Realistic contemporary setting, natural lighting, clear facial expressions, accurate everyday details, documentary photography style.","[""Jonah had to bite the bullet when the safe option was gone."", ""The team felt nervous but chose to bite the bullet."", ""After the warning, he knew he was bite the bullet.""]"
Idiom,cut to the chase,/kʌt tu ðə tʃeɪs/,KUT too thuh CHAYS,কাট টু দা চেইস,To get to the point without wasting time,সময় নষ্ট না করে মূল কথায় আসা,"[{""phrase"": ""cut to the chase during the project"", ""example_sentence"": ""The team tried to cut to the chase during the project this week.""}, {""phrase"": ""cut to the chase in the meeting"", ""example_sentence"": ""She tried to cut to the chase in the meeting without creating confusion.""}, {""phrase"": ""cut to the chase before the deadline"", ""example_sentence"": ""They agreed to cut to the chase before the deadline and report back.""}]","[{""phrase"": ""প্রকল্প চলাকালে সময় নষ্ট না করে মূল কথায় আসা"", ""example_sentence"": ""শিক্ষার্থীরা উদাহরণে প্রকল্প চলাকালে সময় নষ্ট না করে মূল কথায় আসা অনুশীলন করে।""}, {""phrase"": ""মিটিংয়ে সময় নষ্ট না করে মূল কথায় আসা"", ""example_sentence"": ""শিক্ষার্থীরা উদাহরণে মিটিংয়ে সময় নষ্ট না করে মূল কথায় আসা অনুশীলন করে।""}, {""phrase"": ""সময়সীমার আগে সময় নষ্ট না করে মূল কথায় আসা"", ""example_sentence"": ""শিক্ষার্থীরা উদাহরণে সময়সীমার আগে সময় নষ্ট না করে মূল কথায় আসা অনুশীলন করে।""}]",get to the point; be direct; skip the details,beat around the bush; delay; wander off-topic,B2,01 - Communication & Discussion,"At work, Jonah had to cut to the chase.","কর্মক্ষেত্রে, জোনাহকে সময় নষ্ট না করে মূল কথায় আসা প্রয়োজন হয়েছিল।","realistic workplace scene matching the sentence, detailed environment and natural light. Realistic contemporary setting, natural lighting, clear facial expressions, accurate everyday details, documentary photography style.","[""Leila had to cut to the chase before lunch."", ""We decided to cut to the chase during the meeting."", ""They want to cut to the chase this week.""]"
Idiom,go back to the drawing board,/ɡoʊ bæk tu ðə drɔɪŋ bɔrd/,GOH BACK too thuh DRAW-ing BORD,গো ব্যাক টু দা ড্রয়িং বোর্ড,To start planning something from scratch,শুরু থেকে আবার পরিকল্পনা করা,"[{""phrase"": ""go back to the drawing board during the project"", ""example_sentence"": ""The team tried to go back to the drawing board during the project this week.""}, {""phrase"": ""go back to the drawing board in the meeting"", ""example_sentence"": ""She tried to go back to the drawing board in the meeting without creating confusion.""}, {""phrase"": ""go back to the drawing board before the deadline"", ""example_sentence"": ""They agreed to go back to the drawing board before the deadline and report back.""}]","[{""phrase"": ""প্রকল্প চলাকালে শুরু থেকে আবার পরিকল্পনা করা"", ""example_sentence"": ""শিক্ষার্থীরা উদাহরণে প্রকল্প চলাকালে শুরু থেকে আবার পরিকল্পনা করা অনুশীলন করে।""}, {""phrase"": ""মিটিংয়ে শুরু থেকে আবার পরিকল্পনা করা"", ""example_sentence"": ""শিক্ষার্থীরা উদাহরণে মিটিংয়ে শুরু থেকে আবার পরিকল্পনা করা অনুশীলন করে।""}, {""phrase"": ""সময়সীমার আগে শুরু থেকে আবার পরিকল্পনা করা"", ""example_sentence"": ""শিক্ষার্থীরা উদাহরণে সময়সীমার আগে শুরু থেকে আবার পরিকল্পনা করা অনুশীলন করে।""}]",start over; rethink the plan; redesign from scratch,continue with the same plan; proceed unchanged,C1,"03 - Plans, Decisions & Strategy","During the day, Leila had to go back to the drawing board.","দিনের মধ্যে, লেইলাকে শুরু থেকে আবার পরিকল্পনা করা প্রয়োজন হয়েছিল।","realistic daily-life scene matching the sentence, natural lighting, candid photography. Realistic contemporary setting, natural lighting, clear facial expressions, accurate everyday details, documentary photography style.","[""Victor had to go back to the drawing board before lunch."", ""We decided to go back to the drawing board during the meeting."", ""They want to go back to the drawing board this week.""]"
Idiom,keep one's options open,/kip wʌnz ɑpʃənz oʊpən/,KEEP wunz OP-shunz OHPOOHN,কিপ ওয়ান্জ আপ্শান্জ ওপান,To avoid committing so alternatives remain available,বিকল্পগুলো খোলা রাখতে অঙ্গীকার না করা,"[{""phrase"": ""keep your options open during the project"", ""example_sentence"": ""The team tried to keep your options open during the project this week.""}, {""phrase"": ""keep your options open in the meeting"", ""example_sentence"": ""She tried to keep your options open in the meeting without creating confusion.""}, {""phrase"": ""keep your options open before the deadline"", ""example_sentence"": ""They agreed to keep your options open before the deadline and report back.""}]","[{""phrase"": ""keep আপনার বিকল্প open চলাকালে প্রকল্প বিকল্পগুলো খোলা রাখতে অঙ্গীকার না করা"", ""example_sentence"": ""শিক্ষার্থীরা উদাহরণে keep আপনার বিকল্প open চলাকালে প্রকল্প বিকল্পগুলো খোলা রাখতে অঙ্গীকার না করা অনুশীলন করে।""}, {""phrase"": ""keep আপনার বিকল্প open মধ্যে মিটিং বিকল্পগুলো খোলা রাখতে অঙ্গীকার না করা"", ""example_sentence"": ""শিক্ষার্থীরা উদাহরণে keep আপনার বিকল্প open মধ্যে মিটিং বিকল্পগুলো খোলা রাখতে অঙ্গীকার না করা অনুশীলন করে।""}, {""phrase"": ""keep আপনার বিকল্প open আগে সময়সীমা বিকল্পগুলো খোলা রাখতে অঙ্গীকার না করা"", ""example_sentence"": ""শিক্ষার্থীরা উদাহরণে keep আপনার বিকল্প open আগে সময়সীমা বিকল্পগুলো খোলা রাখতে অঙ্গীকার না করা অনুশীলন করে।""}]",stay flexible; avoid committing; preserve alternatives,commit fully; close off alternatives; decide firmly,B2,"03 - Plans, Decisions & Strategy","After school, The team had to keep their options open.","স্কুলের পর, দলটিকে বিকল্পগুলো খোলা রাখতে অঙ্গীকার না করা প্রয়োজন হয়েছিল।","realistic school scene matching the sentence, clear action and natural colors. Realistic contemporary setting, natural lighting, clear facial expressions, accurate everyday details, documentary photography style.","[""Hana had to keep their options open before lunch."", ""We decided to keep their options open during the meeting."", ""They want to keep their options open this week.""]"
Idiom,ahead of the curve,/əhɛd ʌv ðə kɝv/,uh-HED uv thuh KERV,আহেড আভ দা কারভ,More advanced than current trends or standards,বর্তমান ধারা বা মানের চেয়ে এগিয়ে থাকা,"[{""phrase"": ""ahead of the curve for the team"", ""example_sentence"": ""That decision became ahead of the curve for the team after the results came in.""}, {""phrase"": ""ahead of the curve in the project"", ""example_sentence"": ""Everyone could see ahead of the curve in the project by the end of the week.""}, {""phrase"": ""ahead of the curve during the review"", ""example_sentence"": ""The feedback showed ahead of the curve during the review and helped us improve.""}]","[{""phrase"": ""দলের জন্য মানের চেয়ে এগিয়ে থাকা"", ""example_sentence"": ""শিক্ষার্থীরা উদাহরণে দলের জন্য মানের চেয়ে এগিয়ে থাকা অনুশীলন করে।""}, {""phrase"": ""প্রকল্পে মানের চেয়ে এগিয়ে থাকা"", ""example_sentence"": ""শিক্ষার্থীরা উদাহরণে প্রকল্পে মানের চেয়ে এগিয়ে থাকা অনুশীলন করে।""}, {""phrase"": ""পর্যালোচনার সময় মানের চেয়ে এগিয়ে থাকা"", ""example_sentence"": ""শিক্ষার্থীরা উদাহরণে পর্যালোচনার সময় মানের চেয়ে এগিয়ে থাকা অনুশীলন করে।""}]",advanced; ahead of trends; innovative,behind the times; lagging; outdated,B2,"06 - Progress, Success & Results","Thanks to its early training program, the clinic stayed ahead of the curve on digital records.","প্রাথমিক প্রশিক্ষণ কর্মসূচির কারণে, ক্লিনিকটি ডিজিটাল রেকর্ডের ক্ষেত্রে অন্যদের চেয়ে এগিয়ে ছিল।","modern clinic office with staff using updated digital record systems before others do. Realistic contemporary setting, natural lighting, clear facial expressions, accurate everyday details, documentary photography style.","[""The school stayed ahead of the curve with online lessons."", ""Her ideas kept the company ahead of the curve."", ""The lab is ahead of the curve in battery design.""]"
Idiom,get on board,/ɡɛt ɑn bɔrd/,GET on BORD,গেট অন বোর্ড,To agree with and support a plan or idea,পরিকল্পনা বা ধারণায় একমত হয়ে সমর্থন করা,"[{""phrase"": ""get on board during the project"", ""example_sentence"": ""The team tried to get on board during the project this week.""}, {""phrase"": ""get on board in the meeting"", ""example_sentence"": ""She tried to get on board in the meeting without creating confusion.""}, {""phrase"": ""get on board before the deadline"", ""example_sentence"": ""They agreed to get on board before the deadline and report back.""}]","[{""phrase"": ""প্রকল্প চলাকালে ধারণায় একমত হয়ে সমর্থন করা"", ""example_sentence"": ""শিক্ষার্থীরা উদাহরণে প্রকল্প চলাকালে ধারণায় একমত হয়ে সমর্থন করা অনুশীলন করে।""}, {""phrase"": ""মিটিংয়ে ধারণায় একমত হয়ে সমর্থন করা"", ""example_sentence"": ""শিক্ষার্থীরা উদাহরণে মিটিংয়ে ধারণায় একমত হয়ে সমর্থন করা অনুশীলন করে।""}, {""phrase"": ""সময়সীমার আগে ধারণায় একমত হয়ে সমর্থন করা"", ""example_sentence"": ""শিক্ষার্থীরা উদাহরণে সময়সীমার আগে ধারণায় একমত হয়ে সমর্থন করা অনুশীলন করে।""}]",agree; support the plan; join in,reject; oppose; refuse to join,B1,"09 - Relationships, Feelings & Daily Life","After the demo, Mason was happy to get on board with the new plan.","ডেমোর পর, মেসন নতুন পরিকল্পনার সঙ্গে যুক্ত হতে খুশি হয়েছিল।","team members gathered around a table, supporting a plan shown on a laptop and printed notes. Realistic contemporary setting, natural lighting, clear facial expressions, accurate everyday details, documentary photography style.","[""Everyone must get on board during the group task."", ""Adam was ready to get on board the plan."", ""The team asked all members to get on board.""]"
Idiom,a lot on one's plate,/ə lɑt ɑn wʌnz pleɪt/,uh LOT on wunz PLAYT,আ লট অন ওয়ান্জ প্লেইট,Having many tasks or responsibilities to handle,সামলানোর জন্য অনেক কাজ বা দায়িত্ব থাকা,"[{""phrase"": ""a lot on your plate for the team"", ""example_sentence"": ""That decision became a lot on your plate for the team after the results came in.""}, {""phrase"": ""a lot on your plate in the project"", ""example_sentence"": ""Everyone could see a lot on your plate in the project by the end of the week.""}, {""phrase"": ""a lot on your plate during the review"", ""example_sentence"": ""The feedback showed a lot on your plate during the review and helped us improve.""}]","[{""phrase"": ""একটি lot উপর আপনার plate জন্য দল দায়িত্ব থাকা"", ""example_sentence"": ""শিক্ষার্থীরা উদাহরণে একটি lot উপর আপনার plate জন্য দল দায়িত্ব থাকা অনুশীলন করে।""}, {""phrase"": ""একটি lot উপর আপনার plate মধ্যে প্রকল্প দায়িত্ব থাকা"", ""example_sentence"": ""শিক্ষার্থীরা উদাহরণে একটি lot উপর আপনার plate মধ্যে প্রকল্প দায়িত্ব থাকা অনুশীলন করে।""}, {""phrase"": ""একটি lot উপর আপনার plate চলাকালে review দায়িত্ব থাকা"", ""example_sentence"": ""শিক্ষার্থীরা উদাহরণে একটি lot উপর আপনার plate চলাকালে review দায়িত্ব থাকা অনুশীলন করে।""}]",very busy; many responsibilities; overloaded,free; lightly loaded; with little to do,C1,"04 - Work, Responsibility & Productivity","With exams, club work, and a part-time job, Hana had a lot on her plate this month.","পরীক্ষা, ক্লাবের কাজ এবং পার্ট-টাইম চাকরির কারণে, এই মাসে হানার হাতে অনেক কাজ ছিল।","student balancing textbooks, work apron, and planner at a crowded desk, busy month feel. Realistic contemporary setting, natural lighting, clear facial expressions, accurate everyday details, documentary photography style.","[""I have a lot on my plate this week."", ""With two jobs, he has a lot on his plate."", ""She had a lot on her plate before the exam.""]"
Idiom,from the get-go,/frʌm ðə ɡɛt ɡoʊ/,from thuh GET GOH,ফ্রম দা গেট গো,From the very beginning,একেবারে শুরু থেকেই,"[{""phrase"": ""be from the get-go"", ""example_sentence"": ""The team wants to be from the get-go during the project.""}, {""phrase"": ""stay from the get-go"", ""example_sentence"": ""Good planning helped them stay from the get-go all week.""}, {""phrase"": ""remain from the get-go"", ""example_sentence"": ""The company tried to remain from the get-go after the review.""}]","[{""phrase"": ""একেবারে শুরু থেকেই"", ""example_sentence"": ""শিক্ষার্থীরা উদাহরণে একেবারে শুরু থেকেই অনুশীলন করে।""}, {""phrase"": ""একেবারে শুরু থেকেই"", ""example_sentence"": ""শিক্ষার্থীরা উদাহরণে একেবারে শুরু থেকেই অনুশীলন করে।""}, {""phrase"": ""একেবারে শুরু থেকেই"", ""example_sentence"": ""শিক্ষার্থীরা উদাহরণে একেবারে শুরু থেকেই অনুশীলন করে।""}]",from the beginning; from the start; immediately,later on; after the start; eventually,B1,"05 - Time, Scheduling & Process","From the get-go, the new coach explained the rules clearly to every player.",শুরু থেকেই নতুন কোচ প্রত্যেক খেলোয়াড়কে নিয়মগুলো পরিষ্কারভাবে ব্যাখ্যা করেছিলেন।,"sports coach explaining rules to players at the start of practice, clear organized start. Realistic contemporary setting, natural lighting, clear facial expressions, accurate everyday details, documentary photography style.","[""From the get-go, the volunteers knew their roles."", ""From the get-go, the website looked easy to use."", ""From the get-go, the class worked well together.""]"
Idiom,the elephant in the room,/ðə ɛləfənt ɪn ðə rum/,thuh EL-uh-funt een thuh ROOM,দা এলাফান্ট ইন দা রুম,An obvious problem that no one wants to discuss,যে স্পষ্ট সমস্যা নিয়ে কেউ আলোচনা করতে চায় না,"[{""phrase"": ""the elephant in the room for the team"", ""example_sentence"": ""That decision became the elephant in the room for the team after the results came in.""}, {""phrase"": ""the elephant in the room in the project"", ""example_sentence"": ""Everyone could see the elephant in the room in the project by the end of the week.""}, {""phrase"": ""the elephant in the room during the review"", ""example_sentence"": ""The feedback showed the elephant in the room during the review and helped us improve.""}]","[{""phrase"": ""দলের জন্য যে স্পষ্ট সমস্যা নিয়ে কেউ আলোচনা করতে চায় না"", ""example_sentence"": ""শিক্ষার্থীরা উদাহরণে দলের জন্য যে স্পষ্ট সমস্যা নিয়ে কেউ আলোচনা করতে চায় না অনুশীলন করে।""}, {""phrase"": ""প্রকল্পে যে স্পষ্ট সমস্যা নিয়ে কেউ আলোচনা করতে চায় না"", ""example_sentence"": ""শিক্ষার্থীরা উদাহরণে প্রকল্পে যে স্পষ্ট সমস্যা নিয়ে কেউ আলোচনা করতে চায় না অনুশীলন করে।""}, {""phrase"": ""পর্যালোচনার সময় যে স্পষ্ট সমস্যা নিয়ে কেউ আলোচনা করতে চায় না"", ""example_sentence"": ""শিক্ষার্থীরা উদাহরণে পর্যালোচনার সময় যে স্পষ্ট সমস্যা নিয়ে কেউ আলোচনা করতে চায় না অনুশীলন করে।""}]",obvious problem; unspoken issue; taboo topic,minor issue; openly discussed matter; hidden detail,C1,"07 - Problems, Difficulty & Risk","During the staff meeting, low sales were the elephant in the room that no one wanted to mention.","স্টাফ মিটিংয়ের সময় কম বিক্রি ছিল এমন স্পষ্ট সমস্যা, যা কেউ উল্লেখ করতে চাইছিল না।","tense staff meeting with sales chart showing low numbers, people avoiding eye contact. Realistic contemporary setting, natural lighting, clear facial expressions, accurate everyday details, documentary photography style.","[""Cost was the elephant in the room."", ""No one mentioned the elephant in the room."", ""Trust became the elephant in the room after the error.""]"
Idiom,bite off more than one can chew,/baɪt ɔf mɔr ðæn wʌn kæn tʃu/,BYT AWF MOR than wun kan CHOO,বাইট অফ মোর দ্যান ওয়ান ক্যান চু,To take on more than one is capable of handling,সামলানোর ক্ষমতার চেয়ে বেশি দায়িত্ব নেওয়া,"[{""phrase"": ""bite off more than one can chew during the project"", ""example_sentence"": ""The team tried to bite off more than one can chew during the project this week.""}, {""phrase"": ""bite off more than one can chew in the meeting"", ""example_sentence"": ""She tried to bite off more than one can chew in the meeting without creating confusion.""}, {""phrase"": ""bite off more than one can chew before the deadline"", ""example_sentence"": ""They agreed to bite off more than one can chew before the deadline and report back.""}]","[{""phrase"": ""প্রকল্প চলাকালে সামলানোর ক্ষমতার চেয়ে বেশি দায়িত্ব নেওয়া"", ""example_sentence"": ""শিক্ষার্থীরা উদাহরণে প্রকল্প চলাকালে সামলানোর ক্ষমতার চেয়ে বেশি দায়িত্ব নেওয়া অনুশীলন করে।""}, {""phrase"": ""মিটিংয়ে সামলানোর ক্ষমতার চেয়ে বেশি দায়িত্ব নেওয়া"", ""example_sentence"": ""শিক্ষার্থীরা উদাহরণে মিটিংয়ে সামলানোর ক্ষমতার চেয়ে বেশি দায়িত্ব নেওয়া অনুশীলন করে।""}, {""phrase"": ""সময়সীমার আগে সামলানোর ক্ষমতার চেয়ে বেশি দায়িত্ব নেওয়া"", ""example_sentence"": ""শিক্ষার্থীরা উদাহরণে সময়সীমার আগে সামলানোর ক্ষমতার চেয়ে বেশি দায়িত্ব নেওয়া অনুশীলন করে।""}]",take on too much; overcommit; overreach,stay within limits; take on a manageable task,C1,"07 - Problems, Difficulty & Risk","After school, Noah had to bite off more than one can chew.","স্কুলের পর, নোয়াকে সামলানোর ক্ষমতার চেয়ে বেশি দায়িত্ব নেওয়া প্রয়োজন হয়েছিল।","realistic school scene matching the sentence, clear action and natural colors. Realistic contemporary setting, natural lighting, clear facial expressions, accurate everyday details, documentary photography style.","[""Mia had to bite off more than one can chew before lunch."", ""We decided to bite off more than one can chew during the meeting."", ""They want to bite off more than one can chew this week.""]"
Idiom,burning the midnight oil,/bɝnɪŋ ðə mɪdnaɪt ɔɪl/,BURN-ing thuh MID-nyt OYL,বারনিং দা মিডনাইট অয়ল,Working very late into the night,রাত গভীর পর্যন্ত কাজ করা,"[{""phrase"": ""burning the midnight oil during the project"", ""example_sentence"": ""The team tried to burning the midnight oil during the project this week.""}, {""phrase"": ""burning the midnight oil in the meeting"", ""example_sentence"": ""She tried to burning the midnight oil in the meeting without creating confusion.""}, {""phrase"": ""burning the midnight oil before the deadline"", ""example_sentence"": ""They agreed to burning the midnight oil before the deadline and report back.""}]","[{""phrase"": ""প্রকল্প চলাকালে রাত গভীর পর্যন্ত কাজ করা"", ""example_sentence"": ""শিক্ষার্থীরা উদাহরণে প্রকল্প চলাকালে রাত গভীর পর্যন্ত কাজ করা অনুশীলন করে।""}, {""phrase"": ""মিটিংয়ে রাত গভীর পর্যন্ত কাজ করা"", ""example_sentence"": ""শিক্ষার্থীরা উদাহরণে মিটিংয়ে রাত গভীর পর্যন্ত কাজ করা অনুশীলন করে।""}, {""phrase"": ""সময়সীমার আগে রাত গভীর পর্যন্ত কাজ করা"", ""example_sentence"": ""শিক্ষার্থীরা উদাহরণে সময়সীমার আগে রাত গভীর পর্যন্ত কাজ করা অনুশীলন করে।""}]",work late; stay up working; study late,rest; finish early; keep regular hours,B2,"04 - Work, Responsibility & Productivity",Burning the midnight oil was important in the situation.,Burning রাত গভীর পর্যন্ত কাজ করা অবস্থায় ছিল।,"realistic workplace scene matching the sentence, detailed environment and natural light. Realistic contemporary setting, natural lighting, clear facial expressions, accurate everyday details, documentary photography style.","[""Burning the midnight oil matters here."", ""Burning the midnight oil can guide the choice."", ""This case shows burning the midnight oil.""]"
Idiom,push the envelope,/pʊʃ ðə ɛnvəloʊp/,POOSH thuh EN-vuh-lohp,পুশ দা এন্ভালোপ,To go beyond the usual boundaries or limits,স্বাভাবিক সীমা ছাড়িয়ে যাওয়া,"[{""phrase"": ""push the envelope for the team"", ""example_sentence"": ""That decision became push the envelope for the team after the results came in.""}, {""phrase"": ""push the envelope in the project"", ""example_sentence"": ""Everyone could see push the envelope in the project by the end of the week.""}, {""phrase"": ""push the envelope during the review"", ""example_sentence"": ""The feedback showed push the envelope during the review and helped us improve.""}]","[{""phrase"": ""দলের জন্য স্বাভাবিক সীমা ছাড়িয়ে যাওয়া"", ""example_sentence"": ""শিক্ষার্থীরা উদাহরণে দলের জন্য স্বাভাবিক সীমা ছাড়িয়ে যাওয়া অনুশীলন করে।""}, {""phrase"": ""প্রকল্পে স্বাভাবিক সীমা ছাড়িয়ে যাওয়া"", ""example_sentence"": ""শিক্ষার্থীরা উদাহরণে প্রকল্পে স্বাভাবিক সীমা ছাড়িয়ে যাওয়া অনুশীলন করে।""}, {""phrase"": ""পর্যালোচনার সময় স্বাভাবিক সীমা ছাড়িয়ে যাওয়া"", ""example_sentence"": ""শিক্ষার্থীরা উদাহরণে পর্যালোচনার সময় স্বাভাবিক সীমা ছাড়িয়ে যাওয়া অনুশীলন করে।""}]",stretch the limits; innovate; go beyond boundaries,play it safe; stay within limits; follow convention,B1,"06 - Progress, Success & Results","During the design session, Daniel had to push the envelope.","ডিজাইন সেশনের সময়, ড্যানিয়েলকে স্বাভাবিক সীমা ছাড়িয়ে যাওয়া প্রয়োজন হয়েছিল।","creative workshop with sketches, sticky notes, and a team exploring new ideas. Realistic contemporary setting, natural lighting, clear facial expressions, accurate everyday details, documentary photography style.","[""The design team had to push the envelope to solve the problem."", ""Aisha wanted to push the envelope instead of copying the old plan."", ""Small companies often push the envelope when markets change.""]"
Idiom,that ship has sailed,/ðæt ʃɪp hæz seɪld/,that SHIP HAZ SAYLD,দ্যাট শিপ হ্যাজ সেইল্ড,An opportunity that has already passed,সুযোগটি ইতিমধ্যে চলে গেছে,"[{""phrase"": ""that ship has sailed for the team"", ""example_sentence"": ""That decision became that ship has sailed for the team after the results came in.""}, {""phrase"": ""that ship has sailed in the project"", ""example_sentence"": ""Everyone could see that ship has sailed in the project by the end of the week.""}, {""phrase"": ""that ship has sailed during the review"", ""example_sentence"": ""The feedback showed that ship has sailed during the review and helped us improve.""}]","[{""phrase"": ""দলের জন্য সুযোগটি ইতিমধ্যে চলে গেছে"", ""example_sentence"": ""শিক্ষার্থীরা উদাহরণে দলের জন্য সুযোগটি ইতিমধ্যে চলে গেছে অনুশীলন করে।""}, {""phrase"": ""প্রকল্পে সুযোগটি ইতিমধ্যে চলে গেছে"", ""example_sentence"": ""শিক্ষার্থীরা উদাহরণে প্রকল্পে সুযোগটি ইতিমধ্যে চলে গেছে অনুশীলন করে।""}, {""phrase"": ""পর্যালোচনার সময় সুযোগটি ইতিমধ্যে চলে গেছে"", ""example_sentence"": ""শিক্ষার্থীরা উদাহরণে পর্যালোচনার সময় সুযোগটি ইতিমধ্যে চলে গেছে অনুশীলন করে।""}]",the chance is gone; too late; opportunity has passed,the opportunity is still open; still possible; not too late,B2,"05 - Time, Scheduling & Process",That ship has sailed was important in the situation.,That সুযোগটি ইতিমধ্যে চলে গেছে অবস্থায় ছিল।,"realistic school scene matching the sentence, clear action and natural colors. Realistic contemporary setting, natural lighting, clear facial expressions, accurate everyday details, documentary photography style.","[""That ship has sailed matters here."", ""That ship has sailed can guide the choice."", ""This case shows that ship has sailed.""]"
Idiom,in the loop,/ɪn ðə lup/,een thuh LOOP,ইন দা লুপ,Being kept informed about something,কোনো বিষয়ে অবগত রাখা হয়েছে,"[{""phrase"": ""be in the loop"", ""example_sentence"": ""The team wants to be in the loop during the project.""}, {""phrase"": ""stay in the loop"", ""example_sentence"": ""Good planning helped them stay in the loop all week.""}, {""phrase"": ""remain in the loop"", ""example_sentence"": ""The company tried to remain in the loop after the review.""}]","[{""phrase"": ""কোনো বিষয়ে অবগত রাখা হয়েছে"", ""example_sentence"": ""শিক্ষার্থীরা উদাহরণে কোনো বিষয়ে অবগত রাখা হয়েছে অনুশীলন করে।""}, {""phrase"": ""কোনো বিষয়ে অবগত রাখা হয়েছে"", ""example_sentence"": ""শিক্ষার্থীরা উদাহরণে কোনো বিষয়ে অবগত রাখা হয়েছে অনুশীলন করে।""}, {""phrase"": ""কোনো বিষয়ে অবগত রাখা হয়েছে"", ""example_sentence"": ""শিক্ষার্থীরা উদাহরণে কোনো বিষয়ে অবগত রাখা হয়েছে অনুশীলন করে।""}]",informed; kept updated; included,out of the loop; uninformed; excluded,B1,01 - Communication & Discussion,"By reading the team chat every morning, Lucas stayed in the loop on every schedule change.",By কোনো বিষয়ে অবগত রাখা হয়েছে করেছিল।,"employee at desk reading team chat updates on laptop and phone, planning board in background. Realistic contemporary setting, natural lighting, clear facial expressions, accurate everyday details, documentary photography style.","[""Please keep me in the loop about the changes."", ""She stayed in the loop through the team chat."", ""Parents want to be in the loop before the trip.""]"
Idiom,out of the loop,/aʊt ʌv ðə lup/,out uv thuh LOOP,আউট আভ দা লুপ,Not being informed about something happening,ঘটনা সম্পর্কে অবগত না থাকা,"[{""phrase"": ""be out of the loop"", ""example_sentence"": ""The team wants to be out of the loop during the project.""}, {""phrase"": ""stay out of the loop"", ""example_sentence"": ""Good planning helped them stay out of the loop all week.""}, {""phrase"": ""remain out of the loop"", ""example_sentence"": ""The company tried to remain out of the loop after the review.""}]","[{""phrase"": ""ঘটনা সম্পর্কে অবগত না থাকা"", ""example_sentence"": ""শিক্ষার্থীরা উদাহরণে ঘটনা সম্পর্কে অবগত না থাকা অনুশীলন করে।""}, {""phrase"": ""ঘটনা সম্পর্কে অবগত না থাকা"", ""example_sentence"": ""শিক্ষার্থীরা উদাহরণে ঘটনা সম্পর্কে অবগত না থাকা অনুশীলন করে।""}, {""phrase"": ""ঘটনা সম্পর্কে অবগত না থাকা"", ""example_sentence"": ""শিক্ষার্থীরা উদাহরণে ঘটনা সম্পর্কে অবগত না থাকা অনুশীলন করে।""}]",uninformed; not included; left out,in the loop; informed; included,B2,01 - Communication & Discussion,"After missing the morning briefing, Sofia felt out of the loop for the rest of the day.",ব্যক্তিটি ঘটনা সম্পর্কে অবগত না থাকা করেছিল।,"worker arriving late to an office meeting, others already discussing plans, slightly confused expression. Realistic contemporary setting, natural lighting, clear facial expressions, accurate everyday details, documentary photography style.","[""I felt out of the loop after missing the meeting."", ""He was out of the loop on the new rules."", ""Without updates, the drivers stayed out of the loop.""]"
Idiom,cover all the bases,/kʌvɚ ɔl ðə beɪsəz/,KUH-ver ALL thuh BAY-siz,কাভার অল দা বেইসাজ,To address every aspect of a situation,পরিস্থিতির সব দিক বিবেচনা করা,"[{""phrase"": ""cover all the bases for the team"", ""example_sentence"": ""That decision became cover all the bases for the team after the results came in.""}, {""phrase"": ""cover all the bases in the project"", ""example_sentence"": ""Everyone could see cover all the bases in the project by the end of the week.""}, {""phrase"": ""cover all the bases during the review"", ""example_sentence"": ""The feedback showed cover all the bases during the review and helped us improve.""}]","[{""phrase"": ""দলের জন্য পরিস্থিতির সব দিক বিবেচনা করা"", ""example_sentence"": ""শিক্ষার্থীরা উদাহরণে দলের জন্য পরিস্থিতির সব দিক বিবেচনা করা অনুশীলন করে।""}, {""phrase"": ""প্রকল্পে পরিস্থিতির সব দিক বিবেচনা করা"", ""example_sentence"": ""শিক্ষার্থীরা উদাহরণে প্রকল্পে পরিস্থিতির সব দিক বিবেচনা করা অনুশীলন করে।""}, {""phrase"": ""পর্যালোচনার সময় পরিস্থিতির সব দিক বিবেচনা করা"", ""example_sentence"": ""শিক্ষার্থীরা উদাহরণে পর্যালোচনার সময় পরিস্থিতির সব দিক বিবেচনা করা অনুশীলন করে।""}]",address every aspect; be thorough; prepare fully,miss key points; overlook details; be unprepared,B2,"03 - Plans, Decisions & Strategy","For the presentation, Ethan decided to cover all the bases the main ideas on the whiteboard.",ব্যক্তিটি পরিস্থিতির সব দিক বিবেচনা করা করেছিল।,"classroom or office whiteboard with key points arranged clearly, presenter preparing. Realistic contemporary setting, natural lighting, clear facial expressions, accurate everyday details, documentary photography style.","[""Lina helped to cover all the bases the chairs before class."", ""We should cover all the bases the ideas more clearly."", ""The manager asked them to cover all the bases the files on the desk.""]"
Idiom,a ballpark figure,/ə bɔlpɑrk fɪɡjɚ/,uh BAWL-park FIG-yer,আ বলপার্ক ফিগার,A rough or approximate estimate,মোটামুটি বা আনুমানিক হিসাব,"[{""phrase"": ""a ballpark figure for the team"", ""example_sentence"": ""That decision became a ballpark figure for the team after the results came in.""}, {""phrase"": ""a ballpark figure in the project"", ""example_sentence"": ""Everyone could see a ballpark figure in the project by the end of the week.""}, {""phrase"": ""a ballpark figure during the review"", ""example_sentence"": ""The feedback showed a ballpark figure during the review and helped us improve.""}]","[{""phrase"": ""দলের জন্য মোটামুটি বা আনুমানিক হিসাব"", ""example_sentence"": ""শিক্ষার্থীরা উদাহরণে দলের জন্য মোটামুটি বা আনুমানিক হিসাব অনুশীলন করে।""}, {""phrase"": ""প্রকল্পে মোটামুটি বা আনুমানিক হিসাব"", ""example_sentence"": ""শিক্ষার্থীরা উদাহরণে প্রকল্পে মোটামুটি বা আনুমানিক হিসাব অনুশীলন করে।""}, {""phrase"": ""পর্যালোচনার সময় মোটামুটি বা আনুমানিক হিসাব"", ""example_sentence"": ""শিক্ষার্থীরা উদাহরণে পর্যালোচনার সময় মোটামুটি বা আনুমানিক হিসাব অনুশীলন করে।""}]",rough estimate; approximate number; educated guess,exact figure; precise number; final amount,B1,"02 - Thinking, Learning & Understanding",A ballpark figure for the repairs was enough for the first budget meeting.,A মোটামুটি বা আনুমানিক হিসাব অবস্থায় ছিল।,"manager and contractor discussing a rough repair estimate with clipboard and calculator. Realistic contemporary setting, natural lighting, clear facial expressions, accurate everyday details, documentary photography style.","[""Can you give me a ballpark figure?"", ""A ballpark figure is enough for now."", ""The builder gave us a ballpark figure by phone.""]"
Idiom,throw under the bus,/θroʊ ʌndɚ ðə bʌs/,THROH OOHNDER thuh BUS,থ্রো আন্ডার দা বাস,To unfairly blame or sacrifice someone,অন্যায়ভাবে কাউকে দোষ দেওয়া বা বলি দেওয়া,"[{""phrase"": ""throw under the bus during the project"", ""example_sentence"": ""The team tried to throw under the bus during the project this week.""}, {""phrase"": ""throw under the bus in the meeting"", ""example_sentence"": ""She tried to throw under the bus in the meeting without creating confusion.""}, {""phrase"": ""throw under the bus before the deadline"", ""example_sentence"": ""They agreed to throw under the bus before the deadline and report back.""}]","[{""phrase"": ""প্রকল্প চলাকালে অন্যায়ভাবে কাউকে দোষ দেওয়া"", ""example_sentence"": ""শিক্ষার্থীরা উদাহরণে প্রকল্প চলাকালে অন্যায়ভাবে কাউকে দোষ দেওয়া অনুশীলন করে।""}, {""phrase"": ""মিটিংয়ে অন্যায়ভাবে কাউকে দোষ দেওয়া"", ""example_sentence"": ""শিক্ষার্থীরা উদাহরণে মিটিংয়ে অন্যায়ভাবে কাউকে দোষ দেওয়া অনুশীলন করে।""}, {""phrase"": ""সময়সীমার আগে অন্যায়ভাবে কাউকে দোষ দেওয়া"", ""example_sentence"": ""শিক্ষার্থীরা উদাহরণে সময়সীমার আগে অন্যায়ভাবে কাউকে দোষ দেওয়া অনুশীলন করে।""}]",blame unfairly; sacrifice; betray,defend; protect; stand by,B2,"09 - Relationships, Feelings & Daily Life","In the meeting, the supervisor threw a junior colleague under the bus to protect himself.",ব্যক্তিটি অন্যায়ভাবে কাউকে দোষ দেওয়া বা বলি দেওয়া করেছিল।,"realistic daily-life scene matching the sentence, natural lighting, candid photography. Realistic contemporary setting, natural lighting, clear facial expressions, accurate everyday details, documentary photography style.","[""Chloe had to throw under the bus before lunch."", ""We decided to throw under the bus during the meeting."", ""They want to throw under the bus this week.""]"
Idiom,go the extra mile,/ɡoʊ ðə ɛkstrə maɪl/,GOH thuh EK-struh MYL,গো দা এক্স্ট্রা মাইল,To do more than what is expected,প্রত্যাশার চেয়ে বেশি চেষ্টা করা,"[{""phrase"": ""go the extra mile during the project"", ""example_sentence"": ""The team tried to go the extra mile during the project this week.""}, {""phrase"": ""go the extra mile in the meeting"", ""example_sentence"": ""She tried to go the extra mile in the meeting without creating confusion.""}, {""phrase"": ""go the extra mile before the deadline"", ""example_sentence"": ""They agreed to go the extra mile before the deadline and report back.""}]","[{""phrase"": ""প্রকল্প চলাকালে প্রত্যাশার চেয়ে বেশি চেষ্টা করা"", ""example_sentence"": ""শিক্ষার্থীরা উদাহরণে প্রকল্প চলাকালে প্রত্যাশার চেয়ে বেশি চেষ্টা করা অনুশীলন করে।""}, {""phrase"": ""মিটিংয়ে প্রত্যাশার চেয়ে বেশি চেষ্টা করা"", ""example_sentence"": ""শিক্ষার্থীরা উদাহরণে মিটিংয়ে প্রত্যাশার চেয়ে বেশি চেষ্টা করা অনুশীলন করে।""}, {""phrase"": ""সময়সীমার আগে প্রত্যাশার চেয়ে বেশি চেষ্টা করা"", ""example_sentence"": ""শিক্ষার্থীরা উদাহরণে সময়সীমার আগে প্রত্যাশার চেয়ে বেশি চেষ্টা করা অনুশীলন করে।""}]",do more than expected; exceed expectations; make extra effort,do the bare minimum; cut corners; underperform,B2,"04 - Work, Responsibility & Productivity","On her first day, Chloe had to go the extra mile without waiting for extra help.","তার প্রথম দিনে, ক্লোইকে অতিরিক্ত সাহায্যের অপেক্ষা না করে প্রত্যাশার চেয়ে বেশি চেষ্টা করা প্রয়োজন হয়েছিল।","new employee arriving energetic and immediately starting tasks at a desk. Realistic contemporary setting, natural lighting, clear facial expressions, accurate everyday details, documentary photography style.","[""Hassan was ready to go the extra mile on day one."", ""The volunteers go the extra mile when the event got busy."", ""If everyone go the extra mile, we can finish today.""]"
Idiom,lay the groundwork,/leɪ ðə ɡraʊndwɝk/,LAY thuh GROUND-werk,লেই দা গ্রাউন্ড্ওয়ারক,To prepare the foundation for something,ভবিষ্যৎ কাজের ভিত্তি প্রস্তুত করা,"[{""phrase"": ""lay the groundwork for the team"", ""example_sentence"": ""That decision became lay the groundwork for the team after the results came in.""}, {""phrase"": ""lay the groundwork in the project"", ""example_sentence"": ""Everyone could see lay the groundwork in the project by the end of the week.""}, {""phrase"": ""lay the groundwork during the review"", ""example_sentence"": ""The feedback showed lay the groundwork during the review and helped us improve.""}]","[{""phrase"": ""দলের জন্য ভবিষ্যৎ কাজের ভিত্তি প্রস্তুত করা"", ""example_sentence"": ""শিক্ষার্থীরা উদাহরণে দলের জন্য ভবিষ্যৎ কাজের ভিত্তি প্রস্তুত করা অনুশীলন করে।""}, {""phrase"": ""প্রকল্পে ভবিষ্যৎ কাজের ভিত্তি প্রস্তুত করা"", ""example_sentence"": ""শিক্ষার্থীরা উদাহরণে প্রকল্পে ভবিষ্যৎ কাজের ভিত্তি প্রস্তুত করা অনুশীলন করে।""}, {""phrase"": ""পর্যালোচনার সময় ভবিষ্যৎ কাজের ভিত্তি প্রস্তুত করা"", ""example_sentence"": ""শিক্ষার্থীরা উদাহরণে পর্যালোচনার সময় ভবিষ্যৎ কাজের ভিত্তি প্রস্তুত করা অনুশীলন করে।""}]",prepare the foundation; set up; make preparations,skip preparation; start without a foundation,B1,"03 - Plans, Decisions & Strategy","In the hall, Hassan decided to lay the groundwork the chairs in a straight line.","হলে, হাসান চেয়ারগুলো সোজা লাইনে ভবিষ্যৎ কাজের ভিত্তি প্রস্তুত করার সিদ্ধান্ত নিয়েছিল।","community hall with chairs being arranged neatly before an event. Realistic contemporary setting, natural lighting, clear facial expressions, accurate everyday details, documentary photography style.","[""Nora helped to lay the groundwork the chairs before class."", ""We should lay the groundwork the ideas more clearly."", ""The manager asked them to lay the groundwork the files on the desk.""]"
Idiom,touch base,/tʌtʃ beɪs/,TOOHCH BAYS,টাচ বেইস,To briefly connect or check in with someone,সংক্ষেপে যোগাযোগ করা বা খোঁজ নেওয়া,"[{""phrase"": ""touch base for the team"", ""example_sentence"": ""That decision became touch base for the team after the results came in.""}, {""phrase"": ""touch base in the project"", ""example_sentence"": ""Everyone could see touch base in the project by the end of the week.""}, {""phrase"": ""touch base during the review"", ""example_sentence"": ""The feedback showed touch base during the review and helped us improve.""}]","[{""phrase"": ""দলের জন্য সংক্ষেপে যোগাযোগ করা"", ""example_sentence"": ""শিক্ষার্থীরা উদাহরণে দলের জন্য সংক্ষেপে যোগাযোগ করা অনুশীলন করে।""}, {""phrase"": ""প্রকল্পে সংক্ষেপে যোগাযোগ করা"", ""example_sentence"": ""শিক্ষার্থীরা উদাহরণে প্রকল্পে সংক্ষেপে যোগাযোগ করা অনুশীলন করে।""}, {""phrase"": ""পর্যালোচনার সময় সংক্ষেপে যোগাযোগ করা"", ""example_sentence"": ""শিক্ষার্থীরা উদাহরণে পর্যালোচনার সময় সংক্ষেপে যোগাযোগ করা অনুশীলন করে।""}]",check in; make brief contact; reconnect,avoid contact; ignore; lose touch,A2,01 - Communication & Discussion,"Before the afternoon call, Nora had to touch base.","বিকেলের কলের আগে, নোরাকে সংক্ষেপে যোগাযোগ করা বা খোঁজ নেওয়া প্রয়োজন হয়েছিল।","coworkers having a brief check-in near desks with laptops and notebooks. Realistic contemporary setting, natural lighting, clear facial expressions, accurate everyday details, documentary photography style.","[""Please touch base with me after the call."", ""Ben tried to touch base before rumors spread."", ""The update helped everyone touch base.""]"
Idiom,put on the back burner,/pʊt ɑn ðə bæk bɝnɚ/,PUT on thuh BACK BURN-er,পুট অন দা ব্যাক বারনার,To postpone something temporarily,কোনো কিছু সাময়িকভাবে স্থগিত রাখা,"[{""phrase"": ""put on the back burner during the project"", ""example_sentence"": ""The team tried to put on the back burner during the project this week.""}, {""phrase"": ""put on the back burner in the meeting"", ""example_sentence"": ""She tried to put on the back burner in the meeting without creating confusion.""}, {""phrase"": ""put on the back burner before the deadline"", ""example_sentence"": ""They agreed to put on the back burner before the deadline and report back.""}]","[{""phrase"": ""প্রকল্প চলাকালে কোনো কিছু সাময়িকভাবে স্থগিত রাখা"", ""example_sentence"": ""শিক্ষার্থীরা উদাহরণে প্রকল্প চলাকালে কোনো কিছু সাময়িকভাবে স্থগিত রাখা অনুশীলন করে।""}, {""phrase"": ""মিটিংয়ে কোনো কিছু সাময়িকভাবে স্থগিত রাখা"", ""example_sentence"": ""শিক্ষার্থীরা উদাহরণে মিটিংয়ে কোনো কিছু সাময়িকভাবে স্থগিত রাখা অনুশীলন করে।""}, {""phrase"": ""সময়সীমার আগে কোনো কিছু সাময়িকভাবে স্থগিত রাখা"", ""example_sentence"": ""শিক্ষার্থীরা উদাহরণে সময়সীমার আগে কোনো কিছু সাময়িকভাবে স্থগিত রাখা অনুশীলন করে।""}]",postpone; delay; put aside temporarily,prioritize; deal with now; move forward,C1,"05 - Time, Scheduling & Process","Because the hospital was short-staffed, the manager had to put the office repainting on the back burner.",ব্যক্তিটি কোনো কিছু সাময়িকভাবে স্থগিত রাখা অবস্থায় ছিল।,"travelers at a station looking at delayed schedule board and adjusting plans. Realistic contemporary setting, natural lighting, clear facial expressions, accurate everyday details, documentary photography style.","[""We had to put on the back burner the match because of the rain."", ""Sara will put on the back burner the meeting until Tuesday."", ""They chose to put on the back burner the trip for one week.""]"
Idiom,bring to the table,/brɪŋ tu ðə teɪbəl/,BRING too thuh TAY-bul,ব্রিং টু দা টেইবাল,To offer a skill or resource in a situation,পরিস্থিতিতে দক্ষতা বা সম্পদ নিয়ে আসা,"[{""phrase"": ""bring to the table during the project"", ""example_sentence"": ""The team tried to bring to the table during the project this week.""}, {""phrase"": ""bring to the table in the meeting"", ""example_sentence"": ""She tried to bring to the table in the meeting without creating confusion.""}, {""phrase"": ""bring to the table before the deadline"", ""example_sentence"": ""They agreed to bring to the table before the deadline and report back.""}]","[{""phrase"": ""প্রকল্প চলাকালে পরিস্থিতিতে দক্ষতা বা সম্পদ নিয়ে আসা"", ""example_sentence"": ""শিক্ষার্থীরা উদাহরণে প্রকল্প চলাকালে পরিস্থিতিতে দক্ষতা বা সম্পদ নিয়ে আসা অনুশীলন করে।""}, {""phrase"": ""মিটিংয়ে পরিস্থিতিতে দক্ষতা বা সম্পদ নিয়ে আসা"", ""example_sentence"": ""শিক্ষার্থীরা উদাহরণে মিটিংয়ে পরিস্থিতিতে দক্ষতা বা সম্পদ নিয়ে আসা অনুশীলন করে।""}, {""phrase"": ""সময়সীমার আগে পরিস্থিতিতে দক্ষতা বা সম্পদ নিয়ে আসা"", ""example_sentence"": ""শিক্ষার্থীরা উদাহরণে সময়সীমার আগে পরিস্থিতিতে দক্ষতা বা সম্পদ নিয়ে আসা অনুশীলন করে।""}]",offer; contribute; provide value,withhold; offer nothing; take away,B2,"04 - Work, Responsibility & Productivity","At work, Sara had to bring to the table.","কর্মক্ষেত্রে, সারাকে পরিস্থিতিতে দক্ষতা বা সম্পদ নিয়ে আসা প্রয়োজন হয়েছিল।","realistic workplace scene matching the sentence, detailed environment and natural light. Realistic contemporary setting, natural lighting, clear facial expressions, accurate everyday details, documentary photography style.","[""Leo had to bring to the table before lunch."", ""We decided to bring to the table during the meeting."", ""They want to bring to the table this week.""]"
Idiom,read the room,/rɛd ðə rum/,RED thuh ROOM,রেড দা রুম,To accurately sense the mood or tone of a group,দলের পরিবেশ বা মনোভাব সঠিকভাবে বোঝা,"[{""phrase"": ""read the room for the team"", ""example_sentence"": ""That decision became read the room for the team after the results came in.""}, {""phrase"": ""read the room in the project"", ""example_sentence"": ""Everyone could see read the room in the project by the end of the week.""}, {""phrase"": ""read the room during the review"", ""example_sentence"": ""The feedback showed read the room during the review and helped us improve.""}]","[{""phrase"": ""দলের জন্য দলের পরিবেশ বা মনোভাব সঠিকভাবে বোঝা"", ""example_sentence"": ""শিক্ষার্থীরা উদাহরণে দলের জন্য দলের পরিবেশ বা মনোভাব সঠিকভাবে বোঝা অনুশীলন করে।""}, {""phrase"": ""প্রকল্পে দলের পরিবেশ বা মনোভাব সঠিকভাবে বোঝা"", ""example_sentence"": ""শিক্ষার্থীরা উদাহরণে প্রকল্পে দলের পরিবেশ বা মনোভাব সঠিকভাবে বোঝা অনুশীলন করে।""}, {""phrase"": ""পর্যালোচনার সময় দলের পরিবেশ বা মনোভাব সঠিকভাবে বোঝা"", ""example_sentence"": ""শিক্ষার্থীরা উদাহরণে পর্যালোচনার সময় দলের পরিবেশ বা মনোভাব সঠিকভাবে বোঝা অনুশীলন করে।""}]",sense the mood; understand the atmosphere; judge the situation,misread the mood; ignore the atmosphere; be tone-deaf,B1,01 - Communication & Discussion,"During the day, Leo had to read the room.","দিনের মধ্যে, লিওকে দলের পরিবেশ বা মনোভাব সঠিকভাবে বোঝা প্রয়োজন হয়েছিল।","realistic daily-life scene matching the sentence, natural lighting, candid photography. Realistic contemporary setting, natural lighting, clear facial expressions, accurate everyday details, documentary photography style.","[""Maya had to read the room before lunch."", ""We decided to read the room during the meeting."", ""They want to read the room this week.""]"
Idiom,take it with a grain of salt,/teɪk ɪt wɪð ə ɡreɪn ʌv sɔlt/,TAYK EET with uh GRAYN uv SAWLT,টেইক ইট উইথ আ গ্রেইন আভ সল্ট,To view information skeptically,তথ্যকে সন্দেহের চোখে দেখা,"[{""phrase"": ""take it with a grain of salt during the project"", ""example_sentence"": ""The team tried to take it with a grain of salt during the project this week.""}, {""phrase"": ""take it with a grain of salt in the meeting"", ""example_sentence"": ""She tried to take it with a grain of salt in the meeting without creating confusion.""}, {""phrase"": ""take it with a grain of salt before the deadline"", ""example_sentence"": ""They agreed to take it with a grain of salt before the deadline and report back.""}]","[{""phrase"": ""প্রকল্প চলাকালে তথ্যকে সন্দেহের চোখে দেখা"", ""example_sentence"": ""শিক্ষার্থীরা উদাহরণে প্রকল্প চলাকালে তথ্যকে সন্দেহের চোখে দেখা অনুশীলন করে।""}, {""phrase"": ""মিটিংয়ে তথ্যকে সন্দেহের চোখে দেখা"", ""example_sentence"": ""শিক্ষার্থীরা উদাহরণে মিটিংয়ে তথ্যকে সন্দেহের চোখে দেখা অনুশীলন করে।""}, {""phrase"": ""সময়সীমার আগে তথ্যকে সন্দেহের চোখে দেখা"", ""example_sentence"": ""শিক্ষার্থীরা উদাহরণে সময়সীমার আগে তথ্যকে সন্দেহের চোখে দেখা অনুশীলন করে।""}]",view skeptically; doubt; not fully believe,accept completely; believe without question; take at face value,C1,"02 - Thinking, Learning & Understanding",Maya listened to the rumor but decided to take it with a grain of salt.,মায়া তথ্যকে সন্দেহের চোখে দেখা করেছিল।,"team chat and meeting scene where updates are shared clearly. Realistic contemporary setting, natural lighting, clear facial expressions, accurate everyday details, documentary photography style.","[""Please take it with a grain of salt with me after the call."", ""David tried to take it with a grain of salt before rumors spread."", ""The update helped everyone take it with a grain of salt.""]"
Idiom,gain traction,/ɡeɪn trækʃən/,GAYN TRAK-shun,গেইন ট্র্যাক্শান,To start making progress or becoming accepted,অগ্রগতি বা গ্রহণযোগ্যতা পেতে শুরু করা,"[{""phrase"": ""gain traction for the team"", ""example_sentence"": ""That decision became gain traction for the team after the results came in.""}, {""phrase"": ""gain traction in the project"", ""example_sentence"": ""Everyone could see gain traction in the project by the end of the week.""}, {""phrase"": ""gain traction during the review"", ""example_sentence"": ""The feedback showed gain traction during the review and helped us improve.""}]","[{""phrase"": ""দলের জন্য গ্রহণযোগ্যতা পেতে শুরু করা"", ""example_sentence"": ""শিক্ষার্থীরা উদাহরণে দলের জন্য গ্রহণযোগ্যতা পেতে শুরু করা অনুশীলন করে।""}, {""phrase"": ""প্রকল্পে গ্রহণযোগ্যতা পেতে শুরু করা"", ""example_sentence"": ""শিক্ষার্থীরা উদাহরণে প্রকল্পে গ্রহণযোগ্যতা পেতে শুরু করা অনুশীলন করে।""}, {""phrase"": ""পর্যালোচনার সময় গ্রহণযোগ্যতা পেতে শুরু করা"", ""example_sentence"": ""শিক্ষার্থীরা উদাহরণে পর্যালোচনার সময় গ্রহণযোগ্যতা পেতে শুরু করা অনুশীলন করে।""}]",make progress; become accepted; catch on,lose momentum; stall; be rejected,A2,"06 - Progress, Success & Results","Once the new system was live, David had to gain traction over the next few days.","নতুন সিস্টেম চালু হলে, was অগ্রগতি বা গ্রহণযোগ্যতা পেতে শুরু করা অবস্থায় ছিল।","employees using a new system as progress indicators rise on a screen. Realistic contemporary setting, natural lighting, clear facial expressions, accurate everyday details, documentary photography style.","[""The idea began to gain traction after the first test."", ""Our small changes helped the project gain traction."", ""The new plan finally gain traction with parents and staff.""]"
Idiom,move the goalposts,/muv ðə ɡoʊlpoʊsts/,MOOV thuh GOHL-posts,মুভ দা গোল্পোস্ট্স,To unfairly change the criteria after the fact,ঘটনার পরে অন্যায়ভাবে মানদণ্ড বদলানো,"[{""phrase"": ""move the goalposts during the project"", ""example_sentence"": ""The team tried to move the goalposts during the project this week.""}, {""phrase"": ""move the goalposts in the meeting"", ""example_sentence"": ""She tried to move the goalposts in the meeting without creating confusion.""}, {""phrase"": ""move the goalposts before the deadline"", ""example_sentence"": ""They agreed to move the goalposts before the deadline and report back.""}]","[{""phrase"": ""প্রকল্প চলাকালে ঘটনার পরে অন্যায়ভাবে মানদণ্ড বদলানো"", ""example_sentence"": ""শিক্ষার্থীরা উদাহরণে প্রকল্প চলাকালে ঘটনার পরে অন্যায়ভাবে মানদণ্ড বদলানো অনুশীলন করে।""}, {""phrase"": ""মিটিংয়ে ঘটনার পরে অন্যায়ভাবে মানদণ্ড বদলানো"", ""example_sentence"": ""শিক্ষার্থীরা উদাহরণে মিটিংয়ে ঘটনার পরে অন্যায়ভাবে মানদণ্ড বদলানো অনুশীলন করে।""}, {""phrase"": ""সময়সীমার আগে ঘটনার পরে অন্যায়ভাবে মানদণ্ড বদলানো"", ""example_sentence"": ""শিক্ষার্থীরা উদাহরণে সময়সীমার আগে ঘটনার পরে অন্যায়ভাবে মানদণ্ড বদলানো অনুশীলন করে।""}]",change the rules unfairly; shift the criteria,keep the rules fixed; be fair; maintain criteria,B1,"08 - Change, Growth, Rules & Control","After the team finished the draft, the client moved the goalposts and asked for five new sections.",ব্যক্তিটি ঘটনার পরে অন্যায়ভাবে মানদণ্ড বদলানো করেছিল।,"creative workshop with sketches, sticky notes, and a team exploring new ideas. Realistic contemporary setting, natural lighting, clear facial expressions, accurate everyday details, documentary photography style.","[""The design team had to move the goalposts to solve the problem."", ""Ryan wanted to move the goalposts instead of copying the old plan."", ""Small companies often move the goalposts when markets change.""]"
Idiom,on the fence,/ɑn ðə fɛns/,on thuh FENS,অন দা ফেন্স,Undecided between two options,দুটি বিকল্পের মধ্যে সিদ্ধান্তহীন থাকা,"[{""phrase"": ""be on the fence"", ""example_sentence"": ""The team wants to be on the fence during the project.""}, {""phrase"": ""stay on the fence"", ""example_sentence"": ""Good planning helped them stay on the fence all week.""}, {""phrase"": ""remain on the fence"", ""example_sentence"": ""The company tried to remain on the fence after the review.""}]","[{""phrase"": ""দুটি বিকল্পের মধ্যে সিদ্ধান্তহীন থাকা"", ""example_sentence"": ""শিক্ষার্থীরা উদাহরণে দুটি বিকল্পের মধ্যে সিদ্ধান্তহীন থাকা অনুশীলন করে।""}, {""phrase"": ""দুটি বিকল্পের মধ্যে সিদ্ধান্তহীন থাকা"", ""example_sentence"": ""শিক্ষার্থীরা উদাহরণে দুটি বিকল্পের মধ্যে সিদ্ধান্তহীন থাকা অনুশীলন করে।""}, {""phrase"": ""দুটি বিকল্পের মধ্যে সিদ্ধান্তহীন থাকা"", ""example_sentence"": ""শিক্ষার্থীরা উদাহরণে দুটি বিকল্পের মধ্যে সিদ্ধান্তহীন থাকা অনুশীলন করে।""}]",undecided; unsure; wavering,decided; committed; certain,B1,"03 - Plans, Decisions & Strategy","Even after two campus tours, Ryan was still on the fence about which university to choose.",Even দুটি বিকল্পের মধ্যে সিদ্ধান্তহীন থাকা অবস্থায় ছিল।,"student comparing two university brochures at a desk, thoughtful expression, laptop open. Realistic contemporary setting, natural lighting, clear facial expressions, accurate everyday details, documentary photography style.","[""She is still on the fence about the job."", ""They sat on the fence until the last minute."", ""I am on the fence between the two courses.""]"
Idiom,break new ground,/breɪk nu ɡraʊnd/,BRAYK NOO GROUND,ব্রেইক নু গ্রাউন্ড,To do something innovative or pioneering,নতুন বা পথপ্রদর্শক কিছু করা,"[{""phrase"": ""break new ground during the project"", ""example_sentence"": ""The team tried to break new ground during the project this week.""}, {""phrase"": ""break new ground in the meeting"", ""example_sentence"": ""She tried to break new ground in the meeting without creating confusion.""}, {""phrase"": ""break new ground before the deadline"", ""example_sentence"": ""They agreed to break new ground before the deadline and report back.""}]","[{""phrase"": ""প্রকল্প চলাকালে পথপ্রদর্শক কিছু করা"", ""example_sentence"": ""শিক্ষার্থীরা উদাহরণে প্রকল্প চলাকালে পথপ্রদর্শক কিছু করা অনুশীলন করে।""}, {""phrase"": ""মিটিংয়ে পথপ্রদর্শক কিছু করা"", ""example_sentence"": ""শিক্ষার্থীরা উদাহরণে মিটিংয়ে পথপ্রদর্শক কিছু করা অনুশীলন করে।""}, {""phrase"": ""সময়সীমার আগে পথপ্রদর্শক কিছু করা"", ""example_sentence"": ""শিক্ষার্থীরা উদাহরণে সময়সীমার আগে পথপ্রদর্শক কিছু করা অনুশীলন করে।""}]",innovate; pioneer; make a new advance,repeat old methods; follow tradition; copy,B1,"06 - Progress, Success & Results","With its low-cost water sensor, the small startup hopes to break new ground in farm technology.",ব্যক্তিটি নতুন বা পথপ্রদর্শক কিছু করা করেছিল।,"Startup team presenting an innovative low-cost water sensor for farms, prototypes and charts visible, realistic technology workspace.","[""The lab wants to break new ground in battery design."", ""Her new teaching method could break new ground in the school."", ""Small companies can break new ground with simple ideas.""]"
Idiom,the big picture,/ðə bɪɡ pɪktʃɚ/,thuh BIG PIK-cher,দা বিগ পিক্চার,The overall context rather than specific details,নির্দিষ্ট খুঁটিনাটির বদলে সামগ্রিক প্রেক্ষাপট,"[{""phrase"": ""the big picture for the team"", ""example_sentence"": ""That decision became the big picture for the team after the results came in.""}, {""phrase"": ""the big picture in the project"", ""example_sentence"": ""Everyone could see the big picture in the project by the end of the week.""}, {""phrase"": ""the big picture during the review"", ""example_sentence"": ""The feedback showed the big picture during the review and helped us improve.""}]","[{""phrase"": ""দলের জন্য নির্দিষ্ট খুঁটিনাটির বদলে সামগ্রিক প্রেক্ষাপট"", ""example_sentence"": ""শিক্ষার্থীরা উদাহরণে দলের জন্য নির্দিষ্ট খুঁটিনাটির বদলে সামগ্রিক প্রেক্ষাপট অনুশীলন করে।""}, {""phrase"": ""প্রকল্পে নির্দিষ্ট খুঁটিনাটির বদলে সামগ্রিক প্রেক্ষাপট"", ""example_sentence"": ""শিক্ষার্থীরা উদাহরণে প্রকল্পে নির্দিষ্ট খুঁটিনাটির বদলে সামগ্রিক প্রেক্ষাপট অনুশীলন করে।""}, {""phrase"": ""পর্যালোচনার সময় নির্দিষ্ট খুঁটিনাটির বদলে সামগ্রিক প্রেক্ষাপট"", ""example_sentence"": ""শিক্ষার্থীরা উদাহরণে পর্যালোচনার সময় নির্দিষ্ট খুঁটিনাটির বদলে সামগ্রিক প্রেক্ষাপট অনুশীলন করে।""}]",overall view; broad context; general perspective,small details; narrow focus; minutiae,B1,"02 - Thinking, Learning & Understanding","Before choosing a supplier, the manager asked the team to look at the big picture.",ব্যক্তিটি নির্দিষ্ট খুঁটিনাটির বদলে সামগ্রিক প্রেক্ষাপট করেছিল।,"team standing around a wall of charts and plans, stepping back to view full project context. Realistic contemporary setting, natural lighting, clear facial expressions, accurate everyday details, documentary photography style.","[""Let us think about the big picture."", ""She is good at seeing the big picture."", ""The manager asked for the big picture first.""]"
Idiom,face value,/feɪs vælju/,FAYS VAL-yoo,ফেইস ভ্যাল্য়ু,To accept something as it appears without deeper analysis,গভীর বিশ্লেষণ ছাড়া বাহ্যিকভাবে যা দেখা যায় তাই মেনে নেওয়া,"[{""phrase"": ""face value for the team"", ""example_sentence"": ""That decision became face value for the team after the results came in.""}, {""phrase"": ""face value in the project"", ""example_sentence"": ""Everyone could see face value in the project by the end of the week.""}, {""phrase"": ""face value during the review"", ""example_sentence"": ""The feedback showed face value during the review and helped us improve.""}]","[{""phrase"": ""দলের জন্য গভীর বিশ্লেষণ ছাড়া বাহ্যিকভাবে যা দেখা যায় তাই মেনে নেওয়া"", ""example_sentence"": ""শিক্ষার্থীরা উদাহরণে দলের জন্য গভীর বিশ্লেষণ ছাড়া বাহ্যিকভাবে যা দেখা যায় তাই মেনে নেওয়া অনুশীলন করে।""}, {""phrase"": ""প্রকল্পে গভীর বিশ্লেষণ ছাড়া বাহ্যিকভাবে যা দেখা যায় তাই মেনে নেওয়া"", ""example_sentence"": ""শিক্ষার্থীরা উদাহরণে প্রকল্পে গভীর বিশ্লেষণ ছাড়া বাহ্যিকভাবে যা দেখা যায় তাই মেনে নেওয়া অনুশীলন করে।""}, {""phrase"": ""পর্যালোচনার সময় গভীর বিশ্লেষণ ছাড়া বাহ্যিকভাবে যা দেখা যায় তাই মেনে নেওয়া"", ""example_sentence"": ""শিক্ষার্থীরা উদাহরণে পর্যালোচনার সময় গভীর বিশ্লেষণ ছাড়া বাহ্যিকভাবে যা দেখা যায় তাই মেনে নেওয়া অনুশীলন করে।""}]",literal meaning; apparent worth; surface impression,deeper meaning; hidden meaning; critical analysis,A2,"02 - Thinking, Learning & Understanding",Luis did not take the glowing online review at face value because it sounded too perfect.,Luis গভীর বিশ্লেষণ ছাড়া বাহ্যিকভাবে যা দেখা যায় তাই মেনে নেওয়া করেছিল।,"Man reading an online review on his phone with a skeptical expression in a cafe, realistic modern setting.","[""Do not accept every rumor at face value."", ""She took the ad at face value and later felt disappointed."", ""We should not judge the numbers at face value without checking the source.""]"
Idiom,in the same boat,/ɪn ðə seɪm boʊt/,een thuh SAYM BOHT,ইন দা সেইম বোট,In the same difficult situation as others,অন্যদের মতো একই কঠিন পরিস্থিতিতে থাকা,"[{""phrase"": ""be in the same boat"", ""example_sentence"": ""The team wants to be in the same boat during the project.""}, {""phrase"": ""stay in the same boat"", ""example_sentence"": ""Good planning helped them stay in the same boat all week.""}, {""phrase"": ""remain in the same boat"", ""example_sentence"": ""The company tried to remain in the same boat after the review.""}]","[{""phrase"": ""অন্যদের মতো একই কঠিন পরিস্থিতিতে থাকা"", ""example_sentence"": ""শিক্ষার্থীরা উদাহরণে অন্যদের মতো একই কঠিন পরিস্থিতিতে থাকা অনুশীলন করে।""}, {""phrase"": ""অন্যদের মতো একই কঠিন পরিস্থিতিতে থাকা"", ""example_sentence"": ""শিক্ষার্থীরা উদাহরণে অন্যদের মতো একই কঠিন পরিস্থিতিতে থাকা অনুশীলন করে।""}, {""phrase"": ""অন্যদের মতো একই কঠিন পরিস্থিতিতে থাকা"", ""example_sentence"": ""শিক্ষার্থীরা উদাহরণে অন্যদের মতো একই কঠিন পরিস্থিতিতে থাকা অনুশীলন করে।""}]",same situation; shared difficulty; in it together,different situation; separate circumstances,B2,"09 - Relationships, Feelings & Daily Life","When the bus was canceled, the office staff realized they were all in the same boat.",ব্যক্তিটি অন্যদের মতো একই কঠিন পরিস্থিতিতে থাকা অবস্থায় ছিল।,"group of coworkers waiting together at a bus stop after a cancellation notice, shared concern. Realistic contemporary setting, natural lighting, clear facial expressions, accurate everyday details, documentary photography style.","[""We are all in the same boat here."", ""After the delay, the passengers were in the same boat."", ""Small shops are in the same boat this winter.""]"
Idiom,run with it,/rʌn wɪð ɪt/,RUN with EET,রান উইথ ইট,To proceed enthusiastically with an idea,উৎসাহ নিয়ে কোনো ধারণা এগিয়ে নেওয়া,"[{""phrase"": ""run with it during the project"", ""example_sentence"": ""The team tried to run with it during the project this week.""}, {""phrase"": ""run with it in the meeting"", ""example_sentence"": ""She tried to run with it in the meeting without creating confusion.""}, {""phrase"": ""run with it before the deadline"", ""example_sentence"": ""They agreed to run with it before the deadline and report back.""}]","[{""phrase"": ""প্রকল্প চলাকালে উৎসাহ নিয়ে কোনো ধারণা এগিয়ে নেওয়া"", ""example_sentence"": ""শিক্ষার্থীরা উদাহরণে প্রকল্প চলাকালে উৎসাহ নিয়ে কোনো ধারণা এগিয়ে নেওয়া অনুশীলন করে।""}, {""phrase"": ""মিটিংয়ে উৎসাহ নিয়ে কোনো ধারণা এগিয়ে নেওয়া"", ""example_sentence"": ""শিক্ষার্থীরা উদাহরণে মিটিংয়ে উৎসাহ নিয়ে কোনো ধারণা এগিয়ে নেওয়া অনুশীলন করে।""}, {""phrase"": ""সময়সীমার আগে উৎসাহ নিয়ে কোনো ধারণা এগিয়ে নেওয়া"", ""example_sentence"": ""শিক্ষার্থীরা উদাহরণে সময়সীমার আগে উৎসাহ নিয়ে কোনো ধারণা এগিয়ে নেওয়া অনুশীলন করে।""}]",proceed with the idea; develop it; take action,drop the idea; abandon it; hold back,B1,"05 - Time, Scheduling & Process","When the teacher liked the idea, Leila decided to run with it and build a full project.",ব্যক্তিটি উৎসাহ নিয়ে কোনো ধারণা এগিয়ে নেওয়া করেছিল।,"realistic daily-life scene matching the sentence, natural lighting, candid photography. Realistic contemporary setting, natural lighting, clear facial expressions, accurate everyday details, documentary photography style.","[""Victor had to run with it before lunch."", ""We decided to run with it during the meeting."", ""They want to run with it this week.""]"
Idiom,right off the bat,/raɪt ɔf ðə bæt/,RYT AWF thuh BAT,রাইট অফ দা ব্যাট,Immediately from the start,শুরু থেকেই সঙ্গে সঙ্গে,"[{""phrase"": ""right off the bat for the team"", ""example_sentence"": ""That decision became right off the bat for the team after the results came in.""}, {""phrase"": ""right off the bat in the project"", ""example_sentence"": ""Everyone could see right off the bat in the project by the end of the week.""}, {""phrase"": ""right off the bat during the review"", ""example_sentence"": ""The feedback showed right off the bat during the review and helped us improve.""}]","[{""phrase"": ""দলের জন্য শুরু থেকেই সঙ্গে সঙ্গে"", ""example_sentence"": ""শিক্ষার্থীরা উদাহরণে দলের জন্য শুরু থেকেই সঙ্গে সঙ্গে অনুশীলন করে।""}, {""phrase"": ""প্রকল্পে শুরু থেকেই সঙ্গে সঙ্গে"", ""example_sentence"": ""শিক্ষার্থীরা উদাহরণে প্রকল্পে শুরু থেকেই সঙ্গে সঙ্গে অনুশীলন করে।""}, {""phrase"": ""পর্যালোচনার সময় শুরু থেকেই সঙ্গে সঙ্গে"", ""example_sentence"": ""শিক্ষার্থীরা উদাহরণে পর্যালোচনার সময় শুরু থেকেই সঙ্গে সঙ্গে অনুশীলন করে।""}]",immediately; at once; from the start,later; after a delay; eventually,B2,"05 - Time, Scheduling & Process","Right off the bat, the new nurse checked every patient chart carefully.",Right শুরু থেকেই সঙ্গে সঙ্গে করেছিল।,"new nurse starting a hospital shift and reviewing patient charts immediately. Realistic contemporary setting, natural lighting, clear facial expressions, accurate everyday details, documentary photography style.","[""Right off the bat, she noticed the missing file."", ""Right off the bat, the coach set a calm tone."", ""Right off the bat, the shop felt welcoming.""]"
Idiom,keep tabs on,/kip tæbz ɑn/,KEEP TABZ on,কিপ ট্যাব্জ অন,To closely monitor something or someone,কাউকে বা কোনো কিছু ঘনিষ্ঠভাবে নজরে রাখা,"[{""phrase"": ""keep tabs on during the project"", ""example_sentence"": ""The team tried to keep tabs on during the project this week.""}, {""phrase"": ""keep tabs on in the meeting"", ""example_sentence"": ""She tried to keep tabs on in the meeting without creating confusion.""}, {""phrase"": ""keep tabs on before the deadline"", ""example_sentence"": ""They agreed to keep tabs on before the deadline and report back.""}]","[{""phrase"": ""প্রকল্প চলাকালে কাউকে বা কোনো কিছু ঘনিষ্ঠভাবে নজরে রাখা"", ""example_sentence"": ""শিক্ষার্থীরা উদাহরণে প্রকল্প চলাকালে কাউকে বা কোনো কিছু ঘনিষ্ঠভাবে নজরে রাখা অনুশীলন করে।""}, {""phrase"": ""মিটিংয়ে কাউকে বা কোনো কিছু ঘনিষ্ঠভাবে নজরে রাখা"", ""example_sentence"": ""শিক্ষার্থীরা উদাহরণে মিটিংয়ে কাউকে বা কোনো কিছু ঘনিষ্ঠভাবে নজরে রাখা অনুশীলন করে।""}, {""phrase"": ""সময়সীমার আগে কাউকে বা কোনো কিছু ঘনিষ্ঠভাবে নজরে রাখা"", ""example_sentence"": ""শিক্ষার্থীরা উদাহরণে সময়সীমার আগে কাউকে বা কোনো কিছু ঘনিষ্ঠভাবে নজরে রাখা অনুশীলন করে।""}]",monitor; track closely; watch,ignore; stop tracking; lose sight of,B1,"02 - Thinking, Learning & Understanding","At work, Hana had to keep tabs on.","কর্মক্ষেত্রে, হানাকে কাউকে বা কোনো কিছু ঘনিষ্ঠভাবে নজরে রাখা প্রয়োজন হয়েছিল।","realistic workplace scene matching the sentence, detailed environment and natural light. Realistic contemporary setting, natural lighting, clear facial expressions, accurate everyday details, documentary photography style.","[""Mason had to keep tabs on before lunch."", ""We decided to keep tabs on during the meeting."", ""They want to keep tabs on this week.""]"
Idiom,learn the ropes,/lɝn ðə roʊps/,LERN thuh ROHPS,লার্ন দা রোপ্স,To learn the basic skills of a job or activity,কাজ বা কার্যক্রমের মৌলিক দক্ষতা শেখা,"[{""phrase"": ""learn the ropes for the team"", ""example_sentence"": ""That decision became learn the ropes for the team after the results came in.""}, {""phrase"": ""learn the ropes in the project"", ""example_sentence"": ""Everyone could see learn the ropes in the project by the end of the week.""}, {""phrase"": ""learn the ropes during the review"", ""example_sentence"": ""The feedback showed learn the ropes during the review and helped us improve.""}]","[{""phrase"": ""দলের জন্য কাজ বা কার্যক্রমের মৌলিক দক্ষতা শেখা"", ""example_sentence"": ""শিক্ষার্থীরা উদাহরণে দলের জন্য কাজ বা কার্যক্রমের মৌলিক দক্ষতা শেখা অনুশীলন করে।""}, {""phrase"": ""প্রকল্পে কাজ বা কার্যক্রমের মৌলিক দক্ষতা শেখা"", ""example_sentence"": ""শিক্ষার্থীরা উদাহরণে প্রকল্পে কাজ বা কার্যক্রমের মৌলিক দক্ষতা শেখা অনুশীলন করে।""}, {""phrase"": ""পর্যালোচনার সময় কাজ বা কার্যক্রমের মৌলিক দক্ষতা শেখা"", ""example_sentence"": ""শিক্ষার্থীরা উদাহরণে পর্যালোচনার সময় কাজ বা কার্যক্রমের মৌলিক দক্ষতা শেখা অনুশীলন করে।""}]",learn the basics; get trained; become familiar,remain inexperienced; ignore the basics,B1,"02 - Thinking, Learning & Understanding","During the final week, Mason had to learn the ropes to finish on time.","শেষ সপ্তাহে, মেসনকে কাজ বা কার্যক্রমের মৌলিক দক্ষতা শেখা প্রয়োজন হয়েছিল।","focused team working hard in an office at dusk, laptops and notes everywhere. Realistic contemporary setting, natural lighting, clear facial expressions, accurate everyday details, documentary photography style.","[""Nina was ready to learn the ropes on day one."", ""The volunteers learn the ropes when the event got busy."", ""If everyone learn the ropes, we can finish today.""]"
Idiom,give the green light,/ɡɪv ðə ɡrin laɪt/,GIV thuh GREEN LYT,গিভ দা গ্রিন লাইট,To grant approval to proceed,এগোনোর অনুমোদন দেওয়া,"[{""phrase"": ""give the green light for the team"", ""example_sentence"": ""That decision became give the green light for the team after the results came in.""}, {""phrase"": ""give the green light in the project"", ""example_sentence"": ""Everyone could see give the green light in the project by the end of the week.""}, {""phrase"": ""give the green light during the review"", ""example_sentence"": ""The feedback showed give the green light during the review and helped us improve.""}]","[{""phrase"": ""দলের জন্য এগোনোর অনুমোদন দেওয়া"", ""example_sentence"": ""শিক্ষার্থীরা উদাহরণে দলের জন্য এগোনোর অনুমোদন দেওয়া অনুশীলন করে।""}, {""phrase"": ""প্রকল্পে এগোনোর অনুমোদন দেওয়া"", ""example_sentence"": ""শিক্ষার্থীরা উদাহরণে প্রকল্পে এগোনোর অনুমোদন দেওয়া অনুশীলন করে।""}, {""phrase"": ""পর্যালোচনার সময় এগোনোর অনুমোদন দেওয়া"", ""example_sentence"": ""শিক্ষার্থীরা উদাহরণে পর্যালোচনার সময় এগোনোর অনুমোদন দেওয়া অনুশীলন করে।""}]",approve; authorize; allow to proceed,block; reject; stop; veto,B2,"08 - Change, Growth, Rules & Control","At the end of the meeting, Nina decided to give the green light the safety plan.","মিটিংয়ের শেষে, নিনা এগোনোর অনুমোদন দেওয়ার সিদ্ধান্ত নিয়েছিল।","team in conference room as a supervisor approves a plan on screen. Realistic contemporary setting, natural lighting, clear facial expressions, accurate everyday details, documentary photography style.","[""The director will give the green light the new budget tomorrow."", ""We cannot proceed until they give the green light the plan."", ""Adam hopes the board will give the green light the change.""]"
Idiom,hit a wall,/hɪt ə wɔl/,HIT uh WAWL,হিট আ ওয়ল,To reach a point where no progress can be made,এমন পর্যায়ে পৌঁছানো যেখানে আর অগ্রগতি হয় না,"[{""phrase"": ""hit a wall during the project"", ""example_sentence"": ""The team tried to hit a wall during the project this week.""}, {""phrase"": ""hit a wall in the meeting"", ""example_sentence"": ""She tried to hit a wall in the meeting without creating confusion.""}, {""phrase"": ""hit a wall before the deadline"", ""example_sentence"": ""They agreed to hit a wall before the deadline and report back.""}]","[{""phrase"": ""প্রকল্প চলাকালে এমন পর্যায়ে পৌঁছানো যেখানে আর অগ্রগতি হয় না"", ""example_sentence"": ""শিক্ষার্থীরা উদাহরণে প্রকল্প চলাকালে এমন পর্যায়ে পৌঁছানো যেখানে আর অগ্রগতি হয় না অনুশীলন করে।""}, {""phrase"": ""মিটিংয়ে এমন পর্যায়ে পৌঁছানো যেখানে আর অগ্রগতি হয় না"", ""example_sentence"": ""শিক্ষার্থীরা উদাহরণে মিটিংয়ে এমন পর্যায়ে পৌঁছানো যেখানে আর অগ্রগতি হয় না অনুশীলন করে।""}, {""phrase"": ""সময়সীমার আগে এমন পর্যায়ে পৌঁছানো যেখানে আর অগ্রগতি হয় না"", ""example_sentence"": ""শিক্ষার্থীরা উদাহরণে সময়সীমার আগে এমন পর্যায়ে পৌঁছানো যেখানে আর অগ্রগতি হয় না অনুশীলন করে।""}]",get stuck; reach an obstacle; make no progress,make progress; break through; move forward,B1,"07 - Problems, Difficulty & Risk","At work, Adam had to hit a wall.","কর্মক্ষেত্রে, আদমকে এমন পর্যায়ে পৌঁছানো যেখানে আর অগ্রগতি হয় না প্রয়োজন হয়েছিল।","realistic workplace scene matching the sentence, detailed environment and natural light. Realistic contemporary setting, natural lighting, clear facial expressions, accurate everyday details, documentary photography style.","[""Emma had to hit a wall before lunch."", ""We decided to hit a wall during the meeting."", ""They want to hit a wall this week.""]"
Idiom,hard sell,/hɑrd sɛl/,HARD SEL,হার্ড সেল,An aggressive approach to persuade someone,কাউকে রাজি করাতে আক্রমণাত্মক পদ্ধতি,"[{""phrase"": ""hard sell for the team"", ""example_sentence"": ""That decision became hard sell for the team after the results came in.""}, {""phrase"": ""hard sell in the project"", ""example_sentence"": ""Everyone could see hard sell in the project by the end of the week.""}, {""phrase"": ""hard sell during the review"", ""example_sentence"": ""The feedback showed hard sell during the review and helped us improve.""}]","[{""phrase"": ""দলের জন্য কাউকে রাজি করাতে আক্রমণাত্মক পদ্ধতি"", ""example_sentence"": ""শিক্ষার্থীরা উদাহরণে দলের জন্য কাউকে রাজি করাতে আক্রমণাত্মক পদ্ধতি অনুশীলন করে।""}, {""phrase"": ""প্রকল্পে কাউকে রাজি করাতে আক্রমণাত্মক পদ্ধতি"", ""example_sentence"": ""শিক্ষার্থীরা উদাহরণে প্রকল্পে কাউকে রাজি করাতে আক্রমণাত্মক পদ্ধতি অনুশীলন করে।""}, {""phrase"": ""পর্যালোচনার সময় কাউকে রাজি করাতে আক্রমণাত্মক পদ্ধতি"", ""example_sentence"": ""শিক্ষার্থীরা উদাহরণে পর্যালোচনার সময় কাউকে রাজি করাতে আক্রমণাত্মক পদ্ধতি অনুশীলন করে।""}]",aggressive pitch; high-pressure persuasion,soft sell; gentle approach; low-pressure pitch,A2,"10 - Money, Business, Technology & Movement",The salesman's hard sell made the customer step back from the car.,The কাউকে রাজি করাতে আক্রমণাত্মক পদ্ধতি করেছিল।,"car showroom with pushy salesperson and cautious customer backing away. Realistic contemporary setting, natural lighting, clear facial expressions, accurate everyday details, documentary photography style.","[""The ad felt like a hard sell."", ""His hard sell pushed the customer away."", ""It was a hard sell in a slow market.""]"
Idiom,soft sell,/sɑft sɛl/,SOFT SEL,সাফ্ট সেল,A gentle low-pressure approach to persuasion,কম চাপের নরম বোঝানোর পদ্ধতি,"[{""phrase"": ""soft sell for the team"", ""example_sentence"": ""That decision became soft sell for the team after the results came in.""}, {""phrase"": ""soft sell in the project"", ""example_sentence"": ""Everyone could see soft sell in the project by the end of the week.""}, {""phrase"": ""soft sell during the review"", ""example_sentence"": ""The feedback showed soft sell during the review and helped us improve.""}]","[{""phrase"": ""দলের জন্য কম চাপের নরম বোঝানোর পদ্ধতি"", ""example_sentence"": ""শিক্ষার্থীরা উদাহরণে দলের জন্য কম চাপের নরম বোঝানোর পদ্ধতি অনুশীলন করে।""}, {""phrase"": ""প্রকল্পে কম চাপের নরম বোঝানোর পদ্ধতি"", ""example_sentence"": ""শিক্ষার্থীরা উদাহরণে প্রকল্পে কম চাপের নরম বোঝানোর পদ্ধতি অনুশীলন করে।""}, {""phrase"": ""পর্যালোচনার সময় কম চাপের নরম বোঝানোর পদ্ধতি"", ""example_sentence"": ""শিক্ষার্থীরা উদাহরণে পর্যালোচনার সময় কম চাপের নরম বোঝানোর পদ্ধতি অনুশীলন করে।""}]",gentle pitch; low-pressure persuasion,hard sell; aggressive approach; high-pressure pitch,A2,"10 - Money, Business, Technology & Movement",The store used a soft sell by letting customers try the headphones quietly.,The কম চাপের নরম বোঝানোর পদ্ধতি করেছিল।,"electronics store where customers calmly test headphones without pressure from staff. Realistic contemporary setting, natural lighting, clear facial expressions, accurate everyday details, documentary photography style.","[""The campaign used a soft sell."", ""Her soft sell made customers feel relaxed."", ""The store prefers a soft sell online.""]"
Idiom,connect the dots,/kənɛkt ðə dɑts/,KUH-nekt thuh DOTS,কানেক্ট দা ডাট্স,To find the logical links between pieces of information,তথ্যের অংশগুলোর যৌক্তিক সম্পর্ক খুঁজে পাওয়া,"[{""phrase"": ""connect the dots for the team"", ""example_sentence"": ""That decision became connect the dots for the team after the results came in.""}, {""phrase"": ""connect the dots in the project"", ""example_sentence"": ""Everyone could see connect the dots in the project by the end of the week.""}, {""phrase"": ""connect the dots during the review"", ""example_sentence"": ""The feedback showed connect the dots during the review and helped us improve.""}]","[{""phrase"": ""দলের জন্য তথ্যের অংশগুলোর যৌক্তিক সম্পর্ক খুঁজে পাওয়া"", ""example_sentence"": ""শিক্ষার্থীরা উদাহরণে দলের জন্য তথ্যের অংশগুলোর যৌক্তিক সম্পর্ক খুঁজে পাওয়া অনুশীলন করে।""}, {""phrase"": ""প্রকল্পে তথ্যের অংশগুলোর যৌক্তিক সম্পর্ক খুঁজে পাওয়া"", ""example_sentence"": ""শিক্ষার্থীরা উদাহরণে প্রকল্পে তথ্যের অংশগুলোর যৌক্তিক সম্পর্ক খুঁজে পাওয়া অনুশীলন করে।""}, {""phrase"": ""পর্যালোচনার সময় তথ্যের অংশগুলোর যৌক্তিক সম্পর্ক খুঁজে পাওয়া"", ""example_sentence"": ""শিক্ষার্থীরা উদাহরণে পর্যালোচনার সময় তথ্যের অংশগুলোর যৌক্তিক সম্পর্ক খুঁজে পাওয়া অনুশীলন করে।""}]",find the link; understand the pattern; make sense of it,miss the connection; fail to see the pattern,B1,"02 - Thinking, Learning & Understanding","Before the client call, Mia had to connect the dots how to fix the login error so the system would work in time.","ক্লায়েন্ট কলের আগে, মিয়াকে তথ্যের অংশগুলোর যৌক্তিক সম্পর্ক খুঁজে পাওয়া প্রয়োজন হয়েছিল।","modern office, laptop with login screen, employee focused on troubleshooting. Realistic contemporary setting, natural lighting, clear facial expressions, accurate everyday details, documentary photography style.","[""Daniel tried to connect the dots the last question alone."", ""We need to connect the dots why the app keeps freezing."", ""Aisha could not connect the dots the map until sunset.""]"
Idiom,in full swing,/ɪn fʊl swɪŋ/,een FULL SWING,ইন ফুল স্ওয়িং,At the peak of activity or operation,কার্যক্রমের সর্বোচ্চ গতিতে থাকা,"[{""phrase"": ""be in full swing"", ""example_sentence"": ""The team wants to be in full swing during the project.""}, {""phrase"": ""stay in full swing"", ""example_sentence"": ""Good planning helped them stay in full swing all week.""}, {""phrase"": ""remain in full swing"", ""example_sentence"": ""The company tried to remain in full swing after the review.""}]","[{""phrase"": ""কার্যক্রমের সর্বোচ্চ গতিতে থাকা"", ""example_sentence"": ""শিক্ষার্থীরা উদাহরণে কার্যক্রমের সর্বোচ্চ গতিতে থাকা অনুশীলন করে।""}, {""phrase"": ""কার্যক্রমের সর্বোচ্চ গতিতে থাকা"", ""example_sentence"": ""শিক্ষার্থীরা উদাহরণে কার্যক্রমের সর্বোচ্চ গতিতে থাকা অনুশীলন করে।""}, {""phrase"": ""কার্যক্রমের সর্বোচ্চ গতিতে থাকা"", ""example_sentence"": ""শিক্ষার্থীরা উদাহরণে কার্যক্রমের সর্বোচ্চ গতিতে থাকা অনুশীলন করে।""}]",fully active; at peak activity; well underway,inactive; just starting; winding down,B1,"05 - Time, Scheduling & Process","By noon, the school festival was in full swing with music, games, and food stands.",By কার্যক্রমের সর্বোচ্চ গতিতে থাকা অবস্থায় ছিল।,"busy school festival at midday with colorful booths, students, music, and games. Realistic contemporary setting, natural lighting, clear facial expressions, accurate everyday details, documentary photography style.","[""By evening, the market was in full swing."", ""Exam season is in full swing at the school."", ""The harvest was in full swing by August.""]"
Idiom,back to square one,/bæk tu skwɛr wʌn/,BACK too SKWAIR wun,ব্যাক টু স্ক্ওয়ের ওয়ান,Returning to the beginning after a failure,ব্যর্থতার পর আবার শুরুতে ফিরে আসা,"[{""phrase"": ""back to square one for the team"", ""example_sentence"": ""That decision became back to square one for the team after the results came in.""}, {""phrase"": ""back to square one in the project"", ""example_sentence"": ""Everyone could see back to square one in the project by the end of the week.""}, {""phrase"": ""back to square one during the review"", ""example_sentence"": ""The feedback showed back to square one during the review and helped us improve.""}]","[{""phrase"": ""দলের জন্য ব্যর্থতার পর আবার শুরুতে ফিরে আসা"", ""example_sentence"": ""শিক্ষার্থীরা উদাহরণে দলের জন্য ব্যর্থতার পর আবার শুরুতে ফিরে আসা অনুশীলন করে।""}, {""phrase"": ""প্রকল্পে ব্যর্থতার পর আবার শুরুতে ফিরে আসা"", ""example_sentence"": ""শিক্ষার্থীরা উদাহরণে প্রকল্পে ব্যর্থতার পর আবার শুরুতে ফিরে আসা অনুশীলন করে।""}, {""phrase"": ""পর্যালোচনার সময় ব্যর্থতার পর আবার শুরুতে ফিরে আসা"", ""example_sentence"": ""শিক্ষার্থীরা উদাহরণে পর্যালোচনার সময় ব্যর্থতার পর আবার শুরুতে ফিরে আসা অনুশীলন করে।""}]",start over; return to the beginning; reset,make progress; continue from where you are,B2,"07 - Problems, Difficulty & Risk","After work, Aisha had to back to square one the office again to pick up a charger.",ব্যক্তিটি ব্যর্থতার পর আবার শুরুতে ফিরে আসা করেছিল।,"employee returning to a quiet office in the evening, holding keys and a bag. Realistic contemporary setting, natural lighting, clear facial expressions, accurate everyday details, documentary photography style.","[""I might back to square one the office after lunch."", ""Sofia plans to back to square one her aunt on Sunday."", ""Please back to square one the library if you have time.""]"
Idiom,on thin ice,/ɑn θɪn aɪs/,on THIN ICE,অন থিন আইস,In a risky or precarious situation,ঝুঁকিপূর্ণ বা অনিশ্চিত অবস্থায় থাকা,"[{""phrase"": ""be on thin ice"", ""example_sentence"": ""The team wants to be on thin ice during the project.""}, {""phrase"": ""stay on thin ice"", ""example_sentence"": ""Good planning helped them stay on thin ice all week.""}, {""phrase"": ""remain on thin ice"", ""example_sentence"": ""The company tried to remain on thin ice after the review.""}]","[{""phrase"": ""অনিশ্চিত অবস্থায় থাকা"", ""example_sentence"": ""শিক্ষার্থীরা উদাহরণে অনিশ্চিত অবস্থায় থাকা অনুশীলন করে।""}, {""phrase"": ""অনিশ্চিত অবস্থায় থাকা"", ""example_sentence"": ""শিক্ষার্থীরা উদাহরণে অনিশ্চিত অবস্থায় থাকা অনুশীলন করে।""}, {""phrase"": ""অনিশ্চিত অবস্থায় থাকা"", ""example_sentence"": ""শিক্ষার্থীরা উদাহরণে অনিশ্চিত অবস্থায় থাকা অনুশীলন করে।""}]",in danger; in a risky position; close to trouble,safe; secure; in a strong position,B1,"07 - Problems, Difficulty & Risk","After arriving late three times, the cashier knew he was on thin ice with his manager.",ব্যক্তিটি ঝুঁকিপূর্ণ বা অনিশ্চিত অবস্থায় থাকা অবস্থায় ছিল।,"store manager speaking seriously with an employee near a checkout counter. Realistic contemporary setting, natural lighting, clear facial expressions, accurate everyday details, documentary photography style.","[""He is on thin ice after another late report."", ""You will be on thin ice if this happens again."", ""The player knew he was on thin ice with the coach.""]"
Idiom,under the radar,/ʌndɚ ðə reɪdɑr/,OOHNDER thuh RAY-dar,আন্ডার দা রেইডার,Done without attracting attention,মনোযোগ আকর্ষণ না করে করা,"[{""phrase"": ""be under the radar"", ""example_sentence"": ""The team wants to be under the radar during the project.""}, {""phrase"": ""stay under the radar"", ""example_sentence"": ""Good planning helped them stay under the radar all week.""}, {""phrase"": ""remain under the radar"", ""example_sentence"": ""The company tried to remain under the radar after the review.""}]","[{""phrase"": ""মনোযোগ আকর্ষণ না করে করা"", ""example_sentence"": ""শিক্ষার্থীরা উদাহরণে মনোযোগ আকর্ষণ না করে করা অনুশীলন করে।""}, {""phrase"": ""মনোযোগ আকর্ষণ না করে করা"", ""example_sentence"": ""শিক্ষার্থীরা উদাহরণে মনোযোগ আকর্ষণ না করে করা অনুশীলন করে।""}, {""phrase"": ""মনোযোগ আকর্ষণ না করে করা"", ""example_sentence"": ""শিক্ষার্থীরা উদাহরণে মনোযোগ আকর্ষণ না করে করা অনুশীলন করে।""}]",unnoticed; quietly; without attention,in the spotlight; highly visible; openly,B1,"08 - Change, Growth, Rules & Control",The pilot project stayed under the radar until the test results were ready.,The মনোযোগ আকর্ষণ না করে করা অবস্থায় ছিল।,"small project team working quietly in a lab or office, prototype and test notes visible but no crowd. Realistic contemporary setting, natural lighting, clear facial expressions, accurate everyday details, documentary photography style.","[""The team worked under the radar for months."", ""Her project stayed under the radar until launch day."", ""The update slipped under the radar last week.""]"
Idiom,a steep learning curve,/ə stip lɝnɪŋ kɝv/,uh STEEP LERN-ing KERV,আ স্টিপ লার্নিং কারভ,A situation that demands rapid acquisition of skills,দ্রুত দক্ষতা অর্জন দরকার এমন পরিস্থিতি,"[{""phrase"": ""a steep learning curve for the team"", ""example_sentence"": ""That decision became a steep learning curve for the team after the results came in.""}, {""phrase"": ""a steep learning curve in the project"", ""example_sentence"": ""Everyone could see a steep learning curve in the project by the end of the week.""}, {""phrase"": ""a steep learning curve during the review"", ""example_sentence"": ""The feedback showed a steep learning curve during the review and helped us improve.""}]","[{""phrase"": ""দলের জন্য দ্রুত দক্ষতা অর্জন দরকার এমন পরিস্থিতি"", ""example_sentence"": ""শিক্ষার্থীরা উদাহরণে দলের জন্য দ্রুত দক্ষতা অর্জন দরকার এমন পরিস্থিতি অনুশীলন করে।""}, {""phrase"": ""প্রকল্পে দ্রুত দক্ষতা অর্জন দরকার এমন পরিস্থিতি"", ""example_sentence"": ""শিক্ষার্থীরা উদাহরণে প্রকল্পে দ্রুত দক্ষতা অর্জন দরকার এমন পরিস্থিতি অনুশীলন করে।""}, {""phrase"": ""পর্যালোচনার সময় দ্রুত দক্ষতা অর্জন দরকার এমন পরিস্থিতি"", ""example_sentence"": ""শিক্ষার্থীরা উদাহরণে পর্যালোচনার সময় দ্রুত দক্ষতা অর্জন দরকার এমন পরিস্থিতি অনুশীলন করে।""}]",difficult learning process; rapid skill demand,easy learning process; gentle learning curve,B2,"02 - Thinking, Learning & Understanding",A steep learning curve was important in the situation.,A দ্রুত দক্ষতা অর্জন দরকার এমন পরিস্থিতি অবস্থায় ছিল।,"realistic school scene matching the sentence, clear action and natural colors. Realistic contemporary setting, natural lighting, clear facial expressions, accurate everyday details, documentary photography style.","[""A steep learning curve matters here."", ""A steep learning curve can guide the choice."", ""This case shows a steep learning curve.""]"
Idiom,go back to basics,/ɡoʊ bæk tu beɪsɪks/,GOH BACK too BAY-siks,গো ব্যাক টু বেইসিক্স,To return to the fundamental principles,মৌলিক নীতিতে ফিরে যাওয়া,"[{""phrase"": ""go back to basics during the project"", ""example_sentence"": ""The team tried to go back to basics during the project this week.""}, {""phrase"": ""go back to basics in the meeting"", ""example_sentence"": ""She tried to go back to basics in the meeting without creating confusion.""}, {""phrase"": ""go back to basics before the deadline"", ""example_sentence"": ""They agreed to go back to basics before the deadline and report back.""}]","[{""phrase"": ""প্রকল্প চলাকালে মৌলিক নীতিতে ফিরে যাওয়া"", ""example_sentence"": ""শিক্ষার্থীরা উদাহরণে প্রকল্প চলাকালে মৌলিক নীতিতে ফিরে যাওয়া অনুশীলন করে।""}, {""phrase"": ""মিটিংয়ে মৌলিক নীতিতে ফিরে যাওয়া"", ""example_sentence"": ""শিক্ষার্থীরা উদাহরণে মিটিংয়ে মৌলিক নীতিতে ফিরে যাওয়া অনুশীলন করে।""}, {""phrase"": ""সময়সীমার আগে মৌলিক নীতিতে ফিরে যাওয়া"", ""example_sentence"": ""শিক্ষার্থীরা উদাহরণে সময়সীমার আগে মৌলিক নীতিতে ফিরে যাওয়া অনুশীলন করে।""}]",return to fundamentals; simplify; review core ideas,focus on advanced details; skip the basics,B2,"02 - Thinking, Learning & Understanding","When the new system confused everyone, the trainer told the group to go back to basics.",ব্যক্তিটি মৌলিক নীতিতে ফিরে যাওয়া করেছিল।,"friendly residential doorway visit, one person holding a book at the door. Realistic contemporary setting, natural lighting, clear facial expressions, accurate everyday details, documentary photography style.","[""I might go back to basics the office after lunch."", ""Chloe plans to go back to basics her aunt on Sunday."", ""Please go back to basics the library if you have time.""]"
Idiom,sign off on,/saɪn ɔf ɑn/,SIGN AWF on,সাইন অফ অন,To give official approval,আনুষ্ঠানিক অনুমোদন দেওয়া,"[{""phrase"": ""sign off on for the team"", ""example_sentence"": ""That decision became sign off on for the team after the results came in.""}, {""phrase"": ""sign off on in the project"", ""example_sentence"": ""Everyone could see sign off on in the project by the end of the week.""}, {""phrase"": ""sign off on during the review"", ""example_sentence"": ""The feedback showed sign off on during the review and helped us improve.""}]","[{""phrase"": ""দলের জন্য আনুষ্ঠানিক অনুমোদন দেওয়া"", ""example_sentence"": ""শিক্ষার্থীরা উদাহরণে দলের জন্য আনুষ্ঠানিক অনুমোদন দেওয়া অনুশীলন করে।""}, {""phrase"": ""প্রকল্পে আনুষ্ঠানিক অনুমোদন দেওয়া"", ""example_sentence"": ""শিক্ষার্থীরা উদাহরণে প্রকল্পে আনুষ্ঠানিক অনুমোদন দেওয়া অনুশীলন করে।""}, {""phrase"": ""পর্যালোচনার সময় আনুষ্ঠানিক অনুমোদন দেওয়া"", ""example_sentence"": ""শিক্ষার্থীরা উদাহরণে পর্যালোচনার সময় আনুষ্ঠানিক অনুমোদন দেওয়া অনুশীলন করে।""}]",approve; authorize; endorse,reject; refuse approval; veto,B1,"08 - Change, Growth, Rules & Control","After reviewing the report, Omar decided to sign off on the final budget.",ব্যক্তিটি আনুষ্ঠানিক অনুমোদন দেওয়া করেছিল।,"manager at desk signing budget papers with calculator and laptop nearby. Realistic contemporary setting, natural lighting, clear facial expressions, accurate everyday details, documentary photography style.","[""The director will sign off on the new budget tomorrow."", ""We cannot proceed until they sign off on the plan."", ""Chloe hopes the board will sign off on the change.""]"
Idiom,on point,/ɑn pɔɪnt/,on POINT,অন পয়েন্ট,Relevant precise and correct,"প্রাসঙ্গিক, সুনির্দিষ্ট ও সঠিক","[{""phrase"": ""be on point"", ""example_sentence"": ""The team wants to be on point during the project.""}, {""phrase"": ""stay on point"", ""example_sentence"": ""Good planning helped them stay on point all week.""}, {""phrase"": ""remain on point"", ""example_sentence"": ""The company tried to remain on point after the review.""}]","[{""phrase"": ""প্রাসঙ্গিক, সুনির্দিষ্ট ও সঠিক"", ""example_sentence"": ""শিক্ষার্থীরা উদাহরণে প্রাসঙ্গিক, সুনির্দিষ্ট ও সঠিক অনুশীলন করে।""}, {""phrase"": ""প্রাসঙ্গিক, সুনির্দিষ্ট ও সঠিক"", ""example_sentence"": ""শিক্ষার্থীরা উদাহরণে প্রাসঙ্গিক, সুনির্দিষ্ট ও সঠিক অনুশীলন করে।""}, {""phrase"": ""প্রাসঙ্গিক, সুনির্দিষ্ট ও সঠিক"", ""example_sentence"": ""শিক্ষার্থীরা উদাহরণে প্রাসঙ্গিক, সুনির্দিষ্ট ও সঠিক অনুশীলন করে।""}]",accurate; relevant; precise,irrelevant; inaccurate; off point,A2,01 - Communication & Discussion,"Her summary at the end of class was short, clear, and completely on point.","Her প্রাসঙ্গিক, সুনির্দিষ্ট ও সঠিক অবস্থায় ছিল।","student or teacher giving a concise summary in a classroom, attentive listeners. Realistic contemporary setting, natural lighting, clear facial expressions, accurate everyday details, documentary photography style.","[""Your answer was on point."", ""The summary stayed on point and easy to follow."", ""Her examples were simple and on point.""]"
Idiom,by the book,/baɪ ðə bʊk/,by thuh BOOK,বাই দা বুক,Following rules and procedures strictly,নিয়ম ও পদ্ধতি কঠোরভাবে মেনে,"[{""phrase"": ""by the book for the team"", ""example_sentence"": ""That decision became by the book for the team after the results came in.""}, {""phrase"": ""by the book in the project"", ""example_sentence"": ""Everyone could see by the book in the project by the end of the week.""}, {""phrase"": ""by the book during the review"", ""example_sentence"": ""The feedback showed by the book during the review and helped us improve.""}]","[{""phrase"": ""দলের জন্য নিয়ম ও পদ্ধতি কঠোরভাবে মেনে"", ""example_sentence"": ""শিক্ষার্থীরা উদাহরণে দলের জন্য নিয়ম ও পদ্ধতি কঠোরভাবে মেনে অনুশীলন করে।""}, {""phrase"": ""প্রকল্পে নিয়ম ও পদ্ধতি কঠোরভাবে মেনে"", ""example_sentence"": ""শিক্ষার্থীরা উদাহরণে প্রকল্পে নিয়ম ও পদ্ধতি কঠোরভাবে মেনে অনুশীলন করে।""}, {""phrase"": ""পর্যালোচনার সময় নিয়ম ও পদ্ধতি কঠোরভাবে মেনে"", ""example_sentence"": ""শিক্ষার্থীরা উদাহরণে পর্যালোচনার সময় নিয়ম ও পদ্ধতি কঠোরভাবে মেনে অনুশীলন করে।""}]",according to the rules; strictly proper; rule-following,against the rules; informally; improperly,B1,"08 - Change, Growth, Rules & Control",The new supervisor handled every safety check by the book.,The নিয়ম ও পদ্ধতি কঠোরভাবে মেনে করেছিল।,"supervisor carefully following a printed safety checklist in an industrial workspace. Realistic contemporary setting, natural lighting, clear facial expressions, accurate everyday details, documentary photography style.","[""She trains new staff by the book."", ""The inspector handled every step by the book."", ""They want the audit done by the book.""]"
Idiom,the ball is in your court,/ðə bɔl ɪz ɪn jɔr kɔrt/,thuh BAWL EEZ een YOR KORT,দা বল ইজ ইন ইয়োর কোর্ট,The decision or action is now your responsibility,সিদ্ধান্ত বা পদক্ষেপ এখন আপনার দায়িত্ব,"[{""phrase"": ""the ball is in your court for the team"", ""example_sentence"": ""That decision became the ball is in your court for the team after the results came in.""}, {""phrase"": ""the ball is in your court in the project"", ""example_sentence"": ""Everyone could see the ball is in your court in the project by the end of the week.""}, {""phrase"": ""the ball is in your court during the review"", ""example_sentence"": ""The feedback showed the ball is in your court during the review and helped us improve.""}]","[{""phrase"": ""দলের জন্য সিদ্ধান্ত বা পদক্ষেপ এখন আপনার দায়িত্ব"", ""example_sentence"": ""শিক্ষার্থীরা উদাহরণে দলের জন্য সিদ্ধান্ত বা পদক্ষেপ এখন আপনার দায়িত্ব অনুশীলন করে।""}, {""phrase"": ""প্রকল্পে সিদ্ধান্ত বা পদক্ষেপ এখন আপনার দায়িত্ব"", ""example_sentence"": ""শিক্ষার্থীরা উদাহরণে প্রকল্পে সিদ্ধান্ত বা পদক্ষেপ এখন আপনার দায়িত্ব অনুশীলন করে।""}, {""phrase"": ""পর্যালোচনার সময় সিদ্ধান্ত বা পদক্ষেপ এখন আপনার দায়িত্ব"", ""example_sentence"": ""শিক্ষার্থীরা উদাহরণে পর্যালোচনার সময় সিদ্ধান্ত বা পদক্ষেপ এখন আপনার দায়িত্ব অনুশীলন করে।""}]",your responsibility; your turn; up to you,someone else's responsibility; not your decision,C1,"08 - Change, Growth, Rules & Control",The ball is in your court was important in the situation.,The সিদ্ধান্ত বা পদক্ষেপ এখন আপনার দায়িত্ব অবস্থায় ছিল।,"team leader in a busy workspace directing tasks confidently. Realistic contemporary setting, natural lighting, clear facial expressions, accurate everyday details, documentary photography style.","[""The ball is in your court matters here."", ""The ball is in your court can guide the choice."", ""This case shows the ball is in your court.""]"
Idiom,in the driver's seat,/ɪn ðə draɪvɚz sit/,een thuh DRY-verz SEET,ইন দা ড্রাইভারজ সিট,In control of a situation,পরিস্থিতির নিয়ন্ত্রণে থাকা,"[{""phrase"": ""be in the driver's seat"", ""example_sentence"": ""The team wants to be in the driver's seat during the project.""}, {""phrase"": ""stay in the driver's seat"", ""example_sentence"": ""Good planning helped them stay in the driver's seat all week.""}, {""phrase"": ""remain in the driver's seat"", ""example_sentence"": ""The company tried to remain in the driver's seat after the review.""}]","[{""phrase"": ""পরিস্থিতির নিয়ন্ত্রণে থাকা"", ""example_sentence"": ""শিক্ষার্থীরা উদাহরণে পরিস্থিতির নিয়ন্ত্রণে থাকা অনুশীলন করে।""}, {""phrase"": ""পরিস্থিতির নিয়ন্ত্রণে থাকা"", ""example_sentence"": ""শিক্ষার্থীরা উদাহরণে পরিস্থিতির নিয়ন্ত্রণে থাকা অনুশীলন করে।""}, {""phrase"": ""পরিস্থিতির নিয়ন্ত্রণে থাকা"", ""example_sentence"": ""শিক্ষার্থীরা উদাহরণে পরিস্থিতির নিয়ন্ত্রণে থাকা অনুশীলন করে।""}]",in control; in charge; leading,not in control; powerless; in the passenger seat,B2,"08 - Change, Growth, Rules & Control","Once the contract was signed, the local team was finally in the driver's seat.",ব্যক্তিটি পরিস্থিতির নিয়ন্ত্রণে থাকা অবস্থায় ছিল।,"team in office celebrating a signed contract and taking control of the project direction. Realistic contemporary setting, natural lighting, clear facial expressions, accurate everyday details, documentary photography style.","[""Now the local office is in the driver's seat."", ""After the vote, she was in the driver's seat."", ""The buyers are in the driver's seat this week.""]"
Idiom,call the shots,/kɔl ðə ʃɑts/,KAWL thuh SHOTS,কল দা শাট্স,To be in charge and make decisions,দায়িত্বে থেকে সিদ্ধান্ত নেওয়া,"[{""phrase"": ""call the shots on the project"", ""example_sentence"": ""The team tried to call the shots on the project this week.""}, {""phrase"": ""call the shots in the team"", ""example_sentence"": ""She tried to call the shots in the team without creating confusion.""}, {""phrase"": ""call the shots during the crisis"", ""example_sentence"": ""They agreed to call the shots during the crisis and report back.""}]","[{""phrase"": ""প্রকল্পে দায়িত্বে থেকে সিদ্ধান্ত নেওয়া"", ""example_sentence"": ""শিক্ষার্থীরা উদাহরণে প্রকল্পে দায়িত্বে থেকে সিদ্ধান্ত নেওয়া অনুশীলন করে।""}, {""phrase"": ""দলে দায়িত্বে থেকে সিদ্ধান্ত নেওয়া"", ""example_sentence"": ""শিক্ষার্থীরা উদাহরণে দলে দায়িত্বে থেকে সিদ্ধান্ত নেওয়া অনুশীলন করে।""}, {""phrase"": ""crisis চলাকালে দায়িত্বে থেকে সিদ্ধান্ত নেওয়া"", ""example_sentence"": ""শিক্ষার্থীরা উদাহরণে crisis চলাকালে দায়িত্বে থেকে সিদ্ধান্ত নেওয়া অনুশীলন করে।""}]",make decisions; be in charge; control things,follow orders; obey; have no say,B1,"08 - Change, Growth, Rules & Control","After the manager left, Sara had to call the shots for the rest of the day.","ম্যানেজার চলে যাওয়ার পর, সারাকে দায়িত্বে থেকে সিদ্ধান্ত নেওয়া প্রয়োজন হয়েছিল।","senior staff member taking charge in an office while others listen. Realistic contemporary setting, natural lighting, clear facial expressions, accurate everyday details, documentary photography style.","[""Leo had to call the shots when the teacher was away."", ""Who will call the shots during the night shift?"", ""Someone needs to call the shots before the meeting starts.""]"
Idiom,behind closed doors,/bɪhaɪnd kloʊzd dɔrz/,BEE-hynd KLOHZD DORZ,বিহাইন্ড ক্লোজ্ড ডর্জ,Happening privately and without public knowledge,ব্যক্তিগতভাবে বা জনসাধারণের অজান্তে ঘটছে,"[{""phrase"": ""be behind closed doors"", ""example_sentence"": ""The team wants to be behind closed doors during the project.""}, {""phrase"": ""stay behind closed doors"", ""example_sentence"": ""Good planning helped them stay behind closed doors all week.""}, {""phrase"": ""remain behind closed doors"", ""example_sentence"": ""The company tried to remain behind closed doors after the review.""}]","[{""phrase"": ""ব্যক্তিগতভাবে বা জনসাধারণের অজান্তে ঘটছে"", ""example_sentence"": ""শিক্ষার্থীরা উদাহরণে ব্যক্তিগতভাবে বা জনসাধারণের অজান্তে ঘটছে অনুশীলন করে।""}, {""phrase"": ""ব্যক্তিগতভাবে বা জনসাধারণের অজান্তে ঘটছে"", ""example_sentence"": ""শিক্ষার্থীরা উদাহরণে ব্যক্তিগতভাবে বা জনসাধারণের অজান্তে ঘটছে অনুশীলন করে।""}, {""phrase"": ""ব্যক্তিগতভাবে বা জনসাধারণের অজান্তে ঘটছে"", ""example_sentence"": ""শিক্ষার্থীরা উদাহরণে ব্যক্তিগতভাবে বা জনসাধারণের অজান্তে ঘটছে অনুশীলন করে।""}]",privately; secretly; not in public,openly; publicly; in plain view,B1,"08 - Change, Growth, Rules & Control",The final salary talks happened behind closed doors late on Friday afternoon.,The ব্যক্তিগতভাবে বা জনসাধারণের অজান্তে ঘটছে করেছিল।,"private meeting room with closed doors, serious salary discussion around a conference table. Realistic contemporary setting, natural lighting, clear facial expressions, accurate everyday details, documentary photography style.","[""The final talks happened behind closed doors."", ""The judges made their choice behind closed doors."", ""The board met behind closed doors all morning.""]"
Idiom,show of hands,/ʃoʊ ʌv hændz/,SHOH uv HANDZ,শো আভ হ্যান্ডজ,A vote by raising hands in a group,হাত তুলে ভোট দেওয়া,"[{""phrase"": ""show of hands for the team"", ""example_sentence"": ""That decision became show of hands for the team after the results came in.""}, {""phrase"": ""show of hands in the project"", ""example_sentence"": ""Everyone could see show of hands in the project by the end of the week.""}, {""phrase"": ""show of hands during the review"", ""example_sentence"": ""The feedback showed show of hands during the review and helped us improve.""}]","[{""phrase"": ""দলের জন্য হাত তুলে ভোট দেওয়া"", ""example_sentence"": ""শিক্ষার্থীরা উদাহরণে দলের জন্য হাত তুলে ভোট দেওয়া অনুশীলন করে।""}, {""phrase"": ""প্রকল্পে হাত তুলে ভোট দেওয়া"", ""example_sentence"": ""শিক্ষার্থীরা উদাহরণে প্রকল্পে হাত তুলে ভোট দেওয়া অনুশীলন করে।""}, {""phrase"": ""পর্যালোচনার সময় হাত তুলে ভোট দেওয়া"", ""example_sentence"": ""শিক্ষার্থীরা উদাহরণে পর্যালোচনার সময় হাত তুলে ভোট দেওয়া অনুশীলন করে।""}]",hand vote; informal vote; raised-hand vote,secret ballot; no vote; private vote,B1,"08 - Change, Growth, Rules & Control","After school, Maya had to show of hands.","স্কুলের পর, মায়াকে হাত তুলে ভোট দেওয়া প্রয়োজন হয়েছিল।","realistic school scene matching the sentence, clear action and natural colors. Realistic contemporary setting, natural lighting, clear facial expressions, accurate everyday details, documentary photography style.","[""David had to show of hands before lunch."", ""We decided to show of hands during the meeting."", ""They want to show of hands this week.""]"
Idiom,set the tone,/sɛt ðə toʊn/,SET thuh TOHN,সেট দা টোন,To establish the mood or direction at the outset,শুরুতেই পরিবেশ বা দিক নির্ধারণ করা,"[{""phrase"": ""set the tone for the meeting"", ""example_sentence"": ""The team tried to set the tone for the meeting this week.""}, {""phrase"": ""set the tone for the project"", ""example_sentence"": ""She tried to set the tone for the project without creating confusion.""}, {""phrase"": ""set the tone at the beginning"", ""example_sentence"": ""They agreed to set the tone at the beginning and report back.""}]","[{""phrase"": ""মিটিং জন্য দিক নির্ধারণ করা"", ""example_sentence"": ""শিক্ষার্থীরা উদাহরণে মিটিং জন্য দিক নির্ধারণ করা অনুশীলন করে।""}, {""phrase"": ""প্রকল্প জন্য দিক নির্ধারণ করা"", ""example_sentence"": ""শিক্ষার্থীরা উদাহরণে প্রকল্প জন্য দিক নির্ধারণ করা অনুশীলন করে।""}, {""phrase"": ""at beginning দিক নির্ধারণ করা"", ""example_sentence"": ""শিক্ষার্থীরা উদাহরণে at beginning দিক নির্ধারণ করা অনুশীলন করে।""}]",establish the mood; shape the direction; create the atmosphere,follow the tone; leave the mood undefined,B1,01 - Communication & Discussion,"At work, David had to set the tone.","কর্মক্ষেত্রে, ডেভিডকে শুরুতেই পরিবেশ বা দিক নির্ধারণ করা প্রয়োজন হয়েছিল।","realistic workplace scene matching the sentence, detailed environment and natural light. Realistic contemporary setting, natural lighting, clear facial expressions, accurate everyday details, documentary photography style.","[""Ivy had to set the tone before lunch."", ""We decided to set the tone during the meeting."", ""They want to set the tone this week.""]"
Idiom,clear the air,/klɪr ðə ɛr/,KLEER thuh AIR,ক্লির দা এর,To resolve misunderstandings or tension,ভুল বোঝাবুঝি বা উত্তেজনা দূর করা,"[{""phrase"": ""clear the air after the argument"", ""example_sentence"": ""The team tried to clear the air after the argument this week.""}, {""phrase"": ""clear the air in the meeting"", ""example_sentence"": ""She tried to clear the air in the meeting without creating confusion.""}, {""phrase"": ""clear the air with the team"", ""example_sentence"": ""They agreed to clear the air with the team and report back.""}]","[{""phrase"": ""argument পরে উত্তেজনা দূর করা"", ""example_sentence"": ""শিক্ষার্থীরা উদাহরণে argument পরে উত্তেজনা দূর করা অনুশীলন করে।""}, {""phrase"": ""মিটিংয়ে উত্তেজনা দূর করা"", ""example_sentence"": ""শিক্ষার্থীরা উদাহরণে মিটিংয়ে উত্তেজনা দূর করা অনুশীলন করে।""}, {""phrase"": ""with দল উত্তেজনা দূর করা"", ""example_sentence"": ""শিক্ষার্থীরা উদাহরণে with দল উত্তেজনা দূর করা অনুশীলন করে।""}]",resolve tension; remove misunderstanding; talk things out,create tension; cause confusion; leave issues unresolved,B1,"09 - Relationships, Feelings & Daily Life","Before the afternoon call, Ivy had to clear the air.","বিকেলের কলের আগে, আইভিকে ভুল বোঝাবুঝি বা উত্তেজনা দূর করা প্রয়োজন হয়েছিল।","coworkers having a brief check-in near desks with laptops and notebooks. Realistic contemporary setting, natural lighting, clear facial expressions, accurate everyday details, documentary photography style.","[""Please clear the air with me after the call."", ""Ryan tried to clear the air before rumors spread."", ""The update helped everyone clear the air.""]"
Idiom,keep a low profile,/kip ə loʊ proʊfaɪl/,KEEP uh LOH PROH-fyl,কিপ আ লো প্রোফাইল,To avoid drawing attention to oneself,নিজের দিকে মনোযোগ না টানা,"[{""phrase"": ""keep a low profile during the project"", ""example_sentence"": ""The team tried to keep a low profile during the project this week.""}, {""phrase"": ""keep a low profile in the meeting"", ""example_sentence"": ""She tried to keep a low profile in the meeting without creating confusion.""}, {""phrase"": ""keep a low profile before the deadline"", ""example_sentence"": ""They agreed to keep a low profile before the deadline and report back.""}]","[{""phrase"": ""প্রকল্প চলাকালে নিজের দিকে মনোযোগ না টানা"", ""example_sentence"": ""শিক্ষার্থীরা উদাহরণে প্রকল্প চলাকালে নিজের দিকে মনোযোগ না টানা অনুশীলন করে।""}, {""phrase"": ""মিটিংয়ে নিজের দিকে মনোযোগ না টানা"", ""example_sentence"": ""শিক্ষার্থীরা উদাহরণে মিটিংয়ে নিজের দিকে মনোযোগ না টানা অনুশীলন করে।""}, {""phrase"": ""সময়সীমার আগে নিজের দিকে মনোযোগ না টানা"", ""example_sentence"": ""শিক্ষার্থীরা উদাহরণে সময়সীমার আগে নিজের দিকে মনোযোগ না টানা অনুশীলন করে।""}]",avoid attention; stay discreet; remain unnoticed,seek attention; stand out; be in the spotlight,B2,"08 - Change, Growth, Rules & Control","Until the launch day, Ryan had to keep a low profile.","লঞ্চের দিন পর্যন্ত, রায়ানকে নিজের দিকে মনোযোগ না টানা প্রয়োজন হয়েছিল।","product prototype covered and kept secret in a studio or lab. Realistic contemporary setting, natural lighting, clear facial expressions, accurate everyday details, documentary photography style.","[""They decided to keep a low profile until launch day."", ""Julia wanted to keep a low profile after the interview."", ""The team tried to keep a low profile during testing.""]"
Idiom,on the fly,/ɑn ðə flaɪ/,on thuh FLY,অন দা ফ্লাই,Done quickly without preparation,প্রস্তুতি ছাড়া দ্রুত করা,"[{""phrase"": ""be on the fly"", ""example_sentence"": ""The team wants to be on the fly during the project.""}, {""phrase"": ""stay on the fly"", ""example_sentence"": ""Good planning helped them stay on the fly all week.""}, {""phrase"": ""remain on the fly"", ""example_sentence"": ""The company tried to remain on the fly after the review.""}]","[{""phrase"": ""প্রস্তুতি ছাড়া দ্রুত করা"", ""example_sentence"": ""শিক্ষার্থীরা উদাহরণে প্রস্তুতি ছাড়া দ্রুত করা অনুশীলন করে।""}, {""phrase"": ""প্রস্তুতি ছাড়া দ্রুত করা"", ""example_sentence"": ""শিক্ষার্থীরা উদাহরণে প্রস্তুতি ছাড়া দ্রুত করা অনুশীলন করে।""}, {""phrase"": ""প্রস্তুতি ছাড়া দ্রুত করা"", ""example_sentence"": ""শিক্ষার্থীরা উদাহরণে প্রস্তুতি ছাড়া দ্রুত করা অনুশীলন করে।""}]",improvised; without preparation; as needed,planned; prepared; rehearsed,B1,"05 - Time, Scheduling & Process","At work, the plan was on the fly.","কর্মক্ষেত্রে, the প্রস্তুতি ছাড়া দ্রুত করা অবস্থায় ছিল।","realistic workplace scene matching the sentence, detailed environment and natural light. Realistic contemporary setting, natural lighting, clear facial expressions, accurate everyday details, documentary photography style.","[""The situation was on the fly."", ""The team stayed on the fly."", ""Everyone knew it was on the fly.""]"
Idiom,fast track,/fæst træk/,FAST TRAK,ফাস্ট ট্র্যাক,To speed up the process or progress,প্রক্রিয়া বা অগ্রগতি দ্রুত করা,"[{""phrase"": ""fast track for the team"", ""example_sentence"": ""That decision became fast track for the team after the results came in.""}, {""phrase"": ""fast track in the project"", ""example_sentence"": ""Everyone could see fast track in the project by the end of the week.""}, {""phrase"": ""fast track during the review"", ""example_sentence"": ""The feedback showed fast track during the review and helped us improve.""}]","[{""phrase"": ""দলের জন্য অগ্রগতি দ্রুত করা"", ""example_sentence"": ""শিক্ষার্থীরা উদাহরণে দলের জন্য অগ্রগতি দ্রুত করা অনুশীলন করে।""}, {""phrase"": ""প্রকল্পে অগ্রগতি দ্রুত করা"", ""example_sentence"": ""শিক্ষার্থীরা উদাহরণে প্রকল্পে অগ্রগতি দ্রুত করা অনুশীলন করে।""}, {""phrase"": ""পর্যালোচনার সময় অগ্রগতি দ্রুত করা"", ""example_sentence"": ""শিক্ষার্থীরা উদাহরণে পর্যালোচনার সময় অগ্রগতি দ্রুত করা অনুশীলন করে।""}]",speed up; accelerate; prioritize for quick progress,slow down; delay; put on the back burner,A2,"05 - Time, Scheduling & Process","During the day, Sam had to fast track.","দিনের মধ্যে, স্যামকে প্রক্রিয়া বা অগ্রগতি দ্রুত করা প্রয়োজন হয়েছিল।","realistic daily-life scene matching the sentence, natural lighting, candid photography. Realistic contemporary setting, natural lighting, clear facial expressions, accurate everyday details, documentary photography style.","[""Ella had to fast track before lunch."", ""We decided to fast track during the meeting."", ""They want to fast track this week.""]"
Idiom,level playing field,/lɛvəl pleɪɪŋ fild/,LEV-ul PLAY-ing FEELD,লেভেল প্লেইইং ফিল্ড,A situation where everyone has an equal opportunity,সবার সমান সুযোগ থাকা পরিস্থিতি,"[{""phrase"": ""level playing field for the team"", ""example_sentence"": ""That decision became level playing field for the team after the results came in.""}, {""phrase"": ""level playing field in the project"", ""example_sentence"": ""Everyone could see level playing field in the project by the end of the week.""}, {""phrase"": ""level playing field during the review"", ""example_sentence"": ""The feedback showed level playing field during the review and helped us improve.""}]","[{""phrase"": ""দলের জন্য সবার সমান সুযোগ থাকা পরিস্থিতি"", ""example_sentence"": ""শিক্ষার্থীরা উদাহরণে দলের জন্য সবার সমান সুযোগ থাকা পরিস্থিতি অনুশীলন করে।""}, {""phrase"": ""প্রকল্পে সবার সমান সুযোগ থাকা পরিস্থিতি"", ""example_sentence"": ""শিক্ষার্থীরা উদাহরণে প্রকল্পে সবার সমান সুযোগ থাকা পরিস্থিতি অনুশীলন করে।""}, {""phrase"": ""পর্যালোচনার সময় সবার সমান সুযোগ থাকা পরিস্থিতি"", ""example_sentence"": ""শিক্ষার্থীরা উদাহরণে পর্যালোচনার সময় সবার সমান সুযোগ থাকা পরিস্থিতি অনুশীলন করে।""}]",fair situation; equal opportunity; even conditions,unfair advantage; unequal conditions; biased situation,B1,"08 - Change, Growth, Rules & Control",The new contest rules created a level playing field for every school in the district.,The সবার সমান সুযোগ থাকা পরিস্থিতি করেছিল।,"school competition with fair rules posted, students from different schools participating equally. Realistic contemporary setting, natural lighting, clear facial expressions, accurate everyday details, documentary photography style.","[""The new rules created a level playing field."", ""Scholarships help build a level playing field."", ""We want a level playing field for every team.""]"
Idiom,take the lead,/teɪk ðə lɛd/,TAYK thuh LED,টেইক দা লেড,To be the first to act or take responsibility,প্রথমে কাজ করা বা দায়িত্ব নেওয়া,"[{""phrase"": ""take the lead on the project"", ""example_sentence"": ""The team tried to take the lead on the project this week.""}, {""phrase"": ""take the lead in the discussion"", ""example_sentence"": ""She tried to take the lead in the discussion without creating confusion.""}, {""phrase"": ""take the lead during the event"", ""example_sentence"": ""They agreed to take the lead during the event and report back.""}]","[{""phrase"": ""প্রকল্পে প্রথমে কাজ করা"", ""example_sentence"": ""শিক্ষার্থীরা উদাহরণে প্রকল্পে প্রথমে কাজ করা অনুশীলন করে।""}, {""phrase"": ""আলোচনাে প্রথমে কাজ করা"", ""example_sentence"": ""শিক্ষার্থীরা উদাহরণে আলোচনাে প্রথমে কাজ করা অনুশীলন করে।""}, {""phrase"": ""ঘটনা চলাকালে প্রথমে কাজ করা"", ""example_sentence"": ""শিক্ষার্থীরা উদাহরণে ঘটনা চলাকালে প্রথমে কাজ করা অনুশীলন করে।""}]",lead; go first; take responsibility,follow; step back; let others lead,B1,"04 - Work, Responsibility & Productivity","After the manager left, Jonah had to take the lead for the rest of the day.","ম্যানেজার চলে যাওয়ার পর, জোনাহকে প্রথমে কাজ করা বা দায়িত্ব নেওয়া প্রয়োজন হয়েছিল।","senior staff member taking charge in an office while others listen. Realistic contemporary setting, natural lighting, clear facial expressions, accurate everyday details, documentary photography style.","[""Leila had to take the lead when the teacher was away."", ""Who will take the lead during the night shift?"", ""Someone needs to take the lead before the meeting starts.""]"
Idiom,fall into place,/fɔl ɪntu pleɪs/,FAWL in-too PLAYS,ফল ইনটু প্লেইস,To develop well and make sense naturally,স্বাভাবিকভাবে ঠিকঠাকভাবে গড়ে ওঠা,"[{""phrase"": ""fall into place after the meeting"", ""example_sentence"": ""The team tried to fall into place after the meeting this week.""}, {""phrase"": ""fall into place during the project"", ""example_sentence"": ""She tried to fall into place during the project without creating confusion.""}, {""phrase"": ""fall into place by Friday"", ""example_sentence"": ""They agreed to fall into place by Friday and report back.""}]","[{""phrase"": ""মিটিংয়ের পরে স্বাভাবিকভাবে ঠিকঠাকভাবে গড়ে ওঠা"", ""example_sentence"": ""শিক্ষার্থীরা উদাহরণে মিটিংয়ের পরে স্বাভাবিকভাবে ঠিকঠাকভাবে গড়ে ওঠা অনুশীলন করে।""}, {""phrase"": ""প্রকল্প চলাকালে স্বাভাবিকভাবে ঠিকঠাকভাবে গড়ে ওঠা"", ""example_sentence"": ""শিক্ষার্থীরা উদাহরণে প্রকল্প চলাকালে স্বাভাবিকভাবে ঠিকঠাকভাবে গড়ে ওঠা অনুশীলন করে।""}, {""phrase"": ""by friday স্বাভাবিকভাবে ঠিকঠাকভাবে গড়ে ওঠা"", ""example_sentence"": ""শিক্ষার্থীরা উদাহরণে by friday স্বাভাবিকভাবে ঠিকঠাকভাবে গড়ে ওঠা অনুশীলন করে।""}]",come together; make sense; work out,fall apart; remain confused; fail to work,B1,"06 - Progress, Success & Results","After a slow start, Leila had to fall into place by the end of the month.","ধীর শুরুর পর, লেইলাকে স্বাভাবিকভাবে ঠিকঠাকভাবে গড়ে ওঠা প্রয়োজন হয়েছিল।","team studying progress charts on a wall as results begin to improve. Realistic contemporary setting, natural lighting, clear facial expressions, accurate everyday details, documentary photography style.","[""The idea began to fall into place after the first test."", ""Our small changes helped the project fall into place."", ""The new plan finally fall into place with parents and staff.""]"
Idiom,jump on the bandwagon,/dʒʌmp ɑn ðə bændwæɡən/,JUMP on thuh BAND-wag-un,জাম্প অন দা ব্যান্ডওয়্যাগন,To adopt a trend because it is popular,জনপ্রিয় বলে কোনো ধারায় যোগ দেওয়া,"[{""phrase"": ""jump on the bandwagon early"", ""example_sentence"": ""The team tried to jump on the bandwagon early this week.""}, {""phrase"": ""jump on the bandwagon with the trend"", ""example_sentence"": ""She tried to jump on the bandwagon with the trend without creating confusion.""}, {""phrase"": ""jump on the bandwagon after the announcement"", ""example_sentence"": ""They agreed to jump on the bandwagon after the announcement and report back.""}]","[{""phrase"": ""early জনপ্রিয় বলে কোনো ধারায় যোগ দেওয়া"", ""example_sentence"": ""শিক্ষার্থীরা উদাহরণে early জনপ্রিয় বলে কোনো ধারায় যোগ দেওয়া অনুশীলন করে।""}, {""phrase"": ""with trend জনপ্রিয় বলে কোনো ধারায় যোগ দেওয়া"", ""example_sentence"": ""শিক্ষার্থীরা উদাহরণে with trend জনপ্রিয় বলে কোনো ধারায় যোগ দেওয়া অনুশীলন করে।""}, {""phrase"": ""announcement পরে জনপ্রিয় বলে কোনো ধারায় যোগ দেওয়া"", ""example_sentence"": ""শিক্ষার্থীরা উদাহরণে announcement পরে জনপ্রিয় বলে কোনো ধারায় যোগ দেওয়া অনুশীলন করে।""}]",follow a trend; join a popular movement,resist the trend; stay independent; go against the crowd,B2,"08 - Change, Growth, Rules & Control","After school, Victor had to jump on the bandwagon.","স্কুলের পর, ভিক্টরকে জনপ্রিয় বলে কোনো ধারায় যোগ দেওয়া প্রয়োজন হয়েছিল।","realistic school scene matching the sentence, clear action and natural colors. Realistic contemporary setting, natural lighting, clear facial expressions, accurate everyday details, documentary photography style.","[""Hana had to jump on the bandwagon before lunch."", ""We decided to jump on the bandwagon during the meeting."", ""They want to jump on the bandwagon this week.""]"
Idiom,get the hang of it,/ɡɛt ðə hæŋ ʌv ɪt/,GET thuh HANG uv EET,গেট দা হ্যাং আভ ইট,To become familiar with how something works,কোনো কিছু কীভাবে কাজ করে তা আয়ত্ত করা,"[{""phrase"": ""get the hang of it quickly"", ""example_sentence"": ""The team tried to get the hang of it quickly this week.""}, {""phrase"": ""get the hang of it after practice"", ""example_sentence"": ""She tried to get the hang of it after practice without creating confusion.""}, {""phrase"": ""get the hang of it by the second week"", ""example_sentence"": ""They agreed to get the hang of it by the second week and report back.""}]","[{""phrase"": ""দ্রুত কিছু কীভাবে কাজ করে তা আয়ত্ত করা"", ""example_sentence"": ""শিক্ষার্থীরা উদাহরণে দ্রুত কিছু কীভাবে কাজ করে তা আয়ত্ত করা অনুশীলন করে।""}, {""phrase"": ""পরে practice কিছু কীভাবে কাজ করে তা আয়ত্ত করা"", ""example_sentence"": ""শিক্ষার্থীরা উদাহরণে পরে practice কিছু কীভাবে কাজ করে তা আয়ত্ত করা অনুশীলন করে।""}, {""phrase"": ""by second week কিছু কীভাবে কাজ করে তা আয়ত্ত করা"", ""example_sentence"": ""শিক্ষার্থীরা উদাহরণে by second week কিছু কীভাবে কাজ করে তা আয়ত্ত করা অনুশীলন করে।""}]",learn how; master the basics; become familiar,struggle with it; misunderstand; remain confused,C1,"02 - Thinking, Learning & Understanding","After a week at the bakery, Hana started to get the hang of it.",ব্যক্তিটি কোনো কিছু কীভাবে কাজ করে তা আয়ত্ত করা করেছিল।,"New bakery worker learning tasks at the counter, trays of bread and patient coworker nearby, realistic job-training scene.","[""It took me two days to get the hang of the new printer."", ""Once he practiced, he got the hang of it quickly."", ""You will get the hang of the software after a few lessons.""]"
Idiom,reinvent the wheel,/riɪnvɛnt ðə wil/,REE-in-vent thuh WEEL,রিইন্ভেন্ট দা ওয়িল,To redo work that has already been done efficiently,আগেই করা কাজ আবার অকারণে করা,"[{""phrase"": ""reinvent the wheel on this task"", ""example_sentence"": ""The team tried to reinvent the wheel on this task this week.""}, {""phrase"": ""reinvent the wheel for every project"", ""example_sentence"": ""She tried to reinvent the wheel for every project without creating confusion.""}, {""phrase"": ""reinvent the wheel when a template exists"", ""example_sentence"": ""They agreed to reinvent the wheel when a template exists and report back.""}]","[{""phrase"": ""উপর this কাজ আগেই করা কাজ আবার অকারণে করা"", ""example_sentence"": ""শিক্ষার্থীরা উদাহরণে উপর this কাজ আগেই করা কাজ আবার অকারণে করা অনুশীলন করে।""}, {""phrase"": ""জন্য every প্রকল্প আগেই করা কাজ আবার অকারণে করা"", ""example_sentence"": ""শিক্ষার্থীরা উদাহরণে জন্য every প্রকল্প আগেই করা কাজ আবার অকারণে করা অনুশীলন করে।""}, {""phrase"": ""when একটি template exists আগেই করা কাজ আবার অকারণে করা"", ""example_sentence"": ""শিক্ষার্থীরা উদাহরণে when একটি template exists আগেই করা কাজ আবার অকারণে করা অনুশীলন করে।""}]",redo existing work; duplicate effort; start from scratch unnecessarily,use existing solution; build on prior work,B1,"04 - Work, Responsibility & Productivity",The designer chose not to reinvent the wheel and reused the tested checkout form.,The আগেই করা কাজ আবার অকারণে করা করেছিল।,"realistic daily-life scene matching the sentence, natural lighting, candid photography. Realistic contemporary setting, natural lighting, clear facial expressions, accurate everyday details, documentary photography style.","[""Nina had to reinvent the wheel before lunch."", ""We decided to reinvent the wheel during the meeting."", ""They want to reinvent the wheel this week.""]"
Idiom,wear many hats,/wɛr mɛni hæts/,WEAR MEN-ee HATS,ওয়ের মেনি হ্যাট্স,To have many different roles or responsibilities,অনেক ভিন্ন ভূমিকা বা দায়িত্ব থাকা,"[{""phrase"": ""wear many hats at work"", ""example_sentence"": ""The team tried to wear many hats at work this week.""}, {""phrase"": ""wear many hats in a small company"", ""example_sentence"": ""She tried to wear many hats in a small company without creating confusion.""}, {""phrase"": ""wear many hats during the project"", ""example_sentence"": ""They agreed to wear many hats during the project and report back.""}]","[{""phrase"": ""কর্মস্থলে দায়িত্ব থাকা"", ""example_sentence"": ""শিক্ষার্থীরা উদাহরণে কর্মস্থলে দায়িত্ব থাকা অনুশীলন করে।""}, {""phrase"": ""মধ্যে একটি small কোম্পানি দায়িত্ব থাকা"", ""example_sentence"": ""শিক্ষার্থীরা উদাহরণে মধ্যে একটি small কোম্পানি দায়িত্ব থাকা অনুশীলন করে।""}, {""phrase"": ""প্রকল্প চলাকালে দায়িত্ব থাকা"", ""example_sentence"": ""শিক্ষার্থীরা উদাহরণে প্রকল্প চলাকালে দায়িত্ব থাকা অনুশীলন করে।""}]",have multiple roles; handle many responsibilities,have one role; specialize; do a single job,B1,"04 - Work, Responsibility & Productivity","After school, Nina had to wear many hats.","স্কুলের পর, নিনাকে অনেক ভিন্ন ভূমিকা বা দায়িত্ব থাকা প্রয়োজন হয়েছিল।","realistic school scene matching the sentence, clear action and natural colors. Realistic contemporary setting, natural lighting, clear facial expressions, accurate everyday details, documentary photography style.","[""Adam had to wear many hats before lunch."", ""We decided to wear many hats during the meeting."", ""They want to wear many hats this week.""]"
Idiom,under pressure,/ʌndɚ prɛʃɚ/,OOHNDER PRESH-er,আন্ডার প্রেশার,Experiencing stress to perform or deliver,কাজ বা ফল দেওয়ার চাপে থাকা,"[{""phrase"": ""be under pressure"", ""example_sentence"": ""The team wants to be under pressure during the project.""}, {""phrase"": ""stay under pressure"", ""example_sentence"": ""Good planning helped them stay under pressure all week.""}, {""phrase"": ""remain under pressure"", ""example_sentence"": ""The company tried to remain under pressure after the review.""}]","[{""phrase"": ""ফল দেওয়ার চাপে থাকা"", ""example_sentence"": ""শিক্ষার্থীরা উদাহরণে ফল দেওয়ার চাপে থাকা অনুশীলন করে।""}, {""phrase"": ""ফল দেওয়ার চাপে থাকা"", ""example_sentence"": ""শিক্ষার্থীরা উদাহরণে ফল দেওয়ার চাপে থাকা অনুশীলন করে।""}, {""phrase"": ""ফল দেওয়ার চাপে থাকা"", ""example_sentence"": ""শিক্ষার্থীরা উদাহরণে ফল দেওয়ার চাপে থাকা অনুশীলন করে।""}]",stressed; under stress; facing deadlines,relaxed; calm; under no pressure,A2,"07 - Problems, Difficulty & Risk","With only one hour left before the launch, the whole team was under pressure.","মাত্র এক ঘণ্টা হাতে থাকায়, left কাজ বা ফল দেওয়ার চাপে থাকা অবস্থায় ছিল।","startup team in office working quickly near a large wall clock before a launch. Realistic contemporary setting, natural lighting, clear facial expressions, accurate everyday details, documentary photography style.","[""He works well under pressure."", ""The team felt under pressure before the launch."", ""Students are under pressure during exam week.""]"
Idiom,room for improvement,/rum fɔr ɪmpruvmənt/,ROOM for IM-proov-munt,রুম ফর ইম্প্রুভ্মান্ট,Potential to become better than the current state,আরও ভালো হওয়ার সুযোগ,"[{""phrase"": ""room for improvement for the team"", ""example_sentence"": ""That decision became room for improvement for the team after the results came in.""}, {""phrase"": ""room for improvement in the project"", ""example_sentence"": ""Everyone could see room for improvement in the project by the end of the week.""}, {""phrase"": ""room for improvement during the review"", ""example_sentence"": ""The feedback showed room for improvement during the review and helped us improve.""}]","[{""phrase"": ""দলের জন্য আরও ভালো হওয়ার সুযোগ"", ""example_sentence"": ""শিক্ষার্থীরা উদাহরণে দলের জন্য আরও ভালো হওয়ার সুযোগ অনুশীলন করে।""}, {""phrase"": ""প্রকল্পে আরও ভালো হওয়ার সুযোগ"", ""example_sentence"": ""শিক্ষার্থীরা উদাহরণে প্রকল্পে আরও ভালো হওয়ার সুযোগ অনুশীলন করে।""}, {""phrase"": ""পর্যালোচনার সময় আরও ভালো হওয়ার সুযোগ"", ""example_sentence"": ""শিক্ষার্থীরা উদাহরণে পর্যালোচনার সময় আরও ভালো হওয়ার সুযোগ অনুশীলন করে।""}]",could be better; needs work; has potential,perfect; no improvement needed; flawless,B1,"08 - Change, Growth, Rules & Control","The first draft was clear, but there was still room for improvement in the final section.",The আরও ভালো হওয়ার সুযোগ অবস্থায় ছিল।,"editor or teacher reviewing a draft with notes for improvement on the last page. Realistic contemporary setting, natural lighting, clear facial expressions, accurate everyday details, documentary photography style.","[""There is room for improvement here."", ""The first draft has room for improvement."", ""Our service still has room for improvement.""]"
Idiom,on the right track,/ɑn ðə raɪt træk/,on thuh RYT TRAK,অন দা রাইট ট্র্যাক,Making progress in the correct direction,সঠিক পথে অগ্রগতি করা,"[{""phrase"": ""be on the right track"", ""example_sentence"": ""The team wants to be on the right track during the project.""}, {""phrase"": ""stay on the right track"", ""example_sentence"": ""Good planning helped them stay on the right track all week.""}, {""phrase"": ""remain on the right track"", ""example_sentence"": ""The company tried to remain on the right track after the review.""}]","[{""phrase"": ""সঠিক পথে অগ্রগতি করা"", ""example_sentence"": ""শিক্ষার্থীরা উদাহরণে সঠিক পথে অগ্রগতি করা অনুশীলন করে।""}, {""phrase"": ""সঠিক পথে অগ্রগতি করা"", ""example_sentence"": ""শিক্ষার্থীরা উদাহরণে সঠিক পথে অগ্রগতি করা অনুশীলন করে।""}, {""phrase"": ""সঠিক পথে অগ্রগতি করা"", ""example_sentence"": ""শিক্ষার্থীরা উদাহরণে সঠিক পথে অগ্রগতি করা অনুশীলন করে।""}]",going the correct way; making good progress,wrong track; off course; mistaken direction,B2,"06 - Progress, Success & Results","After the first test results came back, the engineers knew they were on the right track.",ব্যক্তিটি সঠিক পথে অগ্রগতি করা অবস্থায় ছিল।,"engineers reviewing positive test results on a screen in a lab or office. Realistic contemporary setting, natural lighting, clear facial expressions, accurate everyday details, documentary photography style.","[""Your plan is on the right track."", ""The tests show we are on the right track."", ""After the changes, the class got back on the right track.""]"
Idiom,on the wrong track,/ɑn ðə rɔŋ træk/,on thuh RAWNG TRAK,অন দা রং ট্র্যাক,Moving in an incorrect or counterproductive direction,ভুল বা ক্ষতিকর পথে এগোনো,"[{""phrase"": ""be on the wrong track"", ""example_sentence"": ""The team wants to be on the wrong track during the project.""}, {""phrase"": ""stay on the wrong track"", ""example_sentence"": ""Good planning helped them stay on the wrong track all week.""}, {""phrase"": ""remain on the wrong track"", ""example_sentence"": ""The company tried to remain on the wrong track after the review.""}]","[{""phrase"": ""ভুল বা ক্ষতিকর পথে এগোনো"", ""example_sentence"": ""শিক্ষার্থীরা উদাহরণে ভুল বা ক্ষতিকর পথে এগোনো অনুশীলন করে।""}, {""phrase"": ""ভুল বা ক্ষতিকর পথে এগোনো"", ""example_sentence"": ""শিক্ষার্থীরা উদাহরণে ভুল বা ক্ষতিকর পথে এগোনো অনুশীলন করে।""}, {""phrase"": ""ভুল বা ক্ষতিকর পথে এগোনো"", ""example_sentence"": ""শিক্ষার্থীরা উদাহরণে ভুল বা ক্ষতিকর পথে এগোনো অনুশীলন করে।""}]",off course; going the wrong way; misguided,right track; on course; correct direction,B2,"07 - Problems, Difficulty & Risk","When customer complaints kept rising, the manager saw that the store was on the wrong track.",ব্যক্তিটি ভুল বা ক্ষতিকর পথে এগোনো অবস্থায় ছিল।,"store manager examining complaint forms and sales reports, concerned expression. Realistic contemporary setting, natural lighting, clear facial expressions, accurate everyday details, documentary photography style.","[""We were on the wrong track at first."", ""The store went on the wrong track after the price change."", ""His first guess put us on the wrong track.""]"
Idiom,common ground,/kɑmən ɡraʊnd/,KOM-un GROUND,কামান গ্রাউন্ড,Shared opinions or interests between parties,পক্ষগুলোর মধ্যে যৌথ মত বা স্বার্থ,"[{""phrase"": ""common ground for the team"", ""example_sentence"": ""That decision became common ground for the team after the results came in.""}, {""phrase"": ""common ground in the project"", ""example_sentence"": ""Everyone could see common ground in the project by the end of the week.""}, {""phrase"": ""common ground during the review"", ""example_sentence"": ""The feedback showed common ground during the review and helped us improve.""}]","[{""phrase"": ""দলের জন্য পক্ষগুলোর মধ্যে যৌথ মত বা স্বার্থ"", ""example_sentence"": ""শিক্ষার্থীরা উদাহরণে দলের জন্য পক্ষগুলোর মধ্যে যৌথ মত বা স্বার্থ অনুশীলন করে।""}, {""phrase"": ""প্রকল্পে পক্ষগুলোর মধ্যে যৌথ মত বা স্বার্থ"", ""example_sentence"": ""শিক্ষার্থীরা উদাহরণে প্রকল্পে পক্ষগুলোর মধ্যে যৌথ মত বা স্বার্থ অনুশীলন করে।""}, {""phrase"": ""পর্যালোচনার সময় পক্ষগুলোর মধ্যে যৌথ মত বা স্বার্থ"", ""example_sentence"": ""শিক্ষার্থীরা উদাহরণে পর্যালোচনার সময় পক্ষগুলোর মধ্যে যৌথ মত বা স্বার্থ অনুশীলন করে।""}]",shared understanding; mutual interest; agreement,disagreement; division; no shared basis,A2,"09 - Relationships, Feelings & Daily Life","After a long talk, the parents and teachers finally found common ground on the homework policy.",ব্যক্তিটি পক্ষগুলোর মধ্যে যৌথ মত বা স্বার্থ করেছিল।,"parents and teachers in a school meeting reaching agreement around a table with policy papers. Realistic contemporary setting, natural lighting, clear facial expressions, accurate everyday details, documentary photography style.","[""We found common ground quickly."", ""The two groups still need common ground."", ""Sports gave the new students common ground.""]"
Idiom,take a step back,/teɪk ə stɛp bæk/,TAYK uh STEP BACK,টেইক আ স্টেপ ব্যাক,To pause and gain broader perspective,থেমে বড় দৃষ্টিভঙ্গি নেওয়া,"[{""phrase"": ""take a step back during the project"", ""example_sentence"": ""The team tried to take a step back during the project this week.""}, {""phrase"": ""take a step back in the meeting"", ""example_sentence"": ""She tried to take a step back in the meeting without creating confusion.""}, {""phrase"": ""take a step back before the deadline"", ""example_sentence"": ""They agreed to take a step back before the deadline and report back.""}]","[{""phrase"": ""প্রকল্প চলাকালে থেমে বড় দৃষ্টিভঙ্গি নেওয়া"", ""example_sentence"": ""শিক্ষার্থীরা উদাহরণে প্রকল্প চলাকালে থেমে বড় দৃষ্টিভঙ্গি নেওয়া অনুশীলন করে।""}, {""phrase"": ""মিটিংয়ে থেমে বড় দৃষ্টিভঙ্গি নেওয়া"", ""example_sentence"": ""শিক্ষার্থীরা উদাহরণে মিটিংয়ে থেমে বড় দৃষ্টিভঙ্গি নেওয়া অনুশীলন করে।""}, {""phrase"": ""সময়সীমার আগে থেমে বড় দৃষ্টিভঙ্গি নেওয়া"", ""example_sentence"": ""শিক্ষার্থীরা উদাহরণে সময়সীমার আগে থেমে বড় দৃষ্টিভঙ্গি নেওয়া অনুশীলন করে।""}]",pause for perspective; reconsider; look more broadly,rush ahead; focus narrowly; act without reflection,B2,"02 - Thinking, Learning & Understanding","Before replying to the complaint, Aisha decided to take a step back and review the full story.",ব্যক্তিটি থেমে বড় দৃষ্টিভঙ্গি নেওয়া করেছিল।,"manager reviewing charts and notes calmly to evaluate the full situation. Realistic contemporary setting, natural lighting, clear facial expressions, accurate everyday details, documentary photography style.","[""We should take a step back before making a choice."", ""Sofia needed to take a step back after reading the report."", ""The coach asked the team to take a step back and breathe.""]"
Idiom,cut corners,/kʌt kɔrnɚz/,KUT KOR-nerz,কাট কর্নারজ,To do something in the easiest or cheapest way,সবচেয়ে সহজ বা সস্তা পথে কাজ করা,"[{""phrase"": ""cut corners on quality"", ""example_sentence"": ""The team tried to cut corners on quality this week.""}, {""phrase"": ""cut corners to save time"", ""example_sentence"": ""She tried to cut corners to save time without creating confusion.""}, {""phrase"": ""cut corners during production"", ""example_sentence"": ""They agreed to cut corners during production and report back.""}]","[{""phrase"": ""উপর quality সস্তা পথে কাজ করা"", ""example_sentence"": ""শিক্ষার্থীরা উদাহরণে উপর quality সস্তা পথে কাজ করা অনুশীলন করে।""}, {""phrase"": ""to save সময় সস্তা পথে কাজ করা"", ""example_sentence"": ""শিক্ষার্থীরা উদাহরণে to save সময় সস্তা পথে কাজ করা অনুশীলন করে।""}, {""phrase"": ""চলাকালে production সস্তা পথে কাজ করা"", ""example_sentence"": ""শিক্ষার্থীরা উদাহরণে চলাকালে production সস্তা পথে কাজ করা অনুশীলন করে।""}]",take shortcuts; do cheaply; lower standards,do thoroughly; follow proper steps; maintain standards,A2,"04 - Work, Responsibility & Productivity","At work, Lucas had to cut corners.","কর্মক্ষেত্রে, লুকাসকে সবচেয়ে সহজ বা সস্তা পথে কাজ করা প্রয়োজন হয়েছিল।","realistic workplace scene matching the sentence, detailed environment and natural light. Realistic contemporary setting, natural lighting, clear facial expressions, accurate everyday details, documentary photography style.","[""Sofia had to cut corners before lunch."", ""We decided to cut corners during the meeting."", ""They want to cut corners this week.""]"
Idiom,a wake-up call,/ə weɪk ʌp kɔl/,uh WAYK up KAWL,আ ওয়েইক আপ কল,A shock that prompts change or awareness,পরিবর্তন বা সচেতনতা আনে এমন ধাক্কা,"[{""phrase"": ""a wake-up call for the team"", ""example_sentence"": ""That decision became a wake-up call for the team after the results came in.""}, {""phrase"": ""a wake-up call in the project"", ""example_sentence"": ""Everyone could see a wake-up call in the project by the end of the week.""}, {""phrase"": ""a wake-up call during the review"", ""example_sentence"": ""The feedback showed a wake-up call during the review and helped us improve.""}]","[{""phrase"": ""দলের জন্য পরিবর্তন বা সচেতনতা আনে এমন ধাক্কা"", ""example_sentence"": ""শিক্ষার্থীরা উদাহরণে দলের জন্য পরিবর্তন বা সচেতনতা আনে এমন ধাক্কা অনুশীলন করে।""}, {""phrase"": ""প্রকল্পে পরিবর্তন বা সচেতনতা আনে এমন ধাক্কা"", ""example_sentence"": ""শিক্ষার্থীরা উদাহরণে প্রকল্পে পরিবর্তন বা সচেতনতা আনে এমন ধাক্কা অনুশীলন করে।""}, {""phrase"": ""পর্যালোচনার সময় পরিবর্তন বা সচেতনতা আনে এমন ধাক্কা"", ""example_sentence"": ""শিক্ষার্থীরা উদাহরণে পর্যালোচনার সময় পরিবর্তন বা সচেতনতা আনে এমন ধাক্কা অনুশীলন করে।""}]",warning; alert; reality check,false reassurance; no warning; complacency,B1,"08 - Change, Growth, Rules & Control",The failed safety check was a wake-up call for the factory team.,The পরিবর্তন বা সচেতনতা আনে এমন ধাক্কা অবস্থায় ছিল।,"factory managers reviewing a failed safety report and realizing changes are needed. Realistic contemporary setting, natural lighting, clear facial expressions, accurate everyday details, documentary photography style.","[""The missed train was a wake-up call."", ""The poor review was a wake-up call for the team."", ""His first bill was a wake-up call about spending.""]"
Idiom,hit the nail on the head,/hɪt ðə neɪl ɑn ðə hɛd/,HIT thuh NAYL on thuh HED,হিট দা নেইল অন দা হেড,To describe something exactly correctly,কোনো বিষয় একদম ঠিকভাবে বলা,"[{""phrase"": ""hit the nail on the head with your comment"", ""example_sentence"": ""The team tried to hit the nail on the head with your comment this week.""}, {""phrase"": ""hit the nail on the head during the discussion"", ""example_sentence"": ""She tried to hit the nail on the head during the discussion without creating confusion.""}, {""phrase"": ""hit the nail on the head in the report"", ""example_sentence"": ""They agreed to hit the nail on the head in the report and report back.""}]","[{""phrase"": ""with আপনার comment কোনো বিষয় একদম ঠিকভাবে বলা"", ""example_sentence"": ""শিক্ষার্থীরা উদাহরণে with আপনার comment কোনো বিষয় একদম ঠিকভাবে বলা অনুশীলন করে।""}, {""phrase"": ""আলোচনা চলাকালে কোনো বিষয় একদম ঠিকভাবে বলা"", ""example_sentence"": ""শিক্ষার্থীরা উদাহরণে আলোচনা চলাকালে কোনো বিষয় একদম ঠিকভাবে বলা অনুশীলন করে।""}, {""phrase"": ""রিপোর্টে কোনো বিষয় একদম ঠিকভাবে বলা"", ""example_sentence"": ""শিক্ষার্থীরা উদাহরণে রিপোর্টে কোনো বিষয় একদম ঠিকভাবে বলা অনুশীলন করে।""}]",be exactly right; describe precisely; identify accurately,miss the point; be wrong; misunderstand,C1,01 - Communication & Discussion,"After school, Ethan had to hit the nail on the head.","স্কুলের পর, ইথানকে কোনো বিষয় একদম ঠিকভাবে বলা প্রয়োজন হয়েছিল।","realistic school scene matching the sentence, clear action and natural colors. Realistic contemporary setting, natural lighting, clear facial expressions, accurate everyday details, documentary photography style.","[""Lina had to hit the nail on the head before lunch."", ""We decided to hit the nail on the head during the meeting."", ""They want to hit the nail on the head this week.""]"
Idiom,have the final say,/hæv ðə faɪnəl seɪ/,HAV thuh FY-nul SAY,হ্যাভ দা ফাইনাল সেই,To make the ultimate decision on something,চূড়ান্ত সিদ্ধান্ত নেওয়া,"[{""phrase"": ""have the final say on the budget"", ""example_sentence"": ""The team tried to have the final say on the budget this week.""}, {""phrase"": ""have the final say in the decision"", ""example_sentence"": ""She tried to have the final say in the decision without creating confusion.""}, {""phrase"": ""have the final say after the review"", ""example_sentence"": ""They agreed to have the final say after the review and report back.""}]","[{""phrase"": ""বাজেটে চূড়ান্ত সিদ্ধান্ত নেওয়া"", ""example_sentence"": ""শিক্ষার্থীরা উদাহরণে বাজেটে চূড়ান্ত সিদ্ধান্ত নেওয়া অনুশীলন করে।""}, {""phrase"": ""সিদ্ধান্তে চূড়ান্ত সিদ্ধান্ত নেওয়া"", ""example_sentence"": ""শিক্ষার্থীরা উদাহরণে সিদ্ধান্তে চূড়ান্ত সিদ্ধান্ত নেওয়া অনুশীলন করে।""}, {""phrase"": ""review পরে চূড়ান্ত সিদ্ধান্ত নেওয়া"", ""example_sentence"": ""শিক্ষার্থীরা উদাহরণে review পরে চূড়ান্ত সিদ্ধান্ত নেওয়া অনুশীলন করে।""}]",make the ultimate decision; decide finally; control the outcome,have no say; leave decision to others,B2,"08 - Change, Growth, Rules & Control","Once the tests were complete, Lina decided to have the final say the product launch.",ব্যক্তিটি চূড়ান্ত সিদ্ধান্ত নেওয়া অবস্থায় ছিল।,"product team reviewing test charts and approving a launch plan. Realistic contemporary setting, natural lighting, clear facial expressions, accurate everyday details, documentary photography style.","[""The director will have the final say the new budget tomorrow."", ""We cannot proceed until they have the final say the plan."", ""Omar hopes the board will have the final say the change.""]"
Idiom,throw in the towel,/θroʊ ɪn ðə taʊəl/,THROH een thuh TOW-ul,থ্রো ইন দা টাউআল,To give up or admit defeat,হাল ছেড়ে দেওয়া বা পরাজয় মেনে নেওয়া,"[{""phrase"": ""throw in the towel too early"", ""example_sentence"": ""The team tried to throw in the towel too early this week.""}, {""phrase"": ""throw in the towel after one mistake"", ""example_sentence"": ""She tried to throw in the towel after one mistake without creating confusion.""}, {""phrase"": ""throw in the towel during the challenge"", ""example_sentence"": ""They agreed to throw in the towel during the challenge and report back.""}]","[{""phrase"": ""too early হাল ছেড়ে দেওয়া"", ""example_sentence"": ""শিক্ষার্থীরা উদাহরণে too early হাল ছেড়ে দেওয়া অনুশীলন করে।""}, {""phrase"": ""পরে one ভুল হাল ছেড়ে দেওয়া"", ""example_sentence"": ""শিক্ষার্থীরা উদাহরণে পরে one ভুল হাল ছেড়ে দেওয়া অনুশীলন করে।""}, {""phrase"": ""challenge চলাকালে হাল ছেড়ে দেওয়া"", ""example_sentence"": ""শিক্ষার্থীরা উদাহরণে challenge চলাকালে হাল ছেড়ে দেওয়া অনুশীলন করে।""}]",give up; quit; admit defeat,keep trying; persist; fight on,B2,"07 - Problems, Difficulty & Risk","After two hours, Omar had to throw in the towel because it was not working.","দুই ঘণ্টা পর, ওমরকে কারণ সেটি কাজ করছিল না হাল ছেড়ে দেওয়া বা পরাজয় মেনে নেওয়া প্রয়োজন হয়েছিল।","person in a garage looking tired beside a broken bicycle and tools. Realistic contemporary setting, natural lighting, clear facial expressions, accurate everyday details, documentary photography style.","[""After an hour, Chloe decided to throw in the towel."", ""Do not throw in the towel before you check the answer again."", ""The team refused to throw in the towel even after the setback.""]"
Idiom,stand one's ground,/stænd wʌnz ɡraʊnd/,STAND wunz GROUND,স্ট্যান্ড ওয়ান্জ গ্রাউন্ড,To maintain one's position under pressure,চাপের মধ্যেও নিজের অবস্থান ধরে রাখা,"[{""phrase"": ""stand your ground in the meeting"", ""example_sentence"": ""The team tried to stand your ground in the meeting this week.""}, {""phrase"": ""stand your ground under pressure"", ""example_sentence"": ""She tried to stand your ground under pressure without creating confusion.""}, {""phrase"": ""stand your ground during the negotiation"", ""example_sentence"": ""They agreed to stand your ground during the negotiation and report back.""}]","[{""phrase"": ""stand আপনার ground মধ্যে মিটিং চাপের মধ্যেও নিজের অবস্থান ধরে রাখা"", ""example_sentence"": ""শিক্ষার্থীরা উদাহরণে stand আপনার ground মধ্যে মিটিং চাপের মধ্যেও নিজের অবস্থান ধরে রাখা অনুশীলন করে।""}, {""phrase"": ""stand আপনার ground under pressure চাপের মধ্যেও নিজের অবস্থান ধরে রাখা"", ""example_sentence"": ""শিক্ষার্থীরা উদাহরণে stand আপনার ground under pressure চাপের মধ্যেও নিজের অবস্থান ধরে রাখা অনুশীলন করে।""}, {""phrase"": ""stand আপনার ground চলাকালে negotiation চাপের মধ্যেও নিজের অবস্থান ধরে রাখা"", ""example_sentence"": ""শিক্ষার্থীরা উদাহরণে stand আপনার ground চলাকালে negotiation চাপের মধ্যেও নিজের অবস্থান ধরে রাখা অনুশীলন করে।""}]",hold firm; resist pressure; maintain position,give in; back down; yield,B1,"07 - Problems, Difficulty & Risk","Even under pressure, the nurses stood their ground and asked for safer staffing levels.",Even চাপের মধ্যেও নিজের অবস্থান ধরে রাখা করেছিল।,"realistic school scene matching the sentence, clear action and natural colors. Realistic contemporary setting, natural lighting, clear facial expressions, accurate everyday details, documentary photography style.","[""Hassan had to stand their ground before lunch."", ""We decided to stand their ground during the meeting."", ""They want to stand their ground this week.""]"
Idiom,pick up the slack,/pɪk ʌp ðə slæk/,PICK up thuh SLAK,পিক আপ দা স্ল্যাক,To compensate for someone else's lack of effort,অন্যের কম প্রচেষ্টা পুষিয়ে দেওয়া,"[{""phrase"": ""pick up the slack for the team"", ""example_sentence"": ""The team tried to pick up the slack for the team this week.""}, {""phrase"": ""pick up the slack during the rush"", ""example_sentence"": ""She tried to pick up the slack during the rush without creating confusion.""}, {""phrase"": ""pick up the slack when someone is absent"", ""example_sentence"": ""They agreed to pick up the slack when someone is absent and report back.""}]","[{""phrase"": ""দলের জন্য অন্যের কম প্রচেষ্টা পুষিয়ে দেওয়া"", ""example_sentence"": ""শিক্ষার্থীরা উদাহরণে দলের জন্য অন্যের কম প্রচেষ্টা পুষিয়ে দেওয়া অনুশীলন করে।""}, {""phrase"": ""rush চলাকালে অন্যের কম প্রচেষ্টা পুষিয়ে দেওয়া"", ""example_sentence"": ""শিক্ষার্থীরা উদাহরণে rush চলাকালে অন্যের কম প্রচেষ্টা পুষিয়ে দেওয়া অনুশীলন করে।""}, {""phrase"": ""when someone is absent অন্যের কম প্রচেষ্টা পুষিয়ে দেওয়া"", ""example_sentence"": ""শিক্ষার্থীরা উদাহরণে when someone is absent অন্যের কম প্রচেষ্টা পুষিয়ে দেওয়া অনুশীলন করে।""}]",cover extra work; compensate; help out,leave work undone; shirk; make others cover,B2,"04 - Work, Responsibility & Productivity","Throughout the project, Hassan had to pick up the slack even when the work got harder.","পুরো প্রকল্পজুড়ে, হাসানকে কাজ আরও কঠিন হলেও অন্যের কম প্রচেষ্টা পুষিয়ে দেওয়া প্রয়োজন হয়েছিল।","group project scene with people staying engaged and putting in effort. Realistic contemporary setting, natural lighting, clear facial expressions, accurate everyday details, documentary photography style.","[""Nora was ready to pick up the slack on day one."", ""The volunteers pick up the slack when the event got busy."", ""If everyone pick up the slack, we can finish today.""]"
Idiom,take stock of,/teɪk stɑk ʌv/,TAYK STOK uv,টেইক স্টাক আভ,To evaluate the current situation,বর্তমান পরিস্থিতি মূল্যায়ন করা,"[{""phrase"": ""take stock of the situation"", ""example_sentence"": ""The team tried to take stock of the situation this week.""}, {""phrase"": ""take stock of our progress"", ""example_sentence"": ""She tried to take stock of our progress without creating confusion.""}, {""phrase"": ""take stock of the results"", ""example_sentence"": ""They agreed to take stock of the results and report back.""}]","[{""phrase"": ""পরিস্থিতিটি বর্তমান পরিস্থিতি মূল্যায়ন করা"", ""example_sentence"": ""শিক্ষার্থীরা উদাহরণে পরিস্থিতিটি বর্তমান পরিস্থিতি মূল্যায়ন করা অনুশীলন করে।""}, {""phrase"": ""আমাদের অগ্রগতি বর্তমান পরিস্থিতি মূল্যায়ন করা"", ""example_sentence"": ""শিক্ষার্থীরা উদাহরণে আমাদের অগ্রগতি বর্তমান পরিস্থিতি মূল্যায়ন করা অনুশীলন করে।""}, {""phrase"": ""ফলাফলগুলো বর্তমান পরিস্থিতি মূল্যায়ন করা"", ""example_sentence"": ""শিক্ষার্থীরা উদাহরণে ফলাফলগুলো বর্তমান পরিস্থিতি মূল্যায়ন করা অনুশীলন করে।""}]",assess; evaluate; review the situation,ignore the situation; act without review,B1,"02 - Thinking, Learning & Understanding","After reading the report, Nora had to take stock of.","রিপোর্ট পড়ার পর, নোরাকে বর্তমান পরিস্থিতি মূল্যায়ন করা প্রয়োজন হয়েছিল।","team looking at a project board and stepping back to view the whole plan. Realistic contemporary setting, natural lighting, clear facial expressions, accurate everyday details, documentary photography style.","[""We should take stock of before making a choice."", ""Sara needed to take stock of after reading the report."", ""The coach asked the team to take stock of and breathe.""]"
Idiom,strike a balance,/straɪk ə bæləns/,STRYK uh BAL-uns,স্ট্রাইক আ ব্যালান্স,To find a fair middle point between extremes,দুই চরমের মধ্যে ন্যায্য ভারসাম্য খুঁজে পাওয়া,"[{""phrase"": ""strike a balance between speed and quality"", ""example_sentence"": ""The team tried to strike a balance between speed and quality this week.""}, {""phrase"": ""strike a balance at work"", ""example_sentence"": ""She tried to strike a balance at work without creating confusion.""}, {""phrase"": ""strike a balance in the schedule"", ""example_sentence"": ""They agreed to strike a balance in the schedule and report back.""}]","[{""phrase"": ""between speed and quality দুই চরমের মধ্যে ন্যায্য ভারসাম্য খুঁজে পাওয়া"", ""example_sentence"": ""শিক্ষার্থীরা উদাহরণে between speed and quality দুই চরমের মধ্যে ন্যায্য ভারসাম্য খুঁজে পাওয়া অনুশীলন করে।""}, {""phrase"": ""কর্মস্থলে দুই চরমের মধ্যে ন্যায্য ভারসাম্য খুঁজে পাওয়া"", ""example_sentence"": ""শিক্ষার্থীরা উদাহরণে কর্মস্থলে দুই চরমের মধ্যে ন্যায্য ভারসাম্য খুঁজে পাওয়া অনুশীলন করে।""}, {""phrase"": ""সময়সূচিে দুই চরমের মধ্যে ন্যায্য ভারসাম্য খুঁজে পাওয়া"", ""example_sentence"": ""শিক্ষার্থীরা উদাহরণে সময়সূচিে দুই চরমের মধ্যে ন্যায্য ভারসাম্য খুঁজে পাওয়া অনুশীলন করে।""}]",find a compromise; balance extremes; reach middle ground,go to extremes; create imbalance,B1,"03 - Plans, Decisions & Strategy","After school, Ben had to strike a balance.","স্কুলের পর, বেনকে দুই চরমের মধ্যে ন্যায্য ভারসাম্য খুঁজে পাওয়া প্রয়োজন হয়েছিল।","realistic school scene matching the sentence, clear action and natural colors. Realistic contemporary setting, natural lighting, clear facial expressions, accurate everyday details, documentary photography style.","[""Sara had to strike a balance before lunch."", ""We decided to strike a balance during the meeting."", ""They want to strike a balance this week.""]"
Idiom,make headway,/meɪk hɛdweɪ/,MAYK HED-way,মেইক হেড্ওয়েই,To make noticeable progress toward a goal,লক্ষ্যের দিকে দৃশ্যমান অগ্রগতি করা,"[{""phrase"": ""make headway on the project"", ""example_sentence"": ""The team tried to make headway on the project this week.""}, {""phrase"": ""make headway with the problem"", ""example_sentence"": ""She tried to make headway with the problem without creating confusion.""}, {""phrase"": ""make headway after the meeting"", ""example_sentence"": ""They agreed to make headway after the meeting and report back.""}]","[{""phrase"": ""প্রকল্পে লক্ষ্যের দিকে দৃশ্যমান অগ্রগতি করা"", ""example_sentence"": ""শিক্ষার্থীরা উদাহরণে প্রকল্পে লক্ষ্যের দিকে দৃশ্যমান অগ্রগতি করা অনুশীলন করে।""}, {""phrase"": ""with সমস্যা লক্ষ্যের দিকে দৃশ্যমান অগ্রগতি করা"", ""example_sentence"": ""শিক্ষার্থীরা উদাহরণে with সমস্যা লক্ষ্যের দিকে দৃশ্যমান অগ্রগতি করা অনুশীলন করে।""}, {""phrase"": ""মিটিংয়ের পরে লক্ষ্যের দিকে দৃশ্যমান অগ্রগতি করা"", ""example_sentence"": ""শিক্ষার্থীরা উদাহরণে মিটিংয়ের পরে লক্ষ্যের দিকে দৃশ্যমান অগ্রগতি করা অনুশীলন করে।""}]",make progress; advance; move forward,stall; make no progress; fall behind,A2,"06 - Progress, Success & Results","Once the new system was live, Sara had to make headway over the next few days.","নতুন সিস্টেম চালু হলে, was লক্ষ্যের দিকে দৃশ্যমান অগ্রগতি করা অবস্থায় ছিল।","employees using a new system as progress indicators rise on a screen. Realistic contemporary setting, natural lighting, clear facial expressions, accurate everyday details, documentary photography style.","[""The idea began to make headway after the first test."", ""Our small changes helped the project make headway."", ""The new plan finally make headway with parents and staff.""]"
Idiom,a long shot,/ə lɔŋ ʃɑt/,uh LAWNG SHOT,আ লং শাট,Something that is unlikely but possible,অসম্ভাব্য কিন্তু সম্ভব এমন কিছু,"[{""phrase"": ""a long shot for the team"", ""example_sentence"": ""That decision became a long shot for the team after the results came in.""}, {""phrase"": ""a long shot in the project"", ""example_sentence"": ""Everyone could see a long shot in the project by the end of the week.""}, {""phrase"": ""a long shot during the review"", ""example_sentence"": ""The feedback showed a long shot during the review and helped us improve.""}]","[{""phrase"": ""দলের জন্য অসম্ভাব্য কিন্তু সম্ভব এমন কিছু"", ""example_sentence"": ""শিক্ষার্থীরা উদাহরণে দলের জন্য অসম্ভাব্য কিন্তু সম্ভব এমন কিছু অনুশীলন করে।""}, {""phrase"": ""প্রকল্পে অসম্ভাব্য কিন্তু সম্ভব এমন কিছু"", ""example_sentence"": ""শিক্ষার্থীরা উদাহরণে প্রকল্পে অসম্ভাব্য কিন্তু সম্ভব এমন কিছু অনুশীলন করে।""}, {""phrase"": ""পর্যালোচনার সময় অসম্ভাব্য কিন্তু সম্ভব এমন কিছু"", ""example_sentence"": ""শিক্ষার্থীরা উদাহরণে পর্যালোচনার সময় অসম্ভাব্য কিন্তু সম্ভব এমন কিছু অনুশীলন করে।""}]",unlikely chance; risky possibility; outside chance,sure thing; likely outcome; safe bet,B1,"07 - Problems, Difficulty & Risk","Winning the grant was a long shot, but the young research team still applied.",Winning অসম্ভাব্য কিন্তু সম্ভব এমন কিছু অবস্থায় ছিল।,"small research team submitting a grant application despite low odds, hopeful expressions. Realistic contemporary setting, natural lighting, clear facial expressions, accurate everyday details, documentary photography style.","[""It is a long shot, but let us try."", ""Getting tickets now is a long shot."", ""Winning the bid was a long shot for our small team.""]"
Idiom,in hindsight,/ɪn haɪndsaɪt/,een HYND-syt,ইন হাইন্ডসাইট,Reflecting on events with better understanding after the fact,ঘটনার পর ভালো বোঝাপড়ার আলোকে ভাবা,"[{""phrase"": ""be in hindsight"", ""example_sentence"": ""The team wants to be in hindsight during the project.""}, {""phrase"": ""stay in hindsight"", ""example_sentence"": ""Good planning helped them stay in hindsight all week.""}, {""phrase"": ""remain in hindsight"", ""example_sentence"": ""The company tried to remain in hindsight after the review.""}]","[{""phrase"": ""ঘটনার পর ভালো বোঝাপড়ার আলোকে ভাবা"", ""example_sentence"": ""শিক্ষার্থীরা উদাহরণে ঘটনার পর ভালো বোঝাপড়ার আলোকে ভাবা অনুশীলন করে।""}, {""phrase"": ""ঘটনার পর ভালো বোঝাপড়ার আলোকে ভাবা"", ""example_sentence"": ""শিক্ষার্থীরা উদাহরণে ঘটনার পর ভালো বোঝাপড়ার আলোকে ভাবা অনুশীলন করে।""}, {""phrase"": ""ঘটনার পর ভালো বোঝাপড়ার আলোকে ভাবা"", ""example_sentence"": ""শিক্ষার্থীরা উদাহরণে ঘটনার পর ভালো বোঝাপড়ার আলোকে ভাবা অনুশীলন করে।""}]",looking back; after the fact; with later understanding,in advance; beforehand; without later perspective,A2,"02 - Thinking, Learning & Understanding","In hindsight, the class should have tested the robot before the competition day.",ব্যক্তিটি ঘটনার পর ভালো বোঝাপড়ার আলোকে ভাবা করেছিল।,"students reflecting on a school robotics project after a competition, robot and notes on table. Realistic contemporary setting, natural lighting, clear facial expressions, accurate everyday details, documentary photography style.","[""In hindsight, we should have left earlier."", ""In hindsight, the warning signs were clear."", ""In hindsight, the cheaper option cost more.""]"
Idiom,the tip of the iceberg,/ðə tɪp ʌv ðə aɪsbɚɡ/,thuh TIP uv thuh ICE-berg,দা টিপ আভ দা আইস্বারগ,A visible small part of a much larger problem,বড় সমস্যার দৃশ্যমান ছোট অংশ,"[{""phrase"": ""the tip of the iceberg for the team"", ""example_sentence"": ""That decision became the tip of the iceberg for the team after the results came in.""}, {""phrase"": ""the tip of the iceberg in the project"", ""example_sentence"": ""Everyone could see the tip of the iceberg in the project by the end of the week.""}, {""phrase"": ""the tip of the iceberg during the review"", ""example_sentence"": ""The feedback showed the tip of the iceberg during the review and helped us improve.""}]","[{""phrase"": ""দলের জন্য বড় সমস্যার দৃশ্যমান ছোট অংশ"", ""example_sentence"": ""শিক্ষার্থীরা উদাহরণে দলের জন্য বড় সমস্যার দৃশ্যমান ছোট অংশ অনুশীলন করে।""}, {""phrase"": ""প্রকল্পে বড় সমস্যার দৃশ্যমান ছোট অংশ"", ""example_sentence"": ""শিক্ষার্থীরা উদাহরণে প্রকল্পে বড় সমস্যার দৃশ্যমান ছোট অংশ অনুশীলন করে।""}, {""phrase"": ""পর্যালোচনার সময় বড় সমস্যার দৃশ্যমান ছোট অংশ"", ""example_sentence"": ""শিক্ষার্থীরা উদাহরণে পর্যালোচনার সময় বড় সমস্যার দৃশ্যমান ছোট অংশ অনুশীলন করে।""}]",small visible part; sign of bigger problem,whole story; complete picture; full extent,C1,"07 - Problems, Difficulty & Risk",The broken lock was only the tip of the iceberg in the old building.,The বড় সমস্যার দৃশ্যমান ছোট অংশ অবস্থায় ছিল।,"old building with one visible broken lock hinting at many deeper maintenance problems. Realistic contemporary setting, natural lighting, clear facial expressions, accurate everyday details, documentary photography style.","[""This leak is just the tip of the iceberg."", ""The noise complaint was the tip of the iceberg."", ""One bad review was only the tip of the iceberg.""]"
Idiom,get down to brass tacks,/ɡɛt daʊn tu bræs tæks/,GET DOWN too BRAS TAKS,গেট ডাউন টু ব্র্যাস ট্যাক্স,To focus on the essential facts or business,মূল তথ্য বা কাজে মনোযোগ দেওয়া,"[{""phrase"": ""get down to brass tacks in the meeting"", ""example_sentence"": ""The team tried to get down to brass tacks in the meeting this week.""}, {""phrase"": ""get down to brass tacks after lunch"", ""example_sentence"": ""She tried to get down to brass tacks after lunch without creating confusion.""}, {""phrase"": ""get down to brass tacks before signing"", ""example_sentence"": ""They agreed to get down to brass tacks before signing and report back.""}]","[{""phrase"": ""মিটিংয়ে কাজে মনোযোগ দেওয়া"", ""example_sentence"": ""শিক্ষার্থীরা উদাহরণে মিটিংয়ে কাজে মনোযোগ দেওয়া অনুশীলন করে।""}, {""phrase"": ""পরে lunch কাজে মনোযোগ দেওয়া"", ""example_sentence"": ""শিক্ষার্থীরা উদাহরণে পরে lunch কাজে মনোযোগ দেওয়া অনুশীলন করে।""}, {""phrase"": ""আগে signing কাজে মনোযোগ দেওয়া"", ""example_sentence"": ""শিক্ষার্থীরা উদাহরণে আগে signing কাজে মনোযোগ দেওয়া অনুশীলন করে।""}]",focus on essentials; get to the facts; address practical details,avoid the main point; stay vague; discuss side issues,C1,01 - Communication & Discussion,"Once everyone arrived, the manager wanted to get down to brass tacks and discuss the budget.",ব্যক্তিটি মূল তথ্য বা কাজে মনোযোগ দেওয়া করেছিল।,"realistic daily-life scene matching the sentence, natural lighting, candid photography. Realistic contemporary setting, natural lighting, clear facial expressions, accurate everyday details, documentary photography style.","[""Ryan had to get down to brass tacks before lunch."", ""We decided to get down to brass tacks during the meeting."", ""They want to get down to brass tacks this week.""]"
Idiom,no-brainer,/noʊ breɪnɚ/,NOH BRAY-ner,নো ব্রেইনার,A decision that is very obvious and easy to make,খুব সহজ ও স্পষ্ট সিদ্ধান্ত,"[{""phrase"": ""no-brainer for the team"", ""example_sentence"": ""That decision became no-brainer for the team after the results came in.""}, {""phrase"": ""no-brainer in the project"", ""example_sentence"": ""Everyone could see no-brainer in the project by the end of the week.""}, {""phrase"": ""no-brainer during the review"", ""example_sentence"": ""The feedback showed no-brainer during the review and helped us improve.""}]","[{""phrase"": ""দলের জন্য খুব সহজ ও স্পষ্ট সিদ্ধান্ত"", ""example_sentence"": ""শিক্ষার্থীরা উদাহরণে দলের জন্য খুব সহজ ও স্পষ্ট সিদ্ধান্ত অনুশীলন করে।""}, {""phrase"": ""প্রকল্পে খুব সহজ ও স্পষ্ট সিদ্ধান্ত"", ""example_sentence"": ""শিক্ষার্থীরা উদাহরণে প্রকল্পে খুব সহজ ও স্পষ্ট সিদ্ধান্ত অনুশীলন করে।""}, {""phrase"": ""পর্যালোচনার সময় খুব সহজ ও স্পষ্ট সিদ্ধান্ত"", ""example_sentence"": ""শিক্ষার্থীরা উদাহরণে পর্যালোচনার সময় খুব সহজ ও স্পষ্ট সিদ্ধান্ত অনুশীলন করে।""}]",obvious choice; easy decision; simple answer,difficult decision; tough call; complex choice,A2,"03 - Plans, Decisions & Strategy",Choosing the safer route home in the storm was a no-brainer.,Choosing খুব সহজ ও স্পষ্ট সিদ্ধান্ত অবস্থায় ছিল।,"drivers or family choosing a safer route during heavy rain, obvious easy decision. Realistic contemporary setting, natural lighting, clear facial expressions, accurate everyday details, documentary photography style.","[""Bringing water on a hot day is a no-brainer."", ""For her, the safer option was a no-brainer."", ""Hiring him again was a no-brainer.""]"
Idiom,out of pocket,/aʊt ʌv pɑkət/,out uv POK-et,আউট আভ পাকাট,Unavailable; paying from personal funds,অপ্রাপ্য; নিজের টাকা থেকে পরিশোধ করা,"[{""phrase"": ""be out of pocket"", ""example_sentence"": ""The team wants to be out of pocket during the project.""}, {""phrase"": ""stay out of pocket"", ""example_sentence"": ""Good planning helped them stay out of pocket all week.""}, {""phrase"": ""remain out of pocket"", ""example_sentence"": ""The company tried to remain out of pocket after the review.""}]","[{""phrase"": ""নিজের টাকা থেকে পরিশোধ করা"", ""example_sentence"": ""শিক্ষার্থীরা উদাহরণে নিজের টাকা থেকে পরিশোধ করা অনুশীলন করে।""}, {""phrase"": ""নিজের টাকা থেকে পরিশোধ করা"", ""example_sentence"": ""শিক্ষার্থীরা উদাহরণে নিজের টাকা থেকে পরিশোধ করা অনুশীলন করে।""}, {""phrase"": ""নিজের টাকা থেকে পরিশোধ করা"", ""example_sentence"": ""শিক্ষার্থীরা উদাহরণে নিজের টাকা থেকে পরিশোধ করা অনুশীলন করে।""}]",unavailable; unreachable; personally paid,available; reachable; reimbursed,B1,"10 - Money, Business, Technology & Movement","Because the travel refund was late, Maya had to pay for the hotel out of pocket.",ব্যক্তিটি অপ্রাপ্য বা নিজের টাকা থেকে পরিশোধ করা অবস্থায় ছিল।,"Traveler paying for a hotel at the front desk with her own card while waiting for a refund, realistic travel scene.","[""I had to buy the medicine out of pocket."", ""The coach was out of pocket during the afternoon meeting."", ""They covered the taxi fare out of pocket after the card machine failed.""]"
Idiom,above and beyond,/əbʌv ənd bɪɑnd/,OOHBOOHV UND BEE-ond,আবাভ আন্ড বিআন্ড,To exceed what is expected or required,প্রত্যাশা বা প্রয়োজনের চেয়ে বেশি করা,"[{""phrase"": ""be above and beyond"", ""example_sentence"": ""The team wants to be above and beyond during the project.""}, {""phrase"": ""stay above and beyond"", ""example_sentence"": ""Good planning helped them stay above and beyond all week.""}, {""phrase"": ""remain above and beyond"", ""example_sentence"": ""The company tried to remain above and beyond after the review.""}]","[{""phrase"": ""প্রয়োজনের চেয়ে বেশি করা"", ""example_sentence"": ""শিক্ষার্থীরা উদাহরণে প্রয়োজনের চেয়ে বেশি করা অনুশীলন করে।""}, {""phrase"": ""প্রয়োজনের চেয়ে বেশি করা"", ""example_sentence"": ""শিক্ষার্থীরা উদাহরণে প্রয়োজনের চেয়ে বেশি করা অনুশীলন করে।""}, {""phrase"": ""প্রয়োজনের চেয়ে বেশি করা"", ""example_sentence"": ""শিক্ষার্থীরা উদাহরণে প্রয়োজনের চেয়ে বেশি করা অনুশীলন করে।""}]",more than expected; extra effort; exceeding requirements,bare minimum; below expectations; less than required,B1,"04 - Work, Responsibility & Productivity","During the final week, the plan was above and beyond.","শেষ সপ্তাহে, the প্রত্যাশা বা প্রয়োজনের চেয়ে বেশি করা অবস্থায় ছিল।","focused team working hard in an office at dusk, laptops and notes everywhere. Realistic contemporary setting, natural lighting, clear facial expressions, accurate everyday details, documentary photography style.","[""The situation was above and beyond."", ""The team stayed above and beyond."", ""Everyone knew it was above and beyond.""]"
Idiom,keep one's ear to the ground,/kip wʌnz ir tu ðə ɡraʊnd/,KEEP wunz EER too thuh GROUND,কিপ ওয়ান্জ ইয়ার টু দা গ্রাউন্ড,To stay alert for new information,নতুন তথ্যের জন্য সতর্ক থাকা,"[{""phrase"": ""keep your ear to the ground during the project"", ""example_sentence"": ""The team tried to keep your ear to the ground during the project this week.""}, {""phrase"": ""keep your ear to the ground in the meeting"", ""example_sentence"": ""She tried to keep your ear to the ground in the meeting without creating confusion.""}, {""phrase"": ""keep your ear to the ground before the deadline"", ""example_sentence"": ""They agreed to keep your ear to the ground before the deadline and report back.""}]","[{""phrase"": ""keep আপনার ear to ground চলাকালে প্রকল্প নতুন তথ্যের জন্য সতর্ক থাকা"", ""example_sentence"": ""শিক্ষার্থীরা উদাহরণে keep আপনার ear to ground চলাকালে প্রকল্প নতুন তথ্যের জন্য সতর্ক থাকা অনুশীলন করে।""}, {""phrase"": ""keep আপনার ear to ground মধ্যে মিটিং নতুন তথ্যের জন্য সতর্ক থাকা"", ""example_sentence"": ""শিক্ষার্থীরা উদাহরণে keep আপনার ear to ground মধ্যে মিটিং নতুন তথ্যের জন্য সতর্ক থাকা অনুশীলন করে।""}, {""phrase"": ""keep আপনার ear to ground আগে সময়সীমা নতুন তথ্যের জন্য সতর্ক থাকা"", ""example_sentence"": ""শিক্ষার্থীরা উদাহরণে keep আপনার ear to ground আগে সময়সীমা নতুন তথ্যের জন্য সতর্ক থাকা অনুশীলন করে।""}]",stay alert; monitor news; listen for updates,ignore signs; stay uninformed; tune out,C1,"02 - Thinking, Learning & Understanding","During the project, The team had to keep their ear to the ground.","প্রকল্প চলাকালে, দলটিকে নতুন তথ্যের জন্য সতর্ক থাকা প্রয়োজন হয়েছিল।","team chat and meeting scene where updates are shared clearly. Realistic contemporary setting, natural lighting, clear facial expressions, accurate everyday details, documentary photography style.","[""Please keep their ear to the ground with me after the call."", ""Jonah tried to keep their ear to the ground before rumors spread."", ""The update helped everyone keep their ear to the ground.""]"
Idiom,on the cutting edge,/ɑn ðə kʌtɪŋ ɛdʒ/,on thuh KUT-ing EJ,অন দা কাটিং এজ,Using the newest and most advanced technology,সবচেয়ে নতুন ও উন্নত প্রযুক্তি ব্যবহার করা,"[{""phrase"": ""be on the cutting edge"", ""example_sentence"": ""The team wants to be on the cutting edge during the project.""}, {""phrase"": ""stay on the cutting edge"", ""example_sentence"": ""Good planning helped them stay on the cutting edge all week.""}, {""phrase"": ""remain on the cutting edge"", ""example_sentence"": ""The company tried to remain on the cutting edge after the review.""}]","[{""phrase"": ""সবচেয়ে নতুন ও উন্নত প্রযুক্তি ব্যবহার করা"", ""example_sentence"": ""শিক্ষার্থীরা উদাহরণে সবচেয়ে নতুন ও উন্নত প্রযুক্তি ব্যবহার করা অনুশীলন করে।""}, {""phrase"": ""সবচেয়ে নতুন ও উন্নত প্রযুক্তি ব্যবহার করা"", ""example_sentence"": ""শিক্ষার্থীরা উদাহরণে সবচেয়ে নতুন ও উন্নত প্রযুক্তি ব্যবহার করা অনুশীলন করে।""}, {""phrase"": ""সবচেয়ে নতুন ও উন্নত প্রযুক্তি ব্যবহার করা"", ""example_sentence"": ""শিক্ষার্থীরা উদাহরণে সবচেয়ে নতুন ও উন্নত প্রযুক্তি ব্যবহার করা অনুশীলন করে।""}]",advanced; state-of-the-art; innovative,outdated; old-fashioned; behind the times,B2,"06 - Progress, Success & Results",The startup is on the cutting edge of affordable health technology.,স্টার্টআপটি সাশ্রয়ী স্বাস্থ্য প্রযুক্তির একেবারে অগ্রভাগে আছে।,"modern startup lab creating advanced affordable health tech devices. Realistic contemporary setting, natural lighting, clear facial expressions, accurate everyday details, documentary photography style.","[""The company is on the cutting edge of robotics."", ""Her team stays on the cutting edge of design."", ""This lab works on the cutting edge of medical tech.""]"
Idiom,under wraps,/ʌndɚ ræps/,OOHNDER RAPS,আন্ডার র্যাপ্স,Being kept secret until the right time,সঠিক সময় পর্যন্ত গোপন রাখা,"[{""phrase"": ""be under wraps"", ""example_sentence"": ""The team wants to be under wraps during the project.""}, {""phrase"": ""stay under wraps"", ""example_sentence"": ""Good planning helped them stay under wraps all week.""}, {""phrase"": ""remain under wraps"", ""example_sentence"": ""The company tried to remain under wraps after the review.""}]","[{""phrase"": ""সঠিক সময় পর্যন্ত গোপন রাখা"", ""example_sentence"": ""শিক্ষার্থীরা উদাহরণে সঠিক সময় পর্যন্ত গোপন রাখা অনুশীলন করে।""}, {""phrase"": ""সঠিক সময় পর্যন্ত গোপন রাখা"", ""example_sentence"": ""শিক্ষার্থীরা উদাহরণে সঠিক সময় পর্যন্ত গোপন রাখা অনুশীলন করে।""}, {""phrase"": ""সঠিক সময় পর্যন্ত গোপন রাখা"", ""example_sentence"": ""শিক্ষার্থীরা উদাহরণে সঠিক সময় পর্যন্ত গোপন রাখা অনুশীলন করে।""}]",secret; confidential; hidden,public; revealed; out in the open,A2,"08 - Change, Growth, Rules & Control",The museum kept the new exhibition under wraps until the press preview.,প্রেস প্রিভিউ পর্যন্ত জাদুঘরটি নতুন প্রদর্শনীটি গোপন রেখেছিল।,"museum staff covering new exhibition pieces before an official preview, private preparation. Realistic contemporary setting, natural lighting, clear facial expressions, accurate everyday details, documentary photography style.","[""The new phone is still under wraps."", ""They kept the guest list under wraps."", ""The museum kept the project under wraps until May.""]"
Idiom,back to the drawing board,/bæk tu ðə drɔɪŋ bɔrd/,BACK too thuh DRAW-ing BORD,ব্যাক টু দা ড্রয়িং বোর্ড,Starting the planning process again from scratch,শুরু থেকে আবার পরিকল্পনা করা,"[{""phrase"": ""back to the drawing board for the team"", ""example_sentence"": ""That decision became back to the drawing board for the team after the results came in.""}, {""phrase"": ""back to the drawing board in the project"", ""example_sentence"": ""Everyone could see back to the drawing board in the project by the end of the week.""}, {""phrase"": ""back to the drawing board during the review"", ""example_sentence"": ""The feedback showed back to the drawing board during the review and helped us improve.""}]","[{""phrase"": ""দলের জন্য শুরু থেকে আবার পরিকল্পনা করা"", ""example_sentence"": ""শিক্ষার্থীরা উদাহরণে দলের জন্য শুরু থেকে আবার পরিকল্পনা করা অনুশীলন করে।""}, {""phrase"": ""প্রকল্পে শুরু থেকে আবার পরিকল্পনা করা"", ""example_sentence"": ""শিক্ষার্থীরা উদাহরণে প্রকল্পে শুরু থেকে আবার পরিকল্পনা করা অনুশীলন করে।""}, {""phrase"": ""পর্যালোচনার সময় শুরু থেকে আবার পরিকল্পনা করা"", ""example_sentence"": ""শিক্ষার্থীরা উদাহরণে পর্যালোচনার সময় শুরু থেকে আবার পরিকল্পনা করা অনুশীলন করে।""}]",start over; rethink the plan; redesign from scratch,continue with the same plan; proceed unchanged,C1,"03 - Plans, Decisions & Strategy","After school, Victor had to back to the drawing board.","স্কুলের পর, ভিক্টরকে শুরু থেকে আবার পরিকল্পনা করা প্রয়োজন হয়েছিল।","realistic school scene matching the sentence, clear action and natural colors. Realistic contemporary setting, natural lighting, clear facial expressions, accurate everyday details, documentary photography style.","[""Hana had to back to the drawing board before lunch."", ""We decided to back to the drawing board during the meeting."", ""They want to back to the drawing board this week.""]"
Idiom,in the spotlight,/ɪn ðə spɑtlaɪt/,een thuh SPOT-lyt,ইন দা স্পাট্লাইট,Receiving a lot of public attention,অনেক জনসমক্ষে মনোযোগ পাওয়া,"[{""phrase"": ""be in the spotlight"", ""example_sentence"": ""The team wants to be in the spotlight during the project.""}, {""phrase"": ""stay in the spotlight"", ""example_sentence"": ""Good planning helped them stay in the spotlight all week.""}, {""phrase"": ""remain in the spotlight"", ""example_sentence"": ""The company tried to remain in the spotlight after the review.""}]","[{""phrase"": ""অনেক জনসমক্ষে মনোযোগ পাওয়া"", ""example_sentence"": ""শিক্ষার্থীরা উদাহরণে অনেক জনসমক্ষে মনোযোগ পাওয়া অনুশীলন করে।""}, {""phrase"": ""অনেক জনসমক্ষে মনোযোগ পাওয়া"", ""example_sentence"": ""শিক্ষার্থীরা উদাহরণে অনেক জনসমক্ষে মনোযোগ পাওয়া অনুশীলন করে।""}, {""phrase"": ""অনেক জনসমক্ষে মনোযোগ পাওয়া"", ""example_sentence"": ""শিক্ষার্থীরা উদাহরণে অনেক জনসমক্ষে মনোযোগ পাওয়া অনুশীলন করে।""}]",getting attention; highly visible; center stage,under the radar; unnoticed; out of view,B1,"08 - Change, Growth, Rules & Control","After winning the science prize, the small village school was suddenly in the spotlight.","বিজ্ঞান পুরস্কার জেতার পর, ছোট গ্রামের স্কুলটি হঠাৎ সবার মনোযোগের কেন্দ্রে চলে আসে।","school assembly or media attention around prize-winning students and teachers. Realistic contemporary setting, natural lighting, clear facial expressions, accurate everyday details, documentary photography style.","[""The young singer is now in the spotlight."", ""After the report, the mayor was in the spotlight."", ""The small company found itself in the spotlight.""]"
Idiom,step up to the plate,/stɛp ʌp tu ðə pleɪt/,STEP up too thuh PLAYT,স্টেপ আপ টু দা প্লেইট,To accept a challenge and take responsibility,চ্যালেঞ্জ গ্রহণ করে দায়িত্ব নেওয়া,"[{""phrase"": ""step up to the plate during the project"", ""example_sentence"": ""The team tried to step up to the plate during the project this week.""}, {""phrase"": ""step up to the plate in the meeting"", ""example_sentence"": ""She tried to step up to the plate in the meeting without creating confusion.""}, {""phrase"": ""step up to the plate before the deadline"", ""example_sentence"": ""They agreed to step up to the plate before the deadline and report back.""}]","[{""phrase"": ""প্রকল্প চলাকালে চ্যালেঞ্জ গ্রহণ করে দায়িত্ব নেওয়া"", ""example_sentence"": ""শিক্ষার্থীরা উদাহরণে প্রকল্প চলাকালে চ্যালেঞ্জ গ্রহণ করে দায়িত্ব নেওয়া অনুশীলন করে।""}, {""phrase"": ""মিটিংয়ে চ্যালেঞ্জ গ্রহণ করে দায়িত্ব নেওয়া"", ""example_sentence"": ""শিক্ষার্থীরা উদাহরণে মিটিংয়ে চ্যালেঞ্জ গ্রহণ করে দায়িত্ব নেওয়া অনুশীলন করে।""}, {""phrase"": ""সময়সীমার আগে চ্যালেঞ্জ গ্রহণ করে দায়িত্ব নেওয়া"", ""example_sentence"": ""শিক্ষার্থীরা উদাহরণে সময়সীমার আগে চ্যালেঞ্জ গ্রহণ করে দায়িত্ব নেওয়া অনুশীলন করে।""}]",accept responsibility; take on a challenge; act decisively,avoid responsibility; back away; refuse the challenge,C1,"04 - Work, Responsibility & Productivity","During the final week, Mason had to step up to the plate to finish on time.","শেষ সপ্তাহে, মেসনকে চ্যালেঞ্জ গ্রহণ করে দায়িত্ব নেওয়া প্রয়োজন হয়েছিল।","focused team working hard in an office at dusk, laptops and notes everywhere. Realistic contemporary setting, natural lighting, clear facial expressions, accurate everyday details, documentary photography style.","[""Nina was ready to step up to the plate on day one."", ""The volunteers step up to the plate when the event got busy."", ""If everyone step up to the plate, we can finish today.""]"
Idiom,a gray area,/ə ɡreɪ ɛriə/,uh GRAY AIR-ee-uh,আ গ্রেই এরিআ,A situation that is unclear or ambiguous in terms of rules,নিয়মের দিক থেকে অস্পষ্ট পরিস্থিতি,"[{""phrase"": ""a gray area for the team"", ""example_sentence"": ""That decision became a gray area for the team after the results came in.""}, {""phrase"": ""a gray area in the project"", ""example_sentence"": ""Everyone could see a gray area in the project by the end of the week.""}, {""phrase"": ""a gray area during the review"", ""example_sentence"": ""The feedback showed a gray area during the review and helped us improve.""}]","[{""phrase"": ""দলের জন্য নিয়মের দিক থেকে অস্পষ্ট পরিস্থিতি"", ""example_sentence"": ""শিক্ষার্থীরা উদাহরণে দলের জন্য নিয়মের দিক থেকে অস্পষ্ট পরিস্থিতি অনুশীলন করে।""}, {""phrase"": ""প্রকল্পে নিয়মের দিক থেকে অস্পষ্ট পরিস্থিতি"", ""example_sentence"": ""শিক্ষার্থীরা উদাহরণে প্রকল্পে নিয়মের দিক থেকে অস্পষ্ট পরিস্থিতি অনুশীলন করে।""}, {""phrase"": ""পর্যালোচনার সময় নিয়মের দিক থেকে অস্পষ্ট পরিস্থিতি"", ""example_sentence"": ""শিক্ষার্থীরা উদাহরণে পর্যালোচনার সময় নিয়মের দিক থেকে অস্পষ্ট পরিস্থিতি অনুশীলন করে।""}]",unclear situation; ambiguous case; uncertain rules,clear-cut case; black-and-white situation; obvious rule,B1,"08 - Change, Growth, Rules & Control",Using personal phones for work photos is a gray area in the company rules.,কাজের ছবির জন্য ব্যক্তিগত ফোন ব্যবহার করা কোম্পানির নিয়মে একটি অস্পষ্ট বিষয়।,"employee looking at company policy on phone use, unclear rule highlighted. Realistic contemporary setting, natural lighting, clear facial expressions, accurate everyday details, documentary photography style.","[""This rule is a gray area."", ""Privacy law can be a gray area here."", ""The issue remains a gray area for many schools.""]"
Idiom,par for the course,/pɑr fɔr ðə kɔrs/,PAR for thuh KORS,পার ফর দা কোর্স,What is typical or expected in a given situation,নির্দিষ্ট পরিস্থিতিতে স্বাভাবিক বা প্রত্যাশিত বিষয়,"[{""phrase"": ""par for the course for the team"", ""example_sentence"": ""That decision became par for the course for the team after the results came in.""}, {""phrase"": ""par for the course in the project"", ""example_sentence"": ""Everyone could see par for the course in the project by the end of the week.""}, {""phrase"": ""par for the course during the review"", ""example_sentence"": ""The feedback showed par for the course during the review and helped us improve.""}]","[{""phrase"": ""দলের জন্য নির্দিষ্ট পরিস্থিতিতে স্বাভাবিক বা প্রত্যাশিত বিষয়"", ""example_sentence"": ""শিক্ষার্থীরা উদাহরণে দলের জন্য নির্দিষ্ট পরিস্থিতিতে স্বাভাবিক বা প্রত্যাশিত বিষয় অনুশীলন করে।""}, {""phrase"": ""প্রকল্পে নির্দিষ্ট পরিস্থিতিতে স্বাভাবিক বা প্রত্যাশিত বিষয়"", ""example_sentence"": ""শিক্ষার্থীরা উদাহরণে প্রকল্পে নির্দিষ্ট পরিস্থিতিতে স্বাভাবিক বা প্রত্যাশিত বিষয় অনুশীলন করে।""}, {""phrase"": ""পর্যালোচনার সময় নির্দিষ্ট পরিস্থিতিতে স্বাভাবিক বা প্রত্যাশিত বিষয়"", ""example_sentence"": ""শিক্ষার্থীরা উদাহরণে পর্যালোচনার সময় নির্দিষ্ট পরিস্থিতিতে স্বাভাবিক বা প্রত্যাশিত বিষয় অনুশীলন করে।""}]",typical; expected; normal,unusual; unexpected; out of the ordinary,B2,"02 - Thinking, Learning & Understanding",Late changes were par for the course on a project that large.,এত বড় প্রকল্পে দেরিতে পরিবর্তন হওয়া স্বাভাবিক ব্যাপার ছিল।,"project team calmly handling expected last-minute changes on a large project. Realistic contemporary setting, natural lighting, clear facial expressions, accurate everyday details, documentary photography style.","[""Late emails are par for the course here."", ""For winter travel, delays are par for the course."", ""In that job, weekend calls were par for the course.""]"
Idiom,low-hanging fruit,/loʊ hæŋɪŋ frut/,LOH HANG-ing FROOT,লো হ্যাংগিং ফ্রুট,The easiest and most accessible opportunities,সবচেয়ে সহজ ও সহজলভ্য সুযোগগুলো,"[{""phrase"": ""low-hanging fruit during the project"", ""example_sentence"": ""The team tried to low-hanging fruit during the project this week.""}, {""phrase"": ""low-hanging fruit in the meeting"", ""example_sentence"": ""She tried to low-hanging fruit in the meeting without creating confusion.""}, {""phrase"": ""low-hanging fruit before the deadline"", ""example_sentence"": ""They agreed to low-hanging fruit before the deadline and report back.""}]","[{""phrase"": ""প্রকল্প চলাকালে সবচেয়ে সহজ ও সহজলভ্য সুযোগগুলো"", ""example_sentence"": ""শিক্ষার্থীরা উদাহরণে প্রকল্প চলাকালে সবচেয়ে সহজ ও সহজলভ্য সুযোগগুলো অনুশীলন করে।""}, {""phrase"": ""মিটিংয়ে সবচেয়ে সহজ ও সহজলভ্য সুযোগগুলো"", ""example_sentence"": ""শিক্ষার্থীরা উদাহরণে মিটিংয়ে সবচেয়ে সহজ ও সহজলভ্য সুযোগগুলো অনুশীলন করে।""}, {""phrase"": ""সময়সীমার আগে সবচেয়ে সহজ ও সহজলভ্য সুযোগগুলো"", ""example_sentence"": ""শিক্ষার্থীরা উদাহরণে সময়সীমার আগে সবচেয়ে সহজ ও সহজলভ্য সুযোগগুলো অনুশীলন করে।""}]",easy win; simple opportunity; quick gain,difficult task; hard target; high-effort opportunity,A2,"03 - Plans, Decisions & Strategy",Fixing the spelling errors was low-hanging fruit before the bigger redesign.,বড় পুনর্নকশার আগে বানান ভুল ঠিক করা ছিল সহজে করা যায় এমন কাজ।,"editor quickly correcting easy spelling errors on a document before deeper design work. Realistic contemporary setting, natural lighting, clear facial expressions, accurate everyday details, documentary photography style.","[""Fixing the typo was low-hanging fruit."", ""The team started with low-hanging fruit."", ""Low-hanging fruit can build quick confidence.""]"
Idiom,put in the legwork,/pʊt ɪn ðə lɛɡwɝk/,PUT een thuh LEG-werk,পুট ইন দা লেগওয়ার্ক,To do the necessary preparation and hard work,প্রয়োজনীয় প্রস্তুতি ও পরিশ্রম করা,"[{""phrase"": ""put in the legwork before the launch"", ""example_sentence"": ""The team tried to put in the legwork before the launch this week.""}, {""phrase"": ""put in the legwork for the research"", ""example_sentence"": ""She tried to put in the legwork for the research without creating confusion.""}, {""phrase"": ""put in the legwork during the project"", ""example_sentence"": ""They agreed to put in the legwork during the project and report back.""}]","[{""phrase"": ""launch আগে প্রয়োজনীয় প্রস্তুতি ও পরিশ্রম করা"", ""example_sentence"": ""শিক্ষার্থীরা উদাহরণে launch আগে প্রয়োজনীয় প্রস্তুতি ও পরিশ্রম করা অনুশীলন করে।""}, {""phrase"": ""গবেষণা জন্য প্রয়োজনীয় প্রস্তুতি ও পরিশ্রম করা"", ""example_sentence"": ""শিক্ষার্থীরা উদাহরণে গবেষণা জন্য প্রয়োজনীয় প্রস্তুতি ও পরিশ্রম করা অনুশীলন করে।""}, {""phrase"": ""প্রকল্প চলাকালে প্রয়োজনীয় প্রস্তুতি ও পরিশ্রম করা"", ""example_sentence"": ""শিক্ষার্থীরা উদাহরণে প্রকল্প চলাকালে প্রয়োজনীয় প্রস্তুতি ও পরিশ্রম করা অনুশীলন করে।""}]",do preparation; do hard work; make the effort,skip preparation; take shortcuts; avoid effort,B2,"04 - Work, Responsibility & Productivity","On her first day, Noah had to put in the legwork without waiting for extra help.","তার প্রথম দিনে, নোয়াকে অতিরিক্ত সাহায্যের অপেক্ষা না করে প্রয়োজনীয় প্রস্তুতি ও পরিশ্রম করা প্রয়োজন হয়েছিল।","new employee arriving energetic and immediately starting tasks at a desk. Realistic contemporary setting, natural lighting, clear facial expressions, accurate everyday details, documentary photography style.","[""Mia was ready to put in the legwork on day one."", ""The volunteers put in the legwork when the event got busy."", ""If everyone put in the legwork, we can finish today.""]"
Idiom,circle back,/sɝkəl bæk/,SER-kul BACK,সারকাল ব্যাক,To return to a topic or person later,পরে কোনো বিষয় বা ব্যক্তির কাছে ফিরে আসা,"[{""phrase"": ""circle back to the issue"", ""example_sentence"": ""The team tried to circle back to the issue this week.""}, {""phrase"": ""circle back after lunch"", ""example_sentence"": ""She tried to circle back after lunch without creating confusion.""}, {""phrase"": ""circle back with an update"", ""example_sentence"": ""They agreed to circle back with an update and report back.""}]","[{""phrase"": ""to সমস্যা পরে কোনো বিষয় বা ব্যক্তির কাছে ফিরে আসা"", ""example_sentence"": ""শিক্ষার্থীরা উদাহরণে to সমস্যা পরে কোনো বিষয় বা ব্যক্তির কাছে ফিরে আসা অনুশীলন করে।""}, {""phrase"": ""পরে lunch পরে কোনো বিষয় বা ব্যক্তির কাছে ফিরে আসা"", ""example_sentence"": ""শিক্ষার্থীরা উদাহরণে পরে lunch পরে কোনো বিষয় বা ব্যক্তির কাছে ফিরে আসা অনুশীলন করে।""}, {""phrase"": ""with একটি update পরে কোনো বিষয় বা ব্যক্তির কাছে ফিরে আসা"", ""example_sentence"": ""শিক্ষার্থীরা উদাহরণে with একটি update পরে কোনো বিষয় বা ব্যক্তির কাছে ফিরে আসা অনুশীলন করে।""}]",return to a topic; follow up later; revisit,drop the topic; move on permanently,A2,01 - Communication & Discussion,"When the manager was away, Mia decided to circle back the meeting for one more day.","ম্যানেজার না থাকলে, মিয়া পরে মিটিংটি জন্য আরও এক দিন বা ব্যক্তির কাছে ফিরে আসা করার সিদ্ধান্ত নিয়েছিল।","empty meeting room with a rescheduled date on a wall calendar. Realistic contemporary setting, natural lighting, clear facial expressions, accurate everyday details, documentary photography style.","[""We had to circle back the match because of the rain."", ""Daniel will circle back the meeting until Tuesday."", ""They chose to circle back the trip for one week.""]"
Idiom,open-door policy,/oʊpən dɔr pɑləsi/,OHPOOHN DOR POL-uh-see,ওপান ডর পালাসি,A practice of being accessible and approachable,সহজে যোগাযোগযোগ্য থাকার নীতি,"[{""phrase"": ""open-door policy for the team"", ""example_sentence"": ""That decision became open-door policy for the team after the results came in.""}, {""phrase"": ""open-door policy in the project"", ""example_sentence"": ""Everyone could see open-door policy in the project by the end of the week.""}, {""phrase"": ""open-door policy during the review"", ""example_sentence"": ""The feedback showed open-door policy during the review and helped us improve.""}]","[{""phrase"": ""দলের জন্য সহজে যোগাযোগযোগ্য থাকার নীতি"", ""example_sentence"": ""শিক্ষার্থীরা উদাহরণে দলের জন্য সহজে যোগাযোগযোগ্য থাকার নীতি অনুশীলন করে।""}, {""phrase"": ""প্রকল্পে সহজে যোগাযোগযোগ্য থাকার নীতি"", ""example_sentence"": ""শিক্ষার্থীরা উদাহরণে প্রকল্পে সহজে যোগাযোগযোগ্য থাকার নীতি অনুশীলন করে।""}, {""phrase"": ""পর্যালোচনার সময় সহজে যোগাযোগযোগ্য থাকার নীতি"", ""example_sentence"": ""শিক্ষার্থীরা উদাহরণে পর্যালোচনার সময় সহজে যোগাযোগযোগ্য থাকার নীতি অনুশীলন করে।""}]",accessible approach; approachable management; open communication,closed-door policy; restricted access; unapproachable style,A2,01 - Communication & Discussion,The principal's open-door policy made students feel comfortable asking for help.,প্রধান শিক্ষকের খোলা দরজার নীতি শিক্ষার্থীদের সাহায্য চাইতে স্বাচ্ছন্দ্য বোধ করিয়েছে।,"school principal with office door open, students entering comfortably to ask questions. Realistic contemporary setting, natural lighting, clear facial expressions, accurate everyday details, documentary photography style.","[""The manager has an open-door policy."", ""Her open-door policy helps new staff speak up."", ""Students liked the principal's open-door policy.""]"
Idiom,boots on the ground,/buts ɑn ðə ɡraʊnd/,BOOTS on thuh GROUND,বুট্স অন দা গ্রাউন্ড,People physically present to handle a situation,পরিস্থিতি সামলাতে সরাসরি উপস্থিত মানুষ,"[{""phrase"": ""boots on the ground for the team"", ""example_sentence"": ""That decision became boots on the ground for the team after the results came in.""}, {""phrase"": ""boots on the ground in the project"", ""example_sentence"": ""Everyone could see boots on the ground in the project by the end of the week.""}, {""phrase"": ""boots on the ground during the review"", ""example_sentence"": ""The feedback showed boots on the ground during the review and helped us improve.""}]","[{""phrase"": ""দলের জন্য পরিস্থিতি সামলাতে সরাসরি উপস্থিত মানুষ"", ""example_sentence"": ""শিক্ষার্থীরা উদাহরণে দলের জন্য পরিস্থিতি সামলাতে সরাসরি উপস্থিত মানুষ অনুশীলন করে।""}, {""phrase"": ""প্রকল্পে পরিস্থিতি সামলাতে সরাসরি উপস্থিত মানুষ"", ""example_sentence"": ""শিক্ষার্থীরা উদাহরণে প্রকল্পে পরিস্থিতি সামলাতে সরাসরি উপস্থিত মানুষ অনুশীলন করে।""}, {""phrase"": ""পর্যালোচনার সময় পরিস্থিতি সামলাতে সরাসরি উপস্থিত মানুষ"", ""example_sentence"": ""শিক্ষার্থীরা উদাহরণে পর্যালোচনার সময় পরিস্থিতি সামলাতে সরাসরি উপস্থিত মানুষ অনুশীলন করে।""}]",people on site; local team; field presence,remote support; no one on site,B2,"04 - Work, Responsibility & Productivity","After the flood, the mayor asked for more boots on the ground in the worst-hit streets.","বন্যার পর, মেয়র সবচেয়ে ক্ষতিগ্রস্ত রাস্তাগুলোতে আরও মাঠপর্যায়ের কর্মী চেয়েছিলেন।","emergency responders physically present on flooded streets helping local residents. Realistic contemporary setting, natural lighting, clear facial expressions, accurate everyday details, documentary photography style.","[""We need more boots on the ground."", ""The charity sent boots on the ground after the flood."", ""Without boots on the ground, the plan stayed theoretical.""]"
Idiom,run the numbers,/rʌn ðə nʌmbɚz/,RUN thuh NUM-berz,রান দা নাম্বারজ,To calculate and analyze financial or statistical data,আর্থিক বা পরিসংখ্যানগত তথ্য হিসাব ও বিশ্লেষণ করা,"[{""phrase"": ""run the numbers for the proposal"", ""example_sentence"": ""The team tried to run the numbers for the proposal this week.""}, {""phrase"": ""run the numbers before the meeting"", ""example_sentence"": ""She tried to run the numbers before the meeting without creating confusion.""}, {""phrase"": ""run the numbers on the budget"", ""example_sentence"": ""They agreed to run the numbers on the budget and report back.""}]","[{""phrase"": ""প্রস্তাব জন্য পরিসংখ্যানগত তথ্য হিসাব ও বিশ্লেষণ করা"", ""example_sentence"": ""শিক্ষার্থীরা উদাহরণে প্রস্তাব জন্য পরিসংখ্যানগত তথ্য হিসাব ও বিশ্লেষণ করা অনুশীলন করে।""}, {""phrase"": ""মিটিং আগে পরিসংখ্যানগত তথ্য হিসাব ও বিশ্লেষণ করা"", ""example_sentence"": ""শিক্ষার্থীরা উদাহরণে মিটিং আগে পরিসংখ্যানগত তথ্য হিসাব ও বিশ্লেষণ করা অনুশীলন করে।""}, {""phrase"": ""বাজেটে পরিসংখ্যানগত তথ্য হিসাব ও বিশ্লেষণ করা"", ""example_sentence"": ""শিক্ষার্থীরা উদাহরণে বাজেটে পরিসংখ্যানগত তথ্য হিসাব ও বিশ্লেষণ করা অনুশীলন করে।""}]",calculate; analyze data; check the figures,guess; ignore the data; avoid calculating,B1,"10 - Money, Business, Technology & Movement","Before the board meeting, Lucas had to run the numbers.","বোর্ড মিটিংয়ের আগে, লুকাসকে আর্থিক বা পরিসংখ্যানগত তথ্য হিসাব ও বিশ্লেষণ করা প্রয়োজন হয়েছিল।","analyst studying charts and financial tables in an office. Realistic contemporary setting, natural lighting, clear facial expressions, accurate everyday details, documentary photography style.","[""We should run the numbers before buying the new van."", ""Ethan had to run the numbers after a weak month."", ""The owner used a spreadsheet to run the numbers.""]"
Idiom,move fast and break things,/muv fæst ənd breɪk θɪŋz/,MOOV FAST UND BRAYK THINGZ,মুভ ফাস্ট আন্ড ব্রেইক থিংজ,To prioritize speed and innovation over caution,সতর্কতার চেয়ে গতি ও উদ্ভাবনকে অগ্রাধিকার দেওয়া,"[{""phrase"": ""move fast and break things during the project"", ""example_sentence"": ""The team tried to move fast and break things during the project this week.""}, {""phrase"": ""move fast and break things in the meeting"", ""example_sentence"": ""She tried to move fast and break things in the meeting without creating confusion.""}, {""phrase"": ""move fast and break things before the deadline"", ""example_sentence"": ""They agreed to move fast and break things before the deadline and report back.""}]","[{""phrase"": ""প্রকল্প চলাকালে সতর্কতার চেয়ে গতি ও উদ্ভাবনকে অগ্রাধিকার দেওয়া"", ""example_sentence"": ""শিক্ষার্থীরা উদাহরণে প্রকল্প চলাকালে সতর্কতার চেয়ে গতি ও উদ্ভাবনকে অগ্রাধিকার দেওয়া অনুশীলন করে।""}, {""phrase"": ""মিটিংয়ে সতর্কতার চেয়ে গতি ও উদ্ভাবনকে অগ্রাধিকার দেওয়া"", ""example_sentence"": ""শিক্ষার্থীরা উদাহরণে মিটিংয়ে সতর্কতার চেয়ে গতি ও উদ্ভাবনকে অগ্রাধিকার দেওয়া অনুশীলন করে।""}, {""phrase"": ""সময়সীমার আগে সতর্কতার চেয়ে গতি ও উদ্ভাবনকে অগ্রাধিকার দেওয়া"", ""example_sentence"": ""শিক্ষার্থীরা উদাহরণে সময়সীমার আগে সতর্কতার চেয়ে গতি ও উদ্ভাবনকে অগ্রাধিকার দেওয়া অনুশীলন করে।""}]",prioritize speed; innovate quickly; act boldly,move carefully; proceed cautiously; avoid disruption,C1,"06 - Progress, Success & Results","During the design session, Sofia had to move fast and break things.","ডিজাইন সেশনের সময়, সোফিয়াকে সতর্কতার চেয়ে গতি ও উদ্ভাবনকে অগ্রাধিকার দেওয়া প্রয়োজন হয়েছিল।","creative workshop with sketches, sticky notes, and a team exploring new ideas. Realistic contemporary setting, natural lighting, clear facial expressions, accurate everyday details, documentary photography style.","[""The design team had to move fast and break things to solve the problem."", ""Ethan wanted to move fast and break things instead of copying the old plan."", ""Small companies often move fast and break things when markets change.""]"
Idiom,in the weeds,/ɪn ðə widz/,een thuh WEEDS,ইন দা ওয়িড্জ,Overwhelmed by details; struggling with a situation,খুঁটিনাটিতে ডুবে থাকা; পরিস্থিতি সামলাতে হিমশিম খাওয়া,"[{""phrase"": ""be in the weeds"", ""example_sentence"": ""The team wants to be in the weeds during the project.""}, {""phrase"": ""stay in the weeds"", ""example_sentence"": ""Good planning helped them stay in the weeds all week.""}, {""phrase"": ""remain in the weeds"", ""example_sentence"": ""The company tried to remain in the weeds after the review.""}]","[{""phrase"": ""খুঁটিনাটিতে ডুবে থাকা"", ""example_sentence"": ""শিক্ষার্থীরা উদাহরণে খুঁটিনাটিতে ডুবে থাকা অনুশীলন করে।""}, {""phrase"": ""খুঁটিনাটিতে ডুবে থাকা"", ""example_sentence"": ""শিক্ষার্থীরা উদাহরণে খুঁটিনাটিতে ডুবে থাকা অনুশীলন করে।""}, {""phrase"": ""খুঁটিনাটিতে ডুবে থাকা"", ""example_sentence"": ""শিক্ষার্থীরা উদাহরণে খুঁটিনাটিতে ডুবে থাকা অনুশীলন করে।""}]",lost in details; bogged down; overwhelmed,focused on the big picture; clear; not bogged down,B1,"07 - Problems, Difficulty & Risk","During the planning session, the team got in the weeds and forgot the main goal.",পরিকল্পনা সেশনের সময় দলটি খুঁটিনাটিতে বেশি ডুবে গিয়ে মূল লক্ষ্য ভুলে গিয়েছিল।,"meeting room where a team is buried in detailed notes and sticky notes, looking overwhelmed. Realistic contemporary setting, natural lighting, clear facial expressions, accurate everyday details, documentary photography style.","[""The meeting got in the weeds quickly."", ""She was in the weeds with tiny details."", ""We are too in the weeds to see the main issue.""]"
Idiom,double down,/dʌbəl daʊn/,DUB-ul DOWN,ডাবল ডাউন,To intensify effort or commitment to a strategy,কৌশলে চেষ্টা বা অঙ্গীকার আরও বাড়ানো,"[{""phrase"": ""double down on the strategy"", ""example_sentence"": ""The team tried to double down on the strategy this week.""}, {""phrase"": ""double down after early success"", ""example_sentence"": ""She tried to double down after early success without creating confusion.""}, {""phrase"": ""double down during the campaign"", ""example_sentence"": ""They agreed to double down during the campaign and report back.""}]","[{""phrase"": ""কৌশলে কৌশলে চেষ্টা বা অঙ্গীকার আরও বাড়ানো"", ""example_sentence"": ""শিক্ষার্থীরা উদাহরণে কৌশলে কৌশলে চেষ্টা বা অঙ্গীকার আরও বাড়ানো অনুশীলন করে।""}, {""phrase"": ""পরে early success কৌশলে চেষ্টা বা অঙ্গীকার আরও বাড়ানো"", ""example_sentence"": ""শিক্ষার্থীরা উদাহরণে পরে early success কৌশলে চেষ্টা বা অঙ্গীকার আরও বাড়ানো অনুশীলন করে।""}, {""phrase"": ""campaign চলাকালে কৌশলে চেষ্টা বা অঙ্গীকার আরও বাড়ানো"", ""example_sentence"": ""শিক্ষার্থীরা উদাহরণে campaign চলাকালে কৌশলে চেষ্টা বা অঙ্গীকার আরও বাড়ানো অনুশীলন করে।""}]",intensify commitment; increase effort; reinforce position,back off; reduce commitment; reverse course,A2,"04 - Work, Responsibility & Productivity","At work, Lina had to double down.","কর্মক্ষেত্রে, লিনাকে কৌশলে চেষ্টা বা অঙ্গীকার আরও বাড়ানো প্রয়োজন হয়েছিল।","realistic workplace scene matching the sentence, detailed environment and natural light. Realistic contemporary setting, natural lighting, clear facial expressions, accurate everyday details, documentary photography style.","[""Omar had to double down before lunch."", ""We decided to double down during the meeting."", ""They want to double down this week.""]"
Idiom,pivot,/pɪvət/,PIV-ut,পিভাট,To make a significant strategic change in direction,কৌশলগতভাবে দিক পরিবর্তন করা,"[{""phrase"": ""pivot to a new plan"", ""example_sentence"": ""The team tried to pivot to a new plan this week.""}, {""phrase"": ""pivot after feedback"", ""example_sentence"": ""She tried to pivot after feedback without creating confusion.""}, {""phrase"": ""pivot during the project"", ""example_sentence"": ""They agreed to pivot during the project and report back.""}]","[{""phrase"": ""to একটি নতুন পরিকল্পনা কৌশলগতভাবে দিক পরিবর্তন করা"", ""example_sentence"": ""শিক্ষার্থীরা উদাহরণে to একটি নতুন পরিকল্পনা কৌশলগতভাবে দিক পরিবর্তন করা অনুশীলন করে।""}, {""phrase"": ""পরে feedback কৌশলগতভাবে দিক পরিবর্তন করা"", ""example_sentence"": ""শিক্ষার্থীরা উদাহরণে পরে feedback কৌশলগতভাবে দিক পরিবর্তন করা অনুশীলন করে।""}, {""phrase"": ""প্রকল্প চলাকালে কৌশলগতভাবে দিক পরিবর্তন করা"", ""example_sentence"": ""শিক্ষার্থীরা উদাহরণে প্রকল্প চলাকালে কৌশলগতভাবে দিক পরিবর্তন করা অনুশীলন করে।""}]",change direction; shift strategy; turn,stay the course; continue unchanged,A2,"08 - Change, Growth, Rules & Control","During the design session, Omar had to pivot.","ডিজাইন সেশনের সময়, ওমরকে কৌশলগতভাবে দিক পরিবর্তন করা প্রয়োজন হয়েছিল।","creative workshop with sketches, sticky notes, and a team exploring new ideas. Realistic contemporary setting, natural lighting, clear facial expressions, accurate everyday details, documentary photography style.","[""The design team had to pivot to solve the problem."", ""Chloe wanted to pivot instead of copying the old plan."", ""Small companies often pivot when markets change.""]"
Idiom,north star,/nɔrθ stɑr/,NORTH STAR,নর্থ স্টার,A guiding goal or principle,দিশা দেখানো লক্ষ্য বা নীতি,"[{""phrase"": ""north star for the team"", ""example_sentence"": ""That decision became north star for the team after the results came in.""}, {""phrase"": ""north star in the project"", ""example_sentence"": ""Everyone could see north star in the project by the end of the week.""}, {""phrase"": ""north star during the review"", ""example_sentence"": ""The feedback showed north star during the review and helped us improve.""}]","[{""phrase"": ""দলের জন্য দিশা দেখানো লক্ষ্য বা নীতি"", ""example_sentence"": ""শিক্ষার্থীরা উদাহরণে দলের জন্য দিশা দেখানো লক্ষ্য বা নীতি অনুশীলন করে।""}, {""phrase"": ""প্রকল্পে দিশা দেখানো লক্ষ্য বা নীতি"", ""example_sentence"": ""শিক্ষার্থীরা উদাহরণে প্রকল্পে দিশা দেখানো লক্ষ্য বা নীতি অনুশীলন করে।""}, {""phrase"": ""পর্যালোচনার সময় দিশা দেখানো লক্ষ্য বা নীতি"", ""example_sentence"": ""শিক্ষার্থীরা উদাহরণে পর্যালোচনার সময় দিশা দেখানো লক্ষ্য বা নীতি অনুশীলন করে।""}]",guiding goal; core principle; direction,no clear direction; distraction; shifting target,A2,"03 - Plans, Decisions & Strategy","For the product team, customer trust is the north star for every design choice.","প্রোডাক্ট দলের কাছে, গ্রাহকের বিশ্বাসই প্রতিটি ডিজাইন সিদ্ধান্তের প্রধান দিশা।","product team in office using customer trust as guiding principle on a whiteboard. Realistic contemporary setting, natural lighting, clear facial expressions, accurate everyday details, documentary photography style.","[""Safety is our north star."", ""For the team, service is the north star."", ""The company keeps customer trust as its north star.""]"
Idiom,skin in the game,/skɪn ɪn ðə ɡeɪm/,SKIN een thuh GAYM,স্কিন ইন দা গেইম,Having a personal stake in an outcome,ফলাফলে ব্যক্তিগত স্বার্থ থাকা,"[{""phrase"": ""skin in the game for the team"", ""example_sentence"": ""That decision became skin in the game for the team after the results came in.""}, {""phrase"": ""skin in the game in the project"", ""example_sentence"": ""Everyone could see skin in the game in the project by the end of the week.""}, {""phrase"": ""skin in the game during the review"", ""example_sentence"": ""The feedback showed skin in the game during the review and helped us improve.""}]","[{""phrase"": ""দলের জন্য ফলাফলে ব্যক্তিগত স্বার্থ থাকা"", ""example_sentence"": ""শিক্ষার্থীরা উদাহরণে দলের জন্য ফলাফলে ব্যক্তিগত স্বার্থ থাকা অনুশীলন করে।""}, {""phrase"": ""প্রকল্পে ফলাফলে ব্যক্তিগত স্বার্থ থাকা"", ""example_sentence"": ""শিক্ষার্থীরা উদাহরণে প্রকল্পে ফলাফলে ব্যক্তিগত স্বার্থ থাকা অনুশীলন করে।""}, {""phrase"": ""পর্যালোচনার সময় ফলাফলে ব্যক্তিগত স্বার্থ থাকা"", ""example_sentence"": ""শিক্ষার্থীরা উদাহরণে পর্যালোচনার সময় ফলাফলে ব্যক্তিগত স্বার্থ থাকা অনুশীলন করে।""}]",personal stake; vested interest; invested risk,no stake; detached interest; nothing to lose,B2,"10 - Money, Business, Technology & Movement","Because the founder had skin in the game, she read every contract line carefully.","প্রতিষ্ঠাতার নিজের স্বার্থ জড়িত থাকায়, তিনি চুক্তির প্রতিটি লাইন মনোযোগ দিয়ে পড়েছিলেন।","startup founder personally reviewing contracts at a desk, invested in outcome. Realistic contemporary setting, natural lighting, clear facial expressions, accurate everyday details, documentary photography style.","[""She has skin in the game now."", ""Investors want leaders with skin in the game."", ""With his own money in it, he had skin in the game.""]"
Idiom,a moving target,/ə muvɪŋ tɑrɡət/,uh MOOV-ing TAR-get,আ মুভিং টার্গাট,A goal or situation that keeps changing,বারবার বদলায় এমন লক্ষ্য বা পরিস্থিতি,"[{""phrase"": ""a moving target for the team"", ""example_sentence"": ""That decision became a moving target for the team after the results came in.""}, {""phrase"": ""a moving target in the project"", ""example_sentence"": ""Everyone could see a moving target in the project by the end of the week.""}, {""phrase"": ""a moving target during the review"", ""example_sentence"": ""The feedback showed a moving target during the review and helped us improve.""}]","[{""phrase"": ""দলের জন্য বারবার বদলায় এমন লক্ষ্য বা পরিস্থিতি"", ""example_sentence"": ""শিক্ষার্থীরা উদাহরণে দলের জন্য বারবার বদলায় এমন লক্ষ্য বা পরিস্থিতি অনুশীলন করে।""}, {""phrase"": ""প্রকল্পে বারবার বদলায় এমন লক্ষ্য বা পরিস্থিতি"", ""example_sentence"": ""শিক্ষার্থীরা উদাহরণে প্রকল্পে বারবার বদলায় এমন লক্ষ্য বা পরিস্থিতি অনুশীলন করে।""}, {""phrase"": ""পর্যালোচনার সময় বারবার বদলায় এমন লক্ষ্য বা পরিস্থিতি"", ""example_sentence"": ""শিক্ষার্থীরা উদাহরণে পর্যালোচনার সময় বারবার বদলায় এমন লক্ষ্য বা পরিস্থিতি অনুশীলন করে।""}]",changing goal; shifting situation; unstable objective,fixed target; stable goal; settled objective,B1,"03 - Plans, Decisions & Strategy",The launch date felt like a moving target because the client kept changing the brief.,The বারবার বদলায় এমন লক্ষ্য বা পরিস্থিতি করেছিল।,"project team frustrated by shifting launch date on calendar and updated briefs. Realistic contemporary setting, natural lighting, clear facial expressions, accurate everyday details, documentary photography style.","[""The deadline is a moving target."", ""Costs became a moving target after the storm."", ""The goal feels like a moving target this month.""]"
Idiom,change of pace,/tʃeɪndʒ ʌv peɪs/,CHAYNJ uv PAYS,চেইন্জ আভ পেইস,A shift to something different for variety,বৈচিত্র্যের জন্য ভিন্ন কিছুর দিকে পরিবর্তন,"[{""phrase"": ""change of pace during the project"", ""example_sentence"": ""The team tried to change of pace during the project this week.""}, {""phrase"": ""change of pace in the meeting"", ""example_sentence"": ""She tried to change of pace in the meeting without creating confusion.""}, {""phrase"": ""change of pace before the deadline"", ""example_sentence"": ""They agreed to change of pace before the deadline and report back.""}]","[{""phrase"": ""প্রকল্প চলাকালে বৈচিত্র্যের জন্য ভিন্ন কিছুর দিকে পরিবর্তন"", ""example_sentence"": ""শিক্ষার্থীরা উদাহরণে প্রকল্প চলাকালে বৈচিত্র্যের জন্য ভিন্ন কিছুর দিকে পরিবর্তন অনুশীলন করে।""}, {""phrase"": ""মিটিংয়ে বৈচিত্র্যের জন্য ভিন্ন কিছুর দিকে পরিবর্তন"", ""example_sentence"": ""শিক্ষার্থীরা উদাহরণে মিটিংয়ে বৈচিত্র্যের জন্য ভিন্ন কিছুর দিকে পরিবর্তন অনুশীলন করে।""}, {""phrase"": ""সময়সীমার আগে বৈচিত্র্যের জন্য ভিন্ন কিছুর দিকে পরিবর্তন"", ""example_sentence"": ""শিক্ষার্থীরা উদাহরণে সময়সীমার আগে বৈচিত্র্যের জন্য ভিন্ন কিছুর দিকে পরিবর্তন অনুশীলন করে।""}]",variety; different routine; refreshing shift,same routine; no change; monotony,B1,"08 - Change, Growth, Rules & Control",Working in the garden was a welcome change of pace after a week of office meetings.,Working বৈচিত্র্যের জন্য ভিন্ন কিছুর দিকে পরিবর্তন অবস্থায় ছিল।,"person gardening outdoors after a busy week in the office, relaxed contrast. Realistic contemporary setting, natural lighting, clear facial expressions, accurate everyday details, documentary photography style.","[""The village was a nice change of pace."", ""Gardening is a change of pace for her."", ""After the office, the market felt like a change of pace.""]"
Idiom,build bridges,/bɪld brɪdʒəz/,BILD BRIJ-iz,বিল্ড ব্রিজাজ,To create connections between people or groups,মানুষ বা দলের মধ্যে সম্পর্ক গড়া,"[{""phrase"": ""build bridges between teams"", ""example_sentence"": ""The team tried to build bridges between teams this week.""}, {""phrase"": ""build bridges with partners"", ""example_sentence"": ""She tried to build bridges with partners without creating confusion.""}, {""phrase"": ""build bridges after the conflict"", ""example_sentence"": ""They agreed to build bridges after the conflict and report back.""}]","[{""phrase"": ""between teams মানুষ বা দলের মধ্যে সম্পর্ক গড়া"", ""example_sentence"": ""শিক্ষার্থীরা উদাহরণে between teams মানুষ বা দলের মধ্যে সম্পর্ক গড়া অনুশীলন করে।""}, {""phrase"": ""with partners মানুষ বা দলের মধ্যে সম্পর্ক গড়া"", ""example_sentence"": ""শিক্ষার্থীরা উদাহরণে with partners মানুষ বা দলের মধ্যে সম্পর্ক গড়া অনুশীলন করে।""}, {""phrase"": ""conflict পরে মানুষ বা দলের মধ্যে সম্পর্ক গড়া"", ""example_sentence"": ""শিক্ষার্থীরা উদাহরণে conflict পরে মানুষ বা দলের মধ্যে সম্পর্ক গড়া অনুশীলন করে।""}]",create connections; improve relationships; foster cooperation,burn bridges; damage relationships; divide,A2,"09 - Relationships, Feelings & Daily Life","During the school event, Sara had to build bridges with the new volunteers.","স্কুলের অনুষ্ঠানে, সারাকে নতুন স্বেচ্ছাসেবকদের সঙ্গে মানুষ বা দলের মধ্যে সম্পর্ক গড়া প্রয়োজন হয়েছিল।","teacher or organizer welcoming volunteers and building rapport. Realistic contemporary setting, natural lighting, clear facial expressions, accurate everyday details, documentary photography style.","[""The two teams tried to build bridges after the disagreement."", ""Leo did not want to build bridges with her old coach."", ""A shared lunch helped them build bridges.""]"
Idiom,burn bridges,/bɝn brɪdʒəz/,BURN BRIJ-iz,বারন ব্রিজাজ,To permanently damage a relationship,সম্পর্ক স্থায়ীভাবে নষ্ট করা,"[{""phrase"": ""burn bridges with clients"", ""example_sentence"": ""The team tried to burn bridges with clients this week.""}, {""phrase"": ""burn bridges after leaving"", ""example_sentence"": ""She tried to burn bridges after leaving without creating confusion.""}, {""phrase"": ""burn bridges during a disagreement"", ""example_sentence"": ""They agreed to burn bridges during a disagreement and report back.""}]","[{""phrase"": ""with clients সম্পর্ক স্থায়ীভাবে নষ্ট করা"", ""example_sentence"": ""শিক্ষার্থীরা উদাহরণে with clients সম্পর্ক স্থায়ীভাবে নষ্ট করা অনুশীলন করে।""}, {""phrase"": ""পরে leaving সম্পর্ক স্থায়ীভাবে নষ্ট করা"", ""example_sentence"": ""শিক্ষার্থীরা উদাহরণে পরে leaving সম্পর্ক স্থায়ীভাবে নষ্ট করা অনুশীলন করে।""}, {""phrase"": ""চলাকালে একটি disagreement সম্পর্ক স্থায়ীভাবে নষ্ট করা"", ""example_sentence"": ""শিক্ষার্থীরা উদাহরণে চলাকালে একটি disagreement সম্পর্ক স্থায়ীভাবে নষ্ট করা অনুশীলন করে।""}]",damage relationships; cut ties; destroy goodwill,build bridges; repair ties; preserve relationships,A2,"09 - Relationships, Feelings & Daily Life","After the disagreement, Leo had to burn bridges so they could work well again.",ব্যক্তিটি সম্পর্ক স্থায়ীভাবে নষ্ট করা করেছিল।,"two coworkers talking calmly over coffee to rebuild trust. Realistic contemporary setting, natural lighting, clear facial expressions, accurate everyday details, documentary photography style.","[""The two teams tried to burn bridges after the disagreement."", ""Maya did not want to burn bridges with her old coach."", ""A shared lunch helped them burn bridges.""]"
Idiom,in someone's corner,/ɪn sʌmwʌnz kɔrnɚ/,een SUM-wunz KAWRNER,ইন সাম্ওয়ান্জ কর্নার,Supporting and encouraging someone,কাউকে সমর্থন ও উৎসাহ দেওয়া,"[{""phrase"": ""be in someyour corner"", ""example_sentence"": ""The team wants to be in someyour corner during the project.""}, {""phrase"": ""stay in someyour corner"", ""example_sentence"": ""Good planning helped them stay in someyour corner all week.""}, {""phrase"": ""remain in someyour corner"", ""example_sentence"": ""The company tried to remain in someyour corner after the review.""}]","[{""phrase"": ""থাকা মধ্যে someyour corner কাউকে সমর্থন ও উৎসাহ দেওয়া"", ""example_sentence"": ""শিক্ষার্থীরা উদাহরণে থাকা মধ্যে someyour corner কাউকে সমর্থন ও উৎসাহ দেওয়া অনুশীলন করে।""}, {""phrase"": ""থাকা মধ্যে someyour corner কাউকে সমর্থন ও উৎসাহ দেওয়া"", ""example_sentence"": ""শিক্ষার্থীরা উদাহরণে থাকা মধ্যে someyour corner কাউকে সমর্থন ও উৎসাহ দেওয়া অনুশীলন করে।""}, {""phrase"": ""থাকা মধ্যে someyour corner কাউকে সমর্থন ও উৎসাহ দেওয়া"", ""example_sentence"": ""শিক্ষার্থীরা উদাহরণে থাকা মধ্যে someyour corner কাউকে সমর্থন ও উৎসাহ দেওয়া অনুশীলন করে।""}]",supporting; backing; on someone's side,against someone; opposing; not supportive,B1,"09 - Relationships, Feelings & Daily Life","Between the two departments, the plan was in someone's corner.",Between কাউকে সমর্থন ও উৎসাহ দেওয়া অবস্থায় ছিল।,"representatives from two teams shaking hands over a shared plan. Realistic contemporary setting, natural lighting, clear facial expressions, accurate everyday details, documentary photography style.","[""The situation was in someone's corner."", ""The team stayed in someone's corner."", ""Everyone knew it was in someone's corner.""]"
Idiom,go with the flow,/ɡoʊ wɪð ðə floʊ/,GOH with thuh FLOH,গো উইথ দা ফ্লো,To adapt easily to circumstances,পরিস্থিতির সঙ্গে সহজে মানিয়ে নেওয়া,"[{""phrase"": ""go with the flow at work"", ""example_sentence"": ""The team tried to go with the flow at work this week.""}, {""phrase"": ""go with the flow during travel"", ""example_sentence"": ""She tried to go with the flow during travel without creating confusion.""}, {""phrase"": ""go with the flow when plans change"", ""example_sentence"": ""They agreed to go with the flow when plans change and report back.""}]","[{""phrase"": ""কর্মস্থলে পরিস্থিতির সঙ্গে সহজে মানিয়ে নেওয়া"", ""example_sentence"": ""শিক্ষার্থীরা উদাহরণে কর্মস্থলে পরিস্থিতির সঙ্গে সহজে মানিয়ে নেওয়া অনুশীলন করে।""}, {""phrase"": ""চলাকালে travel পরিস্থিতির সঙ্গে সহজে মানিয়ে নেওয়া"", ""example_sentence"": ""শিক্ষার্থীরা উদাহরণে চলাকালে travel পরিস্থিতির সঙ্গে সহজে মানিয়ে নেওয়া অনুশীলন করে।""}, {""phrase"": ""when plans change পরিস্থিতির সঙ্গে সহজে মানিয়ে নেওয়া"", ""example_sentence"": ""শিক্ষার্থীরা উদাহরণে when plans change পরিস্থিতির সঙ্গে সহজে মানিয়ে নেওয়া অনুশীলন করে।""}]",adapt; accept changes; be flexible,resist; fight the flow; be inflexible,B2,"08 - Change, Growth, Rules & Control","At work, David had to go with the flow.","কর্মক্ষেত্রে, ডেভিডকে পরিস্থিতির সঙ্গে সহজে মানিয়ে নেওয়া প্রয়োজন হয়েছিল।","realistic workplace scene matching the sentence, detailed environment and natural light. Realistic contemporary setting, natural lighting, clear facial expressions, accurate everyday details, documentary photography style.","[""Ivy had to go with the flow before lunch."", ""We decided to go with the flow during the meeting."", ""They want to go with the flow this week.""]"
Idiom,keep the ball rolling,/kip ðə bɔl roʊlɪŋ/,KEEP thuh BAWL ROHL-ing,কিপ দা বল রোলিং,To maintain the momentum of an activity,কাজের গতি বজায় রাখা,"[{""phrase"": ""keep the ball rolling on the project"", ""example_sentence"": ""The team tried to keep the ball rolling on the project this week.""}, {""phrase"": ""keep the ball rolling after the meeting"", ""example_sentence"": ""She tried to keep the ball rolling after the meeting without creating confusion.""}, {""phrase"": ""keep the ball rolling with regular updates"", ""example_sentence"": ""They agreed to keep the ball rolling with regular updates and report back.""}]","[{""phrase"": ""প্রকল্পে কাজের গতি বজায় রাখা"", ""example_sentence"": ""শিক্ষার্থীরা উদাহরণে প্রকল্পে কাজের গতি বজায় রাখা অনুশীলন করে।""}, {""phrase"": ""মিটিংয়ের পরে কাজের গতি বজায় রাখা"", ""example_sentence"": ""শিক্ষার্থীরা উদাহরণে মিটিংয়ের পরে কাজের গতি বজায় রাখা অনুশীলন করে।""}, {""phrase"": ""with regular updates কাজের গতি বজায় রাখা"", ""example_sentence"": ""শিক্ষার্থীরা উদাহরণে with regular updates কাজের গতি বজায় রাখা অনুশীলন করে।""}]",maintain momentum; continue progress; keep things moving,stop progress; lose momentum; stall,B2,"05 - Time, Scheduling & Process","After lunch, Ivy decided to keep the ball rolling with the science project.","দুপুরের খাবারের পর, আইভি বিজ্ঞান প্রকল্পটি কাজের গতি বজায় রাখার সিদ্ধান্ত নিয়েছিল।","school lab with students continuing an experiment, notebooks and simple lab tools on a bench. Realistic contemporary setting, natural lighting, clear facial expressions, accurate everyday details, documentary photography style.","[""Please keep the ball rolling with your reading."", ""The workers keep the ball rolling after the short break."", ""Julia had to keep the ball rolling despite the noise.""]"
Idiom,manage expectations,/mænədʒ ɛkspɛkteɪʃənz/,MANOOHY EKSPEKTAYSHOOHNZ,ম্যানেজ এক্স্পেক্টেইশান্জ,To communicate clearly to avoid disappointment,হতাশা এড়াতে প্রত্যাশা স্পষ্টভাবে জানানো,"[{""phrase"": ""manage expectations with clients"", ""example_sentence"": ""The team tried to manage expectations with clients this week.""}, {""phrase"": ""manage expectations before the launch"", ""example_sentence"": ""She tried to manage expectations before the launch without creating confusion.""}, {""phrase"": ""manage expectations during the project"", ""example_sentence"": ""They agreed to manage expectations during the project and report back.""}]","[{""phrase"": ""with clients হতাশা এড়াতে প্রত্যাশা স্পষ্টভাবে জানানো"", ""example_sentence"": ""শিক্ষার্থীরা উদাহরণে with clients হতাশা এড়াতে প্রত্যাশা স্পষ্টভাবে জানানো অনুশীলন করে।""}, {""phrase"": ""launch আগে হতাশা এড়াতে প্রত্যাশা স্পষ্টভাবে জানানো"", ""example_sentence"": ""শিক্ষার্থীরা উদাহরণে launch আগে হতাশা এড়াতে প্রত্যাশা স্পষ্টভাবে জানানো অনুশীলন করে।""}, {""phrase"": ""প্রকল্প চলাকালে হতাশা এড়াতে প্রত্যাশা স্পষ্টভাবে জানানো"", ""example_sentence"": ""শিক্ষার্থীরা উদাহরণে প্রকল্প চলাকালে হতাশা এড়াতে প্রত্যাশা স্পষ্টভাবে জানানো অনুশীলন করে।""}]",set realistic expectations; communicate limits; avoid disappointment,raise false hopes; mislead; overpromise,A2,01 - Communication & Discussion,"During the project, Ryan had to manage expectations.","প্রকল্প চলাকালে, রায়ানকে হতাশা এড়াতে প্রত্যাশা স্পষ্টভাবে জানানো প্রয়োজন হয়েছিল।","team chat and meeting scene where updates are shared clearly. Realistic contemporary setting, natural lighting, clear facial expressions, accurate everyday details, documentary photography style.","[""Please manage expectations with me after the call."", ""Julia tried to manage expectations before rumors spread."", ""The update helped everyone manage expectations.""]"
Idiom,put two and two together,/pʊt tu ənd tu təɡɛðɚ/,PUT too UND too TOOHGETHER,পুট টু আন্ড টু টাগেদার,To draw an obvious conclusion from evidence,প্রমাণ থেকে স্পষ্ট উপসংহার টানা,"[{""phrase"": ""put two and two together after reading the email"", ""example_sentence"": ""The team tried to put two and two together after reading the email this week.""}, {""phrase"": ""put two and two together during the investigation"", ""example_sentence"": ""She tried to put two and two together during the investigation without creating confusion.""}, {""phrase"": ""put two and two together from the clues"", ""example_sentence"": ""They agreed to put two and two together from the clues and report back.""}]","[{""phrase"": ""পরে reading ইমেইল প্রমাণ থেকে স্পষ্ট উপসংহার টানা"", ""example_sentence"": ""শিক্ষার্থীরা উদাহরণে পরে reading ইমেইল প্রমাণ থেকে স্পষ্ট উপসংহার টানা অনুশীলন করে।""}, {""phrase"": ""investigation চলাকালে প্রমাণ থেকে স্পষ্ট উপসংহার টানা"", ""example_sentence"": ""শিক্ষার্থীরা উদাহরণে investigation চলাকালে প্রমাণ থেকে স্পষ্ট উপসংহার টানা অনুশীলন করে।""}, {""phrase"": ""from clues প্রমাণ থেকে স্পষ্ট উপসংহার টানা"", ""example_sentence"": ""শিক্ষার্থীরা উদাহরণে from clues প্রমাণ থেকে স্পষ্ট উপসংহার টানা অনুশীলন করে।""}]",infer; draw a conclusion; connect clues,miss the clues; fail to understand,C1,"02 - Thinking, Learning & Understanding","When the lights went out right after the storm warning, Julia put two and two together and moved everyone inside.",ব্যক্তিটি প্রমাণ থেকে স্পষ্ট উপসংহার টানা করেছিল।,"School or community event with people reacting as lights go out after a storm warning, one woman drawing the obvious conclusion, realistic dramatic scene.","[""After seeing the wet floor and the broken pipe, we put two and two together."", ""She put two and two together when both files had the same password."", ""It did not take long for him to put two and two together.""]"
Idiom,the writing is on the wall,/ðə raɪtɪŋ ɪz ɑn ðə wɔl/,thuh REYETING EEZ on thuh WAWL,দা রাইটিং ইজ অন দা ওয়ল,The signs clearly indicate an inevitable outcome,লক্ষণগুলো অনিবার্য ফলাফল স্পষ্টভাবে দেখায়,"[{""phrase"": ""the writing is on the wall for the team"", ""example_sentence"": ""That decision became the writing is on the wall for the team after the results came in.""}, {""phrase"": ""the writing is on the wall in the project"", ""example_sentence"": ""Everyone could see the writing is on the wall in the project by the end of the week.""}, {""phrase"": ""the writing is on the wall during the review"", ""example_sentence"": ""The feedback showed the writing is on the wall during the review and helped us improve.""}]","[{""phrase"": ""দলের জন্য লক্ষণগুলো অনিবার্য ফলাফল স্পষ্টভাবে দেখায়"", ""example_sentence"": ""শিক্ষার্থীরা উদাহরণে দলের জন্য লক্ষণগুলো অনিবার্য ফলাফল স্পষ্টভাবে দেখায় অনুশীলন করে।""}, {""phrase"": ""প্রকল্পে লক্ষণগুলো অনিবার্য ফলাফল স্পষ্টভাবে দেখায়"", ""example_sentence"": ""শিক্ষার্থীরা উদাহরণে প্রকল্পে লক্ষণগুলো অনিবার্য ফলাফল স্পষ্টভাবে দেখায় অনুশীলন করে।""}, {""phrase"": ""পর্যালোচনার সময় লক্ষণগুলো অনিবার্য ফলাফল স্পষ্টভাবে দেখায়"", ""example_sentence"": ""শিক্ষার্থীরা উদাহরণে পর্যালোচনার সময় লক্ষণগুলো অনিবার্য ফলাফল স্পষ্টভাবে দেখায় অনুশীলন করে।""}]",clear signs; obvious warning; inevitable outcome,no warning signs; uncertain outcome; unclear future,C1,"02 - Thinking, Learning & Understanding",The writing is on the wall was important in the situation.,The লক্ষণগুলো অনিবার্য ফলাফল স্পষ্টভাবে দেখায় অবস্থায় ছিল।,"realistic daily-life scene matching the sentence, natural lighting, candid photography. Realistic contemporary setting, natural lighting, clear facial expressions, accurate everyday details, documentary photography style.","[""The writing is on the wall matters here."", ""The writing is on the wall can guide the choice."", ""This case shows the writing is on the wall.""]"
Idiom,there is no silver bullet,/ðɛr ɪz noʊ sɪlvɚ bʊlət/,THER EEZ NOH SEELVER BUL-it,দের ইজ নো সিল্ভার বুলাট,No single simple solution exists for a complex problem,জটিল সমস্যার একক সহজ সমাধান নেই,"[{""phrase"": ""there is no silver bullet for the team"", ""example_sentence"": ""That decision became there is no silver bullet for the team after the results came in.""}, {""phrase"": ""there is no silver bullet in the project"", ""example_sentence"": ""Everyone could see there is no silver bullet in the project by the end of the week.""}, {""phrase"": ""there is no silver bullet during the review"", ""example_sentence"": ""The feedback showed there is no silver bullet during the review and helped us improve.""}]","[{""phrase"": ""দলের জন্য জটিল সমস্যার একক সহজ সমাধান নেই"", ""example_sentence"": ""শিক্ষার্থীরা উদাহরণে দলের জন্য জটিল সমস্যার একক সহজ সমাধান নেই অনুশীলন করে।""}, {""phrase"": ""প্রকল্পে জটিল সমস্যার একক সহজ সমাধান নেই"", ""example_sentence"": ""শিক্ষার্থীরা উদাহরণে প্রকল্পে জটিল সমস্যার একক সহজ সমাধান নেই অনুশীলন করে।""}, {""phrase"": ""পর্যালোচনার সময় জটিল সমস্যার একক সহজ সমাধান নেই"", ""example_sentence"": ""শিক্ষার্থীরা উদাহরণে পর্যালোচনার সময় জটিল সমস্যার একক সহজ সমাধান নেই অনুশীলন করে।""}]",no easy fix; no single solution; complex problem,simple fix; easy answer; one-size-fits-all solution,C1,"07 - Problems, Difficulty & Risk",There is no silver bullet was important in the situation.,There জটিল সমস্যার একক সহজ সমাধান নেই অবস্থায় ছিল।,"small team working under visible time pressure with wall clock and papers. Realistic contemporary setting, natural lighting, clear facial expressions, accurate everyday details, documentary photography style.","[""There is no silver bullet matters here."", ""There is no silver bullet can guide the choice."", ""This case shows there is no silver bullet.""]"
Idiom,align the stars,/əlaɪn ðə stɑrz/,uh-LYN thuh STAHRZ,আলাইন দা স্টার্জ,To arrange favorable conditions for something,অনুকূল পরিস্থিতি তৈরি করা,"[{""phrase"": ""align the stars for the launch"", ""example_sentence"": ""The team tried to align the stars for the launch this week.""}, {""phrase"": ""align the stars before the event"", ""example_sentence"": ""She tried to align the stars before the event without creating confusion.""}, {""phrase"": ""align the stars with careful planning"", ""example_sentence"": ""They agreed to align the stars with careful planning and report back.""}]","[{""phrase"": ""launch জন্য অনুকূল পরিস্থিতি তৈরি করা"", ""example_sentence"": ""শিক্ষার্থীরা উদাহরণে launch জন্য অনুকূল পরিস্থিতি তৈরি করা অনুশীলন করে।""}, {""phrase"": ""ঘটনা আগে অনুকূল পরিস্থিতি তৈরি করা"", ""example_sentence"": ""শিক্ষার্থীরা উদাহরণে ঘটনা আগে অনুকূল পরিস্থিতি তৈরি করা অনুশীলন করে।""}, {""phrase"": ""with careful planning অনুকূল পরিস্থিতি তৈরি করা"", ""example_sentence"": ""শিক্ষার্থীরা উদাহরণে with careful planning অনুকূল পরিস্থিতি তৈরি করা অনুশীলন করে।""}]",create favorable conditions; arrange success; make things line up,create obstacles; misalign conditions; block success,B1,"03 - Plans, Decisions & Strategy","In the hall, Jonah decided to align the stars the chairs in a straight line.","হলে, জোনাহ চেয়ারগুলো সোজা লাইনে অনুকূল পরিস্থিতি তৈরি করার সিদ্ধান্ত নিয়েছিল।","community hall with chairs being arranged neatly before an event. Realistic contemporary setting, natural lighting, clear facial expressions, accurate everyday details, documentary photography style.","[""Leila helped to align the stars the chairs before class."", ""We should align the stars the ideas more clearly."", ""The manager asked them to align the stars the files on the desk.""]"
Idiom,put one's cards on the table,/pʊt wʌnz kɑrdz ɑn ðə teɪbəl/,PUT wunz KAHRDZ on thuh TAY-bul,পুট ওয়ান্জ কার্ডজ অন দা টেইবাল,To be fully transparent about intentions,উদ্দেশ্য সম্পর্কে সম্পূর্ণ খোলামেলা হওয়া,"[{""phrase"": ""put your cards on the table in the meeting"", ""example_sentence"": ""The team tried to put your cards on the table in the meeting this week.""}, {""phrase"": ""put your cards on the table before the deal"", ""example_sentence"": ""She tried to put your cards on the table before the deal without creating confusion.""}, {""phrase"": ""put your cards on the table with the team"", ""example_sentence"": ""They agreed to put your cards on the table with the team and report back.""}]","[{""phrase"": ""put আপনার cards উপর table মধ্যে মিটিং উদ্দেশ্য সম্পর্কে সম্পূর্ণ খোলামেলা হওয়া"", ""example_sentence"": ""শিক্ষার্থীরা উদাহরণে put আপনার cards উপর table মধ্যে মিটিং উদ্দেশ্য সম্পর্কে সম্পূর্ণ খোলামেলা হওয়া অনুশীলন করে।""}, {""phrase"": ""put আপনার cards উপর table আগে deal উদ্দেশ্য সম্পর্কে সম্পূর্ণ খোলামেলা হওয়া"", ""example_sentence"": ""শিক্ষার্থীরা উদাহরণে put আপনার cards উপর table আগে deal উদ্দেশ্য সম্পর্কে সম্পূর্ণ খোলামেলা হওয়া অনুশীলন করে।""}, {""phrase"": ""put আপনার cards উপর table with দল উদ্দেশ্য সম্পর্কে সম্পূর্ণ খোলামেলা হওয়া"", ""example_sentence"": ""শিক্ষার্থীরা উদাহরণে put আপনার cards উপর table with দল উদ্দেশ্য সম্পর্কে সম্পূর্ণ খোলামেলা হওয়া অনুশীলন করে।""}]",be transparent; be honest; reveal intentions,hide intentions; keep secrets; bluff,C1,01 - Communication & Discussion,"At the start of the salary talks, both sides put their cards on the table about what they needed.","শুরুতে, the উদ্দেশ্য সম্পর্কে সম্পূর্ণ খোলামেলা হওয়া করেছিল।","realistic daily-life scene matching the sentence, natural lighting, candid photography. Realistic contemporary setting, natural lighting, clear facial expressions, accurate everyday details, documentary photography style.","[""Victor had to put their cards on the table before lunch."", ""We decided to put their cards on the table during the meeting."", ""They want to put their cards on the table this week.""]"
Idiom,win-win,/wɪn wɪn/,WIN WIN,ওয়িন ওয়িন,A situation where everyone involved benefits,যেখানে সংশ্লিষ্ট সবাই লাভবান হয়,"[{""phrase"": ""win-win for the team"", ""example_sentence"": ""That decision became win-win for the team after the results came in.""}, {""phrase"": ""win-win in the project"", ""example_sentence"": ""Everyone could see win-win in the project by the end of the week.""}, {""phrase"": ""win-win during the review"", ""example_sentence"": ""The feedback showed win-win during the review and helped us improve.""}]","[{""phrase"": ""দলের জন্য যেখানে সংশ্লিষ্ট সবাই লাভবান হয়"", ""example_sentence"": ""শিক্ষার্থীরা উদাহরণে দলের জন্য যেখানে সংশ্লিষ্ট সবাই লাভবান হয় অনুশীলন করে।""}, {""phrase"": ""প্রকল্পে যেখানে সংশ্লিষ্ট সবাই লাভবান হয়"", ""example_sentence"": ""শিক্ষার্থীরা উদাহরণে প্রকল্পে যেখানে সংশ্লিষ্ট সবাই লাভবান হয় অনুশীলন করে।""}, {""phrase"": ""পর্যালোচনার সময় যেখানে সংশ্লিষ্ট সবাই লাভবান হয়"", ""example_sentence"": ""শিক্ষার্থীরা উদাহরণে পর্যালোচনার সময় যেখানে সংশ্লিষ্ট সবাই লাভবান হয় অনুশীলন করে।""}]",mutual benefit; everyone gains; shared success,zero-sum game; win-lose; one-sided benefit,A2,"09 - Relationships, Feelings & Daily Life",Sharing the delivery van was a win-win for both small businesses.,Sharing যেখানে সংশ্লিষ্ট সবাই লাভবান হয় অবস্থায় ছিল।,"two local business owners smiling beside a shared delivery van, mutual benefit clear. Realistic contemporary setting, natural lighting, clear facial expressions, accurate everyday details, documentary photography style.","[""The shared bus is a win-win for both schools."", ""It was a win-win for workers and customers."", ""The deal sounds like a win-win.""]"
Idiom,a deal-breaker,/ə dil breɪkɚ/,uh DEEL BRAYKER,আ ডিল ব্রেইকার,A factor that prevents agreement,সমঝোতা ঠেকায় এমন বিষয়,"[{""phrase"": ""a deal-breaker for the team"", ""example_sentence"": ""That decision became a deal-breaker for the team after the results came in.""}, {""phrase"": ""a deal-breaker in the project"", ""example_sentence"": ""Everyone could see a deal-breaker in the project by the end of the week.""}, {""phrase"": ""a deal-breaker during the review"", ""example_sentence"": ""The feedback showed a deal-breaker during the review and helped us improve.""}]","[{""phrase"": ""দলের জন্য সমঝোতা ঠেকায় এমন বিষয়"", ""example_sentence"": ""শিক্ষার্থীরা উদাহরণে দলের জন্য সমঝোতা ঠেকায় এমন বিষয় অনুশীলন করে।""}, {""phrase"": ""প্রকল্পে সমঝোতা ঠেকায় এমন বিষয়"", ""example_sentence"": ""শিক্ষার্থীরা উদাহরণে প্রকল্পে সমঝোতা ঠেকায় এমন বিষয় অনুশীলন করে।""}, {""phrase"": ""পর্যালোচনার সময় সমঝোতা ঠেকায় এমন বিষয়"", ""example_sentence"": ""শিক্ষার্থীরা উদাহরণে পর্যালোচনার সময় সমঝোতা ঠেকায় এমন বিষয় অনুশীলন করে।""}]",showstopper; unacceptable condition; blocking issue,deal-maker; acceptable point; helpful factor,A2,"03 - Plans, Decisions & Strategy","Weekend work was a deal-breaker for the designer, so she declined the offer.",Weekend সমঝোতা ঠেকায় এমন বিষয় অবস্থায় ছিল।,"job candidate reviewing contract terms and rejecting weekend work requirement. Realistic contemporary setting, natural lighting, clear facial expressions, accurate everyday details, documentary photography style.","[""Late pay is a deal-breaker for me."", ""Noise at night was a deal-breaker for the tenants."", ""Weekend work became a deal-breaker.""]"
Idiom,do one's due diligence,/du wʌnz du dɪlədʒəns/,DOO wunz DOO DEELOOHYOOHNS,ডু ওয়ান্জ ডু ডিলিজেন্স,To thoroughly research before making a decision,সিদ্ধান্তের আগে ভালোভাবে গবেষণা করা,"[{""phrase"": ""do your due diligence before investing"", ""example_sentence"": ""The team tried to do your due diligence before investing this week.""}, {""phrase"": ""do your due diligence on the supplier"", ""example_sentence"": ""She tried to do your due diligence on the supplier without creating confusion.""}, {""phrase"": ""do your due diligence during the review"", ""example_sentence"": ""They agreed to do your due diligence during the review and report back.""}]","[{""phrase"": ""do আপনার due diligence আগে investing সিদ্ধান্তের আগে ভালোভাবে গবেষণা করা"", ""example_sentence"": ""শিক্ষার্থীরা উদাহরণে do আপনার due diligence আগে investing সিদ্ধান্তের আগে ভালোভাবে গবেষণা করা অনুশীলন করে।""}, {""phrase"": ""do আপনার due diligence উপর supplier সিদ্ধান্তের আগে ভালোভাবে গবেষণা করা"", ""example_sentence"": ""শিক্ষার্থীরা উদাহরণে do আপনার due diligence উপর supplier সিদ্ধান্তের আগে ভালোভাবে গবেষণা করা অনুশীলন করে।""}, {""phrase"": ""do আপনার due diligence চলাকালে review সিদ্ধান্তের আগে ভালোভাবে গবেষণা করা"", ""example_sentence"": ""শিক্ষার্থীরা উদাহরণে do আপনার due diligence চলাকালে review সিদ্ধান্তের আগে ভালোভাবে গবেষণা করা অনুশীলন করে।""}]",research thoroughly; check carefully; investigate properly,decide carelessly; skip research; accept blindly,B2,"02 - Thinking, Learning & Understanding","Before buying the small shop, the investors did their due diligence and checked every record.",ব্যক্তিটি সিদ্ধান্তের আগে ভালোভাবে গবেষণা করা করেছিল।,"office desk with computer, stopped printer, young professional thinking and checking documents. Realistic contemporary setting, natural lighting, clear facial expressions, accurate everyday details, documentary photography style.","[""Nina tried to do their due diligence the last question alone."", ""We need to do their due diligence why the app keeps freezing."", ""Adam could not do their due diligence the map until sunset.""]"
Idiom,stay in one's lane,/steɪ ɪn wʌnz leɪn/,STAY een wunz LAYN,স্টেই ইন ওয়ান্জ লেন,To focus on one's own area of responsibility,নিজের দায়িত্বের ক্ষেত্রেই মনোযোগ রাখা,"[{""phrase"": ""stay in your lane at work"", ""example_sentence"": ""The team tried to stay in your lane at work this week.""}, {""phrase"": ""stay in your lane during the project"", ""example_sentence"": ""She tried to stay in your lane during the project without creating confusion.""}, {""phrase"": ""stay in your lane when roles are clear"", ""example_sentence"": ""They agreed to stay in your lane when roles are clear and report back.""}]","[{""phrase"": ""থাকা মধ্যে আপনার lane at কাজ নিজের দায়িত্বের ক্ষেত্রেই মনোযোগ রাখা"", ""example_sentence"": ""শিক্ষার্থীরা উদাহরণে থাকা মধ্যে আপনার lane at কাজ নিজের দায়িত্বের ক্ষেত্রেই মনোযোগ রাখা অনুশীলন করে।""}, {""phrase"": ""থাকা মধ্যে আপনার lane চলাকালে প্রকল্প নিজের দায়িত্বের ক্ষেত্রেই মনোযোগ রাখা"", ""example_sentence"": ""শিক্ষার্থীরা উদাহরণে থাকা মধ্যে আপনার lane চলাকালে প্রকল্প নিজের দায়িত্বের ক্ষেত্রেই মনোযোগ রাখা অনুশীলন করে।""}, {""phrase"": ""থাকা মধ্যে আপনার lane when roles are clear নিজের দায়িত্বের ক্ষেত্রেই মনোযোগ রাখা"", ""example_sentence"": ""শিক্ষার্থীরা উদাহরণে থাকা মধ্যে আপনার lane when roles are clear নিজের দায়িত্বের ক্ষেত্রেই মনোযোগ রাখা অনুশীলন করে।""}]",focus on your role; keep to your responsibilities,overstep; interfere; go outside your role,B2,"04 - Work, Responsibility & Productivity","During the emergency drill, each worker stayed in their lane and followed their assigned role.",ব্যক্তিটি নিজের দায়িত্বের ক্ষেত্রেই মনোযোগ রাখা করেছিল।,"new employee arriving energetic and immediately starting tasks at a desk. Realistic contemporary setting, natural lighting, clear facial expressions, accurate everyday details, documentary photography style.","[""Adam was ready to stay in their lane on day one."", ""The volunteers stay in their lane when the event got busy."", ""If everyone stay in their lane, we can finish today.""]"
Idiom,thought leader,/θɔt lidɚ/,THAWT LEEDER,থট লিডার,A recognized expert who influences others' thinking,স্বীকৃত বিশেষজ্ঞ যিনি অন্যদের চিন্তা প্রভাবিত করেন,"[{""phrase"": ""thought leader for the team"", ""example_sentence"": ""That decision became thought leader for the team after the results came in.""}, {""phrase"": ""thought leader in the project"", ""example_sentence"": ""Everyone could see thought leader in the project by the end of the week.""}, {""phrase"": ""thought leader during the review"", ""example_sentence"": ""The feedback showed thought leader during the review and helped us improve.""}]","[{""phrase"": ""দলের জন্য স্বীকৃত বিশেষজ্ঞ যিনি অন্যদের চিন্তা প্রভাবিত করেন"", ""example_sentence"": ""শিক্ষার্থীরা উদাহরণে দলের জন্য স্বীকৃত বিশেষজ্ঞ যিনি অন্যদের চিন্তা প্রভাবিত করেন অনুশীলন করে।""}, {""phrase"": ""প্রকল্পে স্বীকৃত বিশেষজ্ঞ যিনি অন্যদের চিন্তা প্রভাবিত করেন"", ""example_sentence"": ""শিক্ষার্থীরা উদাহরণে প্রকল্পে স্বীকৃত বিশেষজ্ঞ যিনি অন্যদের চিন্তা প্রভাবিত করেন অনুশীলন করে।""}, {""phrase"": ""পর্যালোচনার সময় স্বীকৃত বিশেষজ্ঞ যিনি অন্যদের চিন্তা প্রভাবিত করেন"", ""example_sentence"": ""শিক্ষার্থীরা উদাহরণে পর্যালোচনার সময় স্বীকৃত বিশেষজ্ঞ যিনি অন্যদের চিন্তা প্রভাবিত করেন অনুশীলন করে।""}]",influential expert; leading thinker; authority,follower; novice; unknown voice,A2,"02 - Thinking, Learning & Understanding","After years of useful research, Dr. Malik became a thought leader in clean water design.",ব্যক্তিটি স্বীকৃত বিশেষজ্ঞ যিনি অন্যদের চিন্তা প্রভাবিত করেন করেছিল।,"respected researcher presenting clean water ideas at a conference, audience engaged. Realistic contemporary setting, natural lighting, clear facial expressions, accurate everyday details, documentary photography style.","[""She is a thought leader in urban design."", ""The professor became a thought leader on water safety."", ""People see him as a thought leader in the field.""]"
Idiom,at the forefront,/æt ðə fɔrfrʌnt/,at thuh FAWRFROOHNT,অ্যাট দা ফরফ্রন্ট,At the leading edge of a field or movement,কোনো ক্ষেত্র বা আন্দোলনের সামনের সারিতে,"[{""phrase"": ""be at the forefront"", ""example_sentence"": ""The team wants to be at the forefront during the project.""}, {""phrase"": ""stay at the forefront"", ""example_sentence"": ""Good planning helped them stay at the forefront all week.""}, {""phrase"": ""remain at the forefront"", ""example_sentence"": ""The company tried to remain at the forefront after the review.""}]","[{""phrase"": ""কোনো ক্ষেত্র বা আন্দোলনের সামনের সারিতে"", ""example_sentence"": ""শিক্ষার্থীরা উদাহরণে কোনো ক্ষেত্র বা আন্দোলনের সামনের সারিতে অনুশীলন করে।""}, {""phrase"": ""কোনো ক্ষেত্র বা আন্দোলনের সামনের সারিতে"", ""example_sentence"": ""শিক্ষার্থীরা উদাহরণে কোনো ক্ষেত্র বা আন্দোলনের সামনের সারিতে অনুশীলন করে।""}, {""phrase"": ""কোনো ক্ষেত্র বা আন্দোলনের সামনের সারিতে"", ""example_sentence"": ""শিক্ষার্থীরা উদাহরণে কোনো ক্ষেত্র বা আন্দোলনের সামনের সারিতে অনুশীলন করে।""}]",leading edge; front line; vanguard,background; sidelines; rear,B1,"06 - Progress, Success & Results",The lab is at the forefront of battery research in the region.,The কোনো ক্ষেত্র বা আন্দোলনের সামনের সারিতে অবস্থায় ছিল।,"advanced research lab with scientists working on battery prototypes and test equipment. Realistic contemporary setting, natural lighting, clear facial expressions, accurate everyday details, documentary photography style.","[""The lab is at the forefront of vaccine research."", ""She works at the forefront of clean energy."", ""Our city is at the forefront of bike design.""]"
Idiom,actionable insight,/ækʃənəbəl ɪnsaɪt/,AKSHOOHNOOHBOOHL EENSEYET,অ্যাক্শানাবাল ইন্সাইট,Information that can be directly used to take action,যে তথ্য সরাসরি পদক্ষেপ নিতে ব্যবহার করা যায়,"[{""phrase"": ""actionable insight for the team"", ""example_sentence"": ""That decision became actionable insight for the team after the results came in.""}, {""phrase"": ""actionable insight in the project"", ""example_sentence"": ""Everyone could see actionable insight in the project by the end of the week.""}, {""phrase"": ""actionable insight during the review"", ""example_sentence"": ""The feedback showed actionable insight during the review and helped us improve.""}]","[{""phrase"": ""দলের জন্য যে তথ্য সরাসরি পদক্ষেপ নিতে ব্যবহার করা যায়"", ""example_sentence"": ""শিক্ষার্থীরা উদাহরণে দলের জন্য যে তথ্য সরাসরি পদক্ষেপ নিতে ব্যবহার করা যায় অনুশীলন করে।""}, {""phrase"": ""প্রকল্পে যে তথ্য সরাসরি পদক্ষেপ নিতে ব্যবহার করা যায়"", ""example_sentence"": ""শিক্ষার্থীরা উদাহরণে প্রকল্পে যে তথ্য সরাসরি পদক্ষেপ নিতে ব্যবহার করা যায় অনুশীলন করে।""}, {""phrase"": ""পর্যালোচনার সময় যে তথ্য সরাসরি পদক্ষেপ নিতে ব্যবহার করা যায়"", ""example_sentence"": ""শিক্ষার্থীরা উদাহরণে পর্যালোচনার সময় যে তথ্য সরাসরি পদক্ষেপ নিতে ব্যবহার করা যায় অনুশীলন করে।""}]",usable information; practical finding; clear takeaway,irrelevant data; vague observation; unusable information,A2,"02 - Thinking, Learning & Understanding",The customer survey gave the store manager one actionable insight about faster checkout lines.,The যে তথ্য সরাসরি পদক্ষেপ নিতে ব্যবহার করা যায় করেছিল।,"store manager reviewing survey charts and noting a practical improvement for checkout. Realistic contemporary setting, natural lighting, clear facial expressions, accurate everyday details, documentary photography style.","[""The survey gave us one actionable insight."", ""Her report offered actionable insight on delays."", ""Good data can lead to actionable insight.""]"
Idiom,deep dive,/dip daɪv/,DEEP DEYEV,ডিপ ডাইভ,A thorough and detailed analysis of a topic,কোনো বিষয়ের গভীর ও বিস্তারিত বিশ্লেষণ,"[{""phrase"": ""deep dive for the team"", ""example_sentence"": ""That decision became deep dive for the team after the results came in.""}, {""phrase"": ""deep dive in the project"", ""example_sentence"": ""Everyone could see deep dive in the project by the end of the week.""}, {""phrase"": ""deep dive during the review"", ""example_sentence"": ""The feedback showed deep dive during the review and helped us improve.""}]","[{""phrase"": ""দলের জন্য কোনো বিষয়ের গভীর ও বিস্তারিত বিশ্লেষণ"", ""example_sentence"": ""শিক্ষার্থীরা উদাহরণে দলের জন্য কোনো বিষয়ের গভীর ও বিস্তারিত বিশ্লেষণ অনুশীলন করে।""}, {""phrase"": ""প্রকল্পে কোনো বিষয়ের গভীর ও বিস্তারিত বিশ্লেষণ"", ""example_sentence"": ""শিক্ষার্থীরা উদাহরণে প্রকল্পে কোনো বিষয়ের গভীর ও বিস্তারিত বিশ্লেষণ অনুশীলন করে।""}, {""phrase"": ""পর্যালোচনার সময় কোনো বিষয়ের গভীর ও বিস্তারিত বিশ্লেষণ"", ""example_sentence"": ""শিক্ষার্থীরা উদাহরণে পর্যালোচনার সময় কোনো বিষয়ের গভীর ও বিস্তারিত বিশ্লেষণ অনুশীলন করে।""}]",thorough analysis; detailed review; close study,surface overview; quick skim; shallow look,A2,"02 - Thinking, Learning & Understanding","On Friday afternoon, the team scheduled a deep dive into the drop in online sales.",ব্যক্তিটি কোনো বিষয়ের গভীর ও বিস্তারিত বিশ্লেষণ করেছিল।,"office team planning a detailed analysis session on declining online sales, charts visible. Realistic contemporary setting, natural lighting, clear facial expressions, accurate everyday details, documentary photography style.","[""The team plans a deep dive on customer feedback."", ""We did a deep dive into the sales drop."", ""Tomorrow's workshop is a deep dive on budgeting.""]"
Idiom,a game changer,/ə ɡeɪm tʃeɪndʒɚ/,uh GAYM CHAYNYER,আ গেইম চেইন্জার,Something that fundamentally alters a situation,পরিস্থিতি মৌলিকভাবে বদলে দেয় এমন কিছু,"[{""phrase"": ""a game changer for the team"", ""example_sentence"": ""That decision became a game changer for the team after the results came in.""}, {""phrase"": ""a game changer in the project"", ""example_sentence"": ""Everyone could see a game changer in the project by the end of the week.""}, {""phrase"": ""a game changer during the review"", ""example_sentence"": ""The feedback showed a game changer during the review and helped us improve.""}]","[{""phrase"": ""দলের জন্য পরিস্থিতি মৌলিকভাবে বদলে দেয় এমন কিছু"", ""example_sentence"": ""শিক্ষার্থীরা উদাহরণে দলের জন্য পরিস্থিতি মৌলিকভাবে বদলে দেয় এমন কিছু অনুশীলন করে।""}, {""phrase"": ""প্রকল্পে পরিস্থিতি মৌলিকভাবে বদলে দেয় এমন কিছু"", ""example_sentence"": ""শিক্ষার্থীরা উদাহরণে প্রকল্পে পরিস্থিতি মৌলিকভাবে বদলে দেয় এমন কিছু অনুশীলন করে।""}, {""phrase"": ""পর্যালোচনার সময় পরিস্থিতি মৌলিকভাবে বদলে দেয় এমন কিছু"", ""example_sentence"": ""শিক্ষার্থীরা উদাহরণে পর্যালোচনার সময় পরিস্থিতি মৌলিকভাবে বদলে দেয় এমন কিছু অনুশীলন করে।""}]",major change; transformative factor; breakthrough,minor change; small detail; insignificant factor,B1,"08 - Change, Growth, Rules & Control",The low-cost water filter was a game changer for families in the village.,The পরিস্থিতি মৌলিকভাবে বদলে দেয় এমন কিছু অবস্থায় ছিল।,"village family using a new affordable water filter that clearly improves daily life. Realistic contemporary setting, natural lighting, clear facial expressions, accurate everyday details, documentary photography style.","[""The new bus route is a game changer."", ""Cheap solar power was a game changer for the village."", ""This update could be a game changer.""]"
Idiom,a litmus test,/ə lɪtməs tɛst/,uh LEETMOOHS TEST,আ লিটমাস টেস্ট,A critical test to determine something's true nature,কোনো কিছুর প্রকৃতি বোঝার গুরুত্বপূর্ণ পরীক্ষা,"[{""phrase"": ""a litmus test for the team"", ""example_sentence"": ""That decision became a litmus test for the team after the results came in.""}, {""phrase"": ""a litmus test in the project"", ""example_sentence"": ""Everyone could see a litmus test in the project by the end of the week.""}, {""phrase"": ""a litmus test during the review"", ""example_sentence"": ""The feedback showed a litmus test during the review and helped us improve.""}]","[{""phrase"": ""দলের জন্য কোনো কিছুর প্রকৃতি বোঝার গুরুত্বপূর্ণ পরীক্ষা"", ""example_sentence"": ""শিক্ষার্থীরা উদাহরণে দলের জন্য কোনো কিছুর প্রকৃতি বোঝার গুরুত্বপূর্ণ পরীক্ষা অনুশীলন করে।""}, {""phrase"": ""প্রকল্পে কোনো কিছুর প্রকৃতি বোঝার গুরুত্বপূর্ণ পরীক্ষা"", ""example_sentence"": ""শিক্ষার্থীরা উদাহরণে প্রকল্পে কোনো কিছুর প্রকৃতি বোঝার গুরুত্বপূর্ণ পরীক্ষা অনুশীলন করে।""}, {""phrase"": ""পর্যালোচনার সময় কোনো কিছুর প্রকৃতি বোঝার গুরুত্বপূর্ণ পরীক্ষা"", ""example_sentence"": ""শিক্ষার্থীরা উদাহরণে পর্যালোচনার সময় কোনো কিছুর প্রকৃতি বোঝার গুরুত্বপূর্ণ পরীক্ষা অনুশীলন করে।""}]",critical test; clear indicator; decisive measure,irrelevant test; weak indicator; inconclusive check,B1,"02 - Thinking, Learning & Understanding",The first month of customer reviews will be a litmus test for the new delivery app.,The কোনো কিছুর প্রকৃতি বোঝার গুরুত্বপূর্ণ পরীক্ষা করেছিল।,"startup team watching early customer reviews on screens to judge true app performance. Realistic contemporary setting, natural lighting, clear facial expressions, accurate everyday details, documentary photography style.","[""This week will be a litmus test."", ""Customer trust is the litmus test for the brand."", ""The first lesson was a litmus test for the course.""]"
Idiom,ground-breaking,/ɡraʊnd breɪkɪŋ/,GROUND BRAYKING,গ্রাউন্ড ব্রেইকিং,Innovative and pioneering in a significant way,গুরুত্বপূর্ণভাবে নতুনত্বপূর্ণ ও পথপ্রদর্শক,"[{""phrase"": ""ground-breaking during the project"", ""example_sentence"": ""The team tried to ground-breaking during the project this week.""}, {""phrase"": ""ground-breaking in the meeting"", ""example_sentence"": ""She tried to ground-breaking in the meeting without creating confusion.""}, {""phrase"": ""ground-breaking before the deadline"", ""example_sentence"": ""They agreed to ground-breaking before the deadline and report back.""}]","[{""phrase"": ""প্রকল্প চলাকালে গুরুত্বপূর্ণভাবে নতুনত্বপূর্ণ ও পথপ্রদর্শক"", ""example_sentence"": ""শিক্ষার্থীরা উদাহরণে প্রকল্প চলাকালে গুরুত্বপূর্ণভাবে নতুনত্বপূর্ণ ও পথপ্রদর্শক অনুশীলন করে।""}, {""phrase"": ""মিটিংয়ে গুরুত্বপূর্ণভাবে নতুনত্বপূর্ণ ও পথপ্রদর্শক"", ""example_sentence"": ""শিক্ষার্থীরা উদাহরণে মিটিংয়ে গুরুত্বপূর্ণভাবে নতুনত্বপূর্ণ ও পথপ্রদর্শক অনুশীলন করে।""}, {""phrase"": ""সময়সীমার আগে গুরুত্বপূর্ণভাবে নতুনত্বপূর্ণ ও পথপ্রদর্শক"", ""example_sentence"": ""শিক্ষার্থীরা উদাহরণে সময়সীমার আগে গুরুত্বপূর্ণভাবে নতুনত্বপূর্ণ ও পথপ্রদর্শক অনুশীলন করে।""}]",innovative; pioneering; revolutionary,ordinary; conventional; unoriginal,A2,"06 - Progress, Success & Results",Ground-breaking was important in the situation.,Ground-breaking গুরুত্বপূর্ণভাবে নতুনত্বপূর্ণ ও পথপ্রদর্শক অবস্থায় ছিল।,"startup team rethinking product direction around screens and notes. Realistic contemporary setting, natural lighting, clear facial expressions, accurate everyday details, documentary photography style.","[""Ground-breaking matters here."", ""Ground-breaking can guide the choice."", ""This case shows ground-breaking.""]"
Idiom,hit the ground running,/hɪt ðə ɡraʊnd rʌnɪŋ/,HIT thuh GROUND RUN-ing,হিট দা গ্রাউন্ড রানিং,To begin something immediately with great energy,উদ্যম ও দক্ষতার সঙ্গে শুরু করা,"[{""phrase"": ""hit the ground running on day one"", ""example_sentence"": ""The team tried to hit the ground running on day one this week.""}, {""phrase"": ""hit the ground running after training"", ""example_sentence"": ""She tried to hit the ground running after training without creating confusion.""}, {""phrase"": ""hit the ground running in the new role"", ""example_sentence"": ""They agreed to hit the ground running in the new role and report back.""}]","[{""phrase"": ""উপর day one উদ্যম ও দক্ষতার সঙ্গে শুরু করা"", ""example_sentence"": ""শিক্ষার্থীরা উদাহরণে উপর day one উদ্যম ও দক্ষতার সঙ্গে শুরু করা অনুশীলন করে।""}, {""phrase"": ""পরে training উদ্যম ও দক্ষতার সঙ্গে শুরু করা"", ""example_sentence"": ""শিক্ষার্থীরা উদাহরণে পরে training উদ্যম ও দক্ষতার সঙ্গে শুরু করা অনুশীলন করে।""}, {""phrase"": ""নতুন দায়িত্বে উদ্যম ও দক্ষতার সঙ্গে শুরু করা"", ""example_sentence"": ""শিক্ষার্থীরা উদাহরণে নতুন দায়িত্বে উদ্যম ও দক্ষতার সঙ্গে শুরু করা অনুশীলন করে।""}]",start strongly; begin effectively; get off to a fast start,start slowly; be unprepared; stumble at the start,B2,"05 - Time, Scheduling & Process","During the final week, Sofia had to hit the ground running to finish on time.","শেষ সপ্তাহে, সোফিয়াকে উদ্যম ও দক্ষতার সঙ্গে শুরু করা প্রয়োজন হয়েছিল।","focused team working hard in an office at dusk, laptops and notes everywhere. Realistic contemporary setting, natural lighting, clear facial expressions, accurate everyday details, documentary photography style.","[""Ethan was ready to hit the ground running on day one."", ""The volunteers hit the ground running when the event got busy."", ""If everyone hit the ground running, we can finish today.""]"
Idiom,keep pace with,/kip peɪs wɪð/,KEEP PAYS with,কিপ পেইস উইথ,To maintain the same speed or level as someone else,অন্যের সমান গতি বা স্তর বজায় রাখা,"[{""phrase"": ""keep pace with new technology"", ""example_sentence"": ""The team tried to keep pace with new technology this week.""}, {""phrase"": ""keep pace with the market"", ""example_sentence"": ""She tried to keep pace with the market without creating confusion.""}, {""phrase"": ""keep pace with customer demand"", ""example_sentence"": ""They agreed to keep pace with customer demand and report back.""}]","[{""phrase"": ""নতুন technology অন্যের সমান গতি বা স্তর বজায় রাখা"", ""example_sentence"": ""শিক্ষার্থীরা উদাহরণে নতুন technology অন্যের সমান গতি বা স্তর বজায় রাখা অনুশীলন করে।""}, {""phrase"": ""বাজারটি অন্যের সমান গতি বা স্তর বজায় রাখা"", ""example_sentence"": ""শিক্ষার্থীরা উদাহরণে বাজারটি অন্যের সমান গতি বা স্তর বজায় রাখা অনুশীলন করে।""}, {""phrase"": ""গ্রাহক demand অন্যের সমান গতি বা স্তর বজায় রাখা"", ""example_sentence"": ""শিক্ষার্থীরা উদাহরণে গ্রাহক demand অন্যের সমান গতি বা স্তর বজায় রাখা অনুশীলন করে।""}]",match speed; stay current; keep up with,fall behind; lag; lose pace,B1,"06 - Progress, Success & Results","After school, Ethan had to keep pace with.","স্কুলের পর, ইথানকে অন্যের সমান গতি বা স্তর বজায় রাখা প্রয়োজন হয়েছিল।","realistic school scene matching the sentence, clear action and natural colors. Realistic contemporary setting, natural lighting, clear facial expressions, accurate everyday details, documentary photography style.","[""Lina had to keep pace with before lunch."", ""We decided to keep pace with during the meeting."", ""They want to keep pace with this week.""]"
Idiom,take ownership,/teɪk oʊnɚʃɪp/,TAYK OHNERSHEEP,টেইক ওনারশিপ,To accept full responsibility for something,পূর্ণ দায়িত্ব গ্রহণ করা,"[{""phrase"": ""take ownership of the task"", ""example_sentence"": ""The team tried to take ownership of the task this week.""}, {""phrase"": ""take ownership of the mistake"", ""example_sentence"": ""She tried to take ownership of the mistake without creating confusion.""}, {""phrase"": ""take ownership of the project"", ""example_sentence"": ""They agreed to take ownership of the project and report back.""}]","[{""phrase"": ""of কাজ পূর্ণ দায়িত্ব গ্রহণ করা"", ""example_sentence"": ""শিক্ষার্থীরা উদাহরণে of কাজ পূর্ণ দায়িত্ব গ্রহণ করা অনুশীলন করে।""}, {""phrase"": ""of ভুল পূর্ণ দায়িত্ব গ্রহণ করা"", ""example_sentence"": ""শিক্ষার্থীরা উদাহরণে of ভুল পূর্ণ দায়িত্ব গ্রহণ করা অনুশীলন করে।""}, {""phrase"": ""of প্রকল্প পূর্ণ দায়িত্ব গ্রহণ করা"", ""example_sentence"": ""শিক্ষার্থীরা উদাহরণে of প্রকল্প পূর্ণ দায়িত্ব গ্রহণ করা অনুশীলন করে।""}]",accept responsibility; own the task; be accountable,avoid responsibility; blame others; pass the buck,A2,"04 - Work, Responsibility & Productivity","Throughout the project, Lina had to take ownership even when the work got harder.","পুরো প্রকল্পজুড়ে, লিনাকে কাজ আরও কঠিন হলেও পূর্ণ দায়িত্ব গ্রহণ করা প্রয়োজন হয়েছিল।","group project scene with people staying engaged and putting in effort. Realistic contemporary setting, natural lighting, clear facial expressions, accurate everyday details, documentary photography style.","[""Omar was ready to take ownership on day one."", ""The volunteers take ownership when the event got busy."", ""If everyone take ownership, we can finish today.""]"
Idiom,the lion's share,/ðə laɪənz ʃɛr/,thuh LEYEOOHNZ SHER,দা লায়নজ শের,The largest portion of something,কোনো কিছুর সবচেয়ে বড় অংশ,"[{""phrase"": ""the lion's share for the team"", ""example_sentence"": ""That decision became the lion's share for the team after the results came in.""}, {""phrase"": ""the lion's share in the project"", ""example_sentence"": ""Everyone could see the lion's share in the project by the end of the week.""}, {""phrase"": ""the lion's share during the review"", ""example_sentence"": ""The feedback showed the lion's share during the review and helped us improve.""}]","[{""phrase"": ""দলের জন্য কোনো কিছুর সবচেয়ে বড় অংশ"", ""example_sentence"": ""শিক্ষার্থীরা উদাহরণে দলের জন্য কোনো কিছুর সবচেয়ে বড় অংশ অনুশীলন করে।""}, {""phrase"": ""প্রকল্পে কোনো কিছুর সবচেয়ে বড় অংশ"", ""example_sentence"": ""শিক্ষার্থীরা উদাহরণে প্রকল্পে কোনো কিছুর সবচেয়ে বড় অংশ অনুশীলন করে।""}, {""phrase"": ""পর্যালোচনার সময় কোনো কিছুর সবচেয়ে বড় অংশ"", ""example_sentence"": ""শিক্ষার্থীরা উদাহরণে পর্যালোচনার সময় কোনো কিছুর সবচেয়ে বড় অংশ অনুশীলন করে।""}]",largest portion; major share; biggest part,small share; minor portion; remainder,B1,"10 - Money, Business, Technology & Movement","Because she handled the client calls, Ana did the lion's share of the work.",ব্যক্তিটি কোনো কিছুর সবচেয়ে বড় অংশ করেছিল।,"employee taking most client calls while teammates do smaller tasks around the office. Realistic contemporary setting, natural lighting, clear facial expressions, accurate everyday details, documentary photography style.","[""She did the lion's share of the work."", ""The repair took the lion's share of the budget."", ""Online sales brought in the lion's share of profit.""]"
Idiom,pull strings,/pʊl strɪŋz/,PULL STRINGZ,পুল স্ট্রিংজ,To use personal influence to gain an advantage,সুবিধা পেতে ব্যক্তিগত প্রভাব ব্যবহার করা,"[{""phrase"": ""pull strings to get approval"", ""example_sentence"": ""The team tried to pull strings to get approval this week.""}, {""phrase"": ""pull strings behind the scenes"", ""example_sentence"": ""She tried to pull strings behind the scenes without creating confusion.""}, {""phrase"": ""pull strings for a friend"", ""example_sentence"": ""They agreed to pull strings for a friend and report back.""}]","[{""phrase"": ""to get approval সুবিধা পেতে ব্যক্তিগত প্রভাব ব্যবহার করা"", ""example_sentence"": ""শিক্ষার্থীরা উদাহরণে to get approval সুবিধা পেতে ব্যক্তিগত প্রভাব ব্যবহার করা অনুশীলন করে।""}, {""phrase"": ""behind scenes সুবিধা পেতে ব্যক্তিগত প্রভাব ব্যবহার করা"", ""example_sentence"": ""শিক্ষার্থীরা উদাহরণে behind scenes সুবিধা পেতে ব্যক্তিগত প্রভাব ব্যবহার করা অনুশীলন করে।""}, {""phrase"": ""জন্য একটি বন্ধু সুবিধা পেতে ব্যক্তিগত প্রভাব ব্যবহার করা"", ""example_sentence"": ""শিক্ষার্থীরা উদাহরণে জন্য একটি বন্ধু সুবিধা পেতে ব্যক্তিগত প্রভাব ব্যবহার করা অনুশীলন করে।""}]",use influence; leverage connections; get special help,follow normal process; have no influence,A2,"08 - Change, Growth, Rules & Control","After school, Chloe had to pull strings.","স্কুলের পর, ক্লোইকে সুবিধা পেতে ব্যক্তিগত প্রভাব ব্যবহার করা প্রয়োজন হয়েছিল।","realistic school scene matching the sentence, clear action and natural colors. Realistic contemporary setting, natural lighting, clear facial expressions, accurate everyday details, documentary photography style.","[""Hassan had to pull strings before lunch."", ""We decided to pull strings during the meeting."", ""They want to pull strings this week.""]"
Idiom,take the initiative,/teɪk ðə ɪnɪʃətɪv/,TAYK thuh EENEESHOOHTEEV,টেইক দা ইনিশাটিভ,To proactively act without being told,নিজে থেকে উদ্যোগ নেওয়া,"[{""phrase"": ""take the initiative at work"", ""example_sentence"": ""The team tried to take the initiative at work this week.""}, {""phrase"": ""take the initiative during the meeting"", ""example_sentence"": ""She tried to take the initiative during the meeting without creating confusion.""}, {""phrase"": ""take the initiative before being asked"", ""example_sentence"": ""They agreed to take the initiative before being asked and report back.""}]","[{""phrase"": ""কর্মস্থলে নিজে থেকে উদ্যোগ নেওয়া"", ""example_sentence"": ""শিক্ষার্থীরা উদাহরণে কর্মস্থলে নিজে থেকে উদ্যোগ নেওয়া অনুশীলন করে।""}, {""phrase"": ""মিটিংয়ের সময় নিজে থেকে উদ্যোগ নেওয়া"", ""example_sentence"": ""শিক্ষার্থীরা উদাহরণে মিটিংয়ের সময় নিজে থেকে উদ্যোগ নেওয়া অনুশীলন করে।""}, {""phrase"": ""আগে being asked নিজে থেকে উদ্যোগ নেওয়া"", ""example_sentence"": ""শিক্ষার্থীরা উদাহরণে আগে being asked নিজে থেকে উদ্যোগ নেওয়া অনুশীলন করে।""}]",act proactively; start without being told; lead action,wait to be told; be passive; hold back,B1,"04 - Work, Responsibility & Productivity","Throughout the project, Hassan had to take the initiative even when the work got harder.","পুরো প্রকল্পজুড়ে, হাসানকে কাজ আরও কঠিন হলেও নিজে থেকে উদ্যোগ নেওয়া প্রয়োজন হয়েছিল।","group project scene with people staying engaged and putting in effort. Realistic contemporary setting, natural lighting, clear facial expressions, accurate everyday details, documentary photography style.","[""Nora was ready to take the initiative on day one."", ""The volunteers take the initiative when the event got busy."", ""If everyone take the initiative, we can finish today.""]"
Idiom,think on one's feet,/θɪŋk ɑn wʌnz fit/,THINK on wunz FEET,থিংক অন ওয়ান্জ ফিট,To respond quickly and effectively to new situations,নতুন পরিস্থিতিতে দ্রুত ও কার্যকরভাবে সাড়া দেওয়া,"[{""phrase"": ""think on your feet during interviews"", ""example_sentence"": ""The team tried to think on your feet during interviews this week.""}, {""phrase"": ""think on your feet under pressure"", ""example_sentence"": ""She tried to think on your feet under pressure without creating confusion.""}, {""phrase"": ""think on your feet in a debate"", ""example_sentence"": ""They agreed to think on your feet in a debate and report back.""}]","[{""phrase"": ""think উপর আপনার feet চলাকালে interviews নতুন পরিস্থিতিতে দ্রুত ও কার্যকরভাবে সাড়া দেওয়া"", ""example_sentence"": ""শিক্ষার্থীরা উদাহরণে think উপর আপনার feet চলাকালে interviews নতুন পরিস্থিতিতে দ্রুত ও কার্যকরভাবে সাড়া দেওয়া অনুশীলন করে।""}, {""phrase"": ""think উপর আপনার feet under pressure নতুন পরিস্থিতিতে দ্রুত ও কার্যকরভাবে সাড়া দেওয়া"", ""example_sentence"": ""শিক্ষার্থীরা উদাহরণে think উপর আপনার feet under pressure নতুন পরিস্থিতিতে দ্রুত ও কার্যকরভাবে সাড়া দেওয়া অনুশীলন করে।""}, {""phrase"": ""think উপর আপনার feet মধ্যে একটি debate নতুন পরিস্থিতিতে দ্রুত ও কার্যকরভাবে সাড়া দেওয়া"", ""example_sentence"": ""শিক্ষার্থীরা উদাহরণে think উপর আপনার feet মধ্যে একটি debate নতুন পরিস্থিতিতে দ্রুত ও কার্যকরভাবে সাড়া দেওয়া অনুশীলন করে।""}]",respond quickly; improvise; react effectively,freeze; hesitate; be slow to respond,B2,"02 - Thinking, Learning & Understanding","During the day, The team had to think on their feet.","দিনের মধ্যে, দলটিকে নতুন পরিস্থিতিতে দ্রুত ও কার্যকরভাবে সাড়া দেওয়া প্রয়োজন হয়েছিল।","realistic daily-life scene matching the sentence, natural lighting, candid photography. Realistic contemporary setting, natural lighting, clear facial expressions, accurate everyday details, documentary photography style.","[""Ben had to think on their feet before lunch."", ""We decided to think on their feet during the meeting."", ""They want to think on their feet this week.""]"
Idiom,under one's belt,/ʌndɚ wʌnz bɛlt/,OOHNDER wunz BELT,আন্ডার ওয়ান্জ বেল্ট,Already achieved or experienced,আগেই অর্জিত বা অভিজ্ঞ হওয়া,"[{""phrase"": ""be under your belt"", ""example_sentence"": ""The team wants to be under your belt during the project.""}, {""phrase"": ""stay under your belt"", ""example_sentence"": ""Good planning helped them stay under your belt all week.""}, {""phrase"": ""remain under your belt"", ""example_sentence"": ""The company tried to remain under your belt after the review.""}]","[{""phrase"": ""থাকা under আপনার belt অভিজ্ঞ হওয়া"", ""example_sentence"": ""শিক্ষার্থীরা উদাহরণে থাকা under আপনার belt অভিজ্ঞ হওয়া অনুশীলন করে।""}, {""phrase"": ""থাকা under আপনার belt অভিজ্ঞ হওয়া"", ""example_sentence"": ""শিক্ষার্থীরা উদাহরণে থাকা under আপনার belt অভিজ্ঞ হওয়া অনুশীলন করে।""}, {""phrase"": ""থাকা under আপনার belt অভিজ্ঞ হওয়া"", ""example_sentence"": ""শিক্ষার্থীরা উদাহরণে থাকা under আপনার belt অভিজ্ঞ হওয়া অনুশীলন করে।""}]",already achieved; experienced; completed,not yet achieved; inexperienced; ahead of one,B1,"06 - Progress, Success & Results","After school, the plan was under one's belt.","স্কুলের পর, the আগেই অর্জিত বা অভিজ্ঞ হওয়া অবস্থায় ছিল।","realistic school scene matching the sentence, clear action and natural colors. Realistic contemporary setting, natural lighting, clear facial expressions, accurate everyday details, documentary photography style.","[""The situation was under one's belt."", ""The team stayed under one's belt."", ""Everyone knew it was under one's belt.""]"
Idiom,walk the talk,/wɔk ðə tɔk/,WAWK thuh TAWK,ওয়ক দা টক,To act in accordance with what one says,নিজের কথার সঙ্গে মিল রেখে কাজ করা,"[{""phrase"": ""walk the talk at work"", ""example_sentence"": ""The team tried to walk the talk at work this week.""}, {""phrase"": ""walk the talk as a leader"", ""example_sentence"": ""She tried to walk the talk as a leader without creating confusion.""}, {""phrase"": ""walk the talk during change"", ""example_sentence"": ""They agreed to walk the talk during change and report back.""}]","[{""phrase"": ""কর্মস্থলে নিজের কথার সঙ্গে মিল রেখে কাজ করা"", ""example_sentence"": ""শিক্ষার্থীরা উদাহরণে কর্মস্থলে নিজের কথার সঙ্গে মিল রেখে কাজ করা অনুশীলন করে।""}, {""phrase"": ""as একটি leader নিজের কথার সঙ্গে মিল রেখে কাজ করা"", ""example_sentence"": ""শিক্ষার্থীরা উদাহরণে as একটি leader নিজের কথার সঙ্গে মিল রেখে কাজ করা অনুশীলন করে।""}, {""phrase"": ""চলাকালে change নিজের কথার সঙ্গে মিল রেখে কাজ করা"", ""example_sentence"": ""শিক্ষার্থীরা উদাহরণে চলাকালে change নিজের কথার সঙ্গে মিল রেখে কাজ করা অনুশীলন করে।""}]",match actions to words; practice what one preaches,say one thing and do another; be hypocritical,B1,"04 - Work, Responsibility & Productivity","At work, Sara had to walk the talk.","কর্মক্ষেত্রে, সারাকে নিজের কথার সঙ্গে মিল রেখে কাজ করা প্রয়োজন হয়েছিল।","realistic workplace scene matching the sentence, detailed environment and natural light. Realistic contemporary setting, natural lighting, clear facial expressions, accurate everyday details, documentary photography style.","[""Leo had to walk the talk before lunch."", ""We decided to walk the talk during the meeting."", ""They want to walk the talk this week.""]"
Idiom,word of mouth,/wɝd ʌv maʊθ/,WERD uv MOWTH,ওয়ারড আভ মাউথ,Information shared informally between people,মানুষের মধ্যে অনানুষ্ঠানিকভাবে ছড়ানো তথ্য,"[{""phrase"": ""word of mouth for the team"", ""example_sentence"": ""That decision became word of mouth for the team after the results came in.""}, {""phrase"": ""word of mouth in the project"", ""example_sentence"": ""Everyone could see word of mouth in the project by the end of the week.""}, {""phrase"": ""word of mouth during the review"", ""example_sentence"": ""The feedback showed word of mouth during the review and helped us improve.""}]","[{""phrase"": ""দলের জন্য মানুষের মধ্যে অনানুষ্ঠানিকভাবে ছড়ানো তথ্য"", ""example_sentence"": ""শিক্ষার্থীরা উদাহরণে দলের জন্য মানুষের মধ্যে অনানুষ্ঠানিকভাবে ছড়ানো তথ্য অনুশীলন করে।""}, {""phrase"": ""প্রকল্পে মানুষের মধ্যে অনানুষ্ঠানিকভাবে ছড়ানো তথ্য"", ""example_sentence"": ""শিক্ষার্থীরা উদাহরণে প্রকল্পে মানুষের মধ্যে অনানুষ্ঠানিকভাবে ছড়ানো তথ্য অনুশীলন করে।""}, {""phrase"": ""পর্যালোচনার সময় মানুষের মধ্যে অনানুষ্ঠানিকভাবে ছড়ানো তথ্য"", ""example_sentence"": ""শিক্ষার্থীরা উদাহরণে পর্যালোচনার সময় মানুষের মধ্যে অনানুষ্ঠানিকভাবে ছড়ানো তথ্য অনুশীলন করে।""}]",personal recommendation; informal sharing; buzz,official advertising; written announcement; formal notice,B1,01 - Communication & Discussion,The bakery grew mainly through word of mouth in the neighborhood.,The মানুষের মধ্যে অনানুষ্ঠানিকভাবে ছড়ানো তথ্য করেছিল।,"busy local bakery with happy customers chatting and recommending it to others. Realistic contemporary setting, natural lighting, clear facial expressions, accurate everyday details, documentary photography style.","[""The shop grew through word of mouth."", ""Word of mouth brought in new customers."", ""The film became popular by word of mouth.""]"
Idiom,zero-sum game,/zɪroʊ sʌm ɡeɪm/,ZEEROH SUM GAYM,জিরো সাম গেইম,A situation where one person's gain equals another's loss,যেখানে একজনের লাভ অন্যজনের ক্ষতির সমান,"[{""phrase"": ""zero-sum game for the team"", ""example_sentence"": ""That decision became zero-sum game for the team after the results came in.""}, {""phrase"": ""zero-sum game in the project"", ""example_sentence"": ""Everyone could see zero-sum game in the project by the end of the week.""}, {""phrase"": ""zero-sum game during the review"", ""example_sentence"": ""The feedback showed zero-sum game during the review and helped us improve.""}]","[{""phrase"": ""দলের জন্য যেখানে একজনের লাভ অন্যজনের ক্ষতির সমান"", ""example_sentence"": ""শিক্ষার্থীরা উদাহরণে দলের জন্য যেখানে একজনের লাভ অন্যজনের ক্ষতির সমান অনুশীলন করে।""}, {""phrase"": ""প্রকল্পে যেখানে একজনের লাভ অন্যজনের ক্ষতির সমান"", ""example_sentence"": ""শিক্ষার্থীরা উদাহরণে প্রকল্পে যেখানে একজনের লাভ অন্যজনের ক্ষতির সমান অনুশীলন করে।""}, {""phrase"": ""পর্যালোচনার সময় যেখানে একজনের লাভ অন্যজনের ক্ষতির সমান"", ""example_sentence"": ""শিক্ষার্থীরা উদাহরণে পর্যালোচনার সময় যেখানে একজনের লাভ অন্যজনের ক্ষতির সমান অনুশীলন করে।""}]",win-lose situation; fixed-pie conflict; one gains one loses,win-win; mutual benefit; shared gain,A2,"09 - Relationships, Feelings & Daily Life",The coach reminded the team that negotiation should not feel like a zero-sum game.,The যেখানে একজনের লাভ অন্যজনের ক্ষতির সমান করেছিল।,"coach or trainer teaching negotiation as cooperation, whiteboard notes visible. Realistic contemporary setting, natural lighting, clear facial expressions, accurate everyday details, documentary photography style.","[""Negotiation is not always a zero-sum game."", ""The coach said teamwork should not feel like a zero-sum game."", ""Politics can seem like a zero-sum game.""]"
Idiom,a fresh set of eyes,/ə frɛʃ sɛt ʌv aɪz/,uh FRESH SET uv EYEZ,আ ফ্রেশ সেট আভ আইজ,A new perspective on a problem from an outsider,বাইরের কারও নতুন দৃষ্টিভঙ্গি,"[{""phrase"": ""a fresh set of eyes for the team"", ""example_sentence"": ""That decision became a fresh set of eyes for the team after the results came in.""}, {""phrase"": ""a fresh set of eyes in the project"", ""example_sentence"": ""Everyone could see a fresh set of eyes in the project by the end of the week.""}, {""phrase"": ""a fresh set of eyes during the review"", ""example_sentence"": ""The feedback showed a fresh set of eyes during the review and helped us improve.""}]","[{""phrase"": ""দলের জন্য বাইরের কারও নতুন দৃষ্টিভঙ্গি"", ""example_sentence"": ""শিক্ষার্থীরা উদাহরণে দলের জন্য বাইরের কারও নতুন দৃষ্টিভঙ্গি অনুশীলন করে।""}, {""phrase"": ""প্রকল্পে বাইরের কারও নতুন দৃষ্টিভঙ্গি"", ""example_sentence"": ""শিক্ষার্থীরা উদাহরণে প্রকল্পে বাইরের কারও নতুন দৃষ্টিভঙ্গি অনুশীলন করে।""}, {""phrase"": ""পর্যালোচনার সময় বাইরের কারও নতুন দৃষ্টিভঙ্গি"", ""example_sentence"": ""শিক্ষার্থীরা উদাহরণে পর্যালোচনার সময় বাইরের কারও নতুন দৃষ্টিভঙ্গি অনুশীলন করে।""}]",new perspective; outsider view; objective review,same perspective; insider bias; stale view,C1,"02 - Thinking, Learning & Understanding","After staring at the report all morning, the editor asked for a fresh set of eyes.",ব্যক্তিটি বাইরের কারও নতুন দৃষ্টিভঙ্গি করেছিল।,"editor at desk inviting a colleague to review a report with a new perspective. Realistic contemporary setting, natural lighting, clear facial expressions, accurate everyday details, documentary photography style.","[""Ask for a fresh set of eyes."", ""The designer needed a fresh set of eyes on the poster."", ""A fresh set of eyes helped us spot the mistake.""]"
Idiom,break the mold,/breɪk ðə moʊld/,BRAYK thuh MOHLD,ব্রেইক দা মোল্ড,To do something in an entirely new way,সম্পূর্ণ নতুনভাবে কিছু করা,"[{""phrase"": ""break the mold with a new design"", ""example_sentence"": ""The team tried to break the mold with a new design this week.""}, {""phrase"": ""break the mold in the industry"", ""example_sentence"": ""She tried to break the mold in the industry without creating confusion.""}, {""phrase"": ""break the mold through innovation"", ""example_sentence"": ""They agreed to break the mold through innovation and report back.""}]","[{""phrase"": ""with একটি নতুন design সম্পূর্ণ নতুনভাবে কিছু করা"", ""example_sentence"": ""শিক্ষার্থীরা উদাহরণে with একটি নতুন design সম্পূর্ণ নতুনভাবে কিছু করা অনুশীলন করে।""}, {""phrase"": ""industryে সম্পূর্ণ নতুনভাবে কিছু করা"", ""example_sentence"": ""শিক্ষার্থীরা উদাহরণে industryে সম্পূর্ণ নতুনভাবে কিছু করা অনুশীলন করে।""}, {""phrase"": ""through innovation সম্পূর্ণ নতুনভাবে কিছু করা"", ""example_sentence"": ""শিক্ষার্থীরা উদাহরণে through innovation সম্পূর্ণ নতুনভাবে কিছু করা অনুশীলন করে।""}]",do something new; defy convention; be original,fit the mold; follow convention; conform,B1,"06 - Progress, Success & Results","During the design session, Ivy had to break the mold.","ডিজাইন সেশনের সময়, আইভিকে সম্পূর্ণ নতুনভাবে কিছু করা প্রয়োজন হয়েছিল।","creative workshop with sketches, sticky notes, and a team exploring new ideas. Realistic contemporary setting, natural lighting, clear facial expressions, accurate everyday details, documentary photography style.","[""The design team had to break the mold to solve the problem."", ""Ryan wanted to break the mold instead of copying the old plan."", ""Small companies often break the mold when markets change.""]"
Idiom,from the ground up,/frʌm ðə ɡraʊnd ʌp/,from thuh GROUND up,ফ্রম দা গ্রাউন্ড আপ,Built or developed from the very beginning,একেবারে শুরু থেকে তৈরি বা বিকশিত,"[{""phrase"": ""be from the ground up"", ""example_sentence"": ""The team wants to be from the ground up during the project.""}, {""phrase"": ""stay from the ground up"", ""example_sentence"": ""Good planning helped them stay from the ground up all week.""}, {""phrase"": ""remain from the ground up"", ""example_sentence"": ""The company tried to remain from the ground up after the review.""}]","[{""phrase"": ""একেবারে শুরু থেকে তৈরি বা বিকশিত"", ""example_sentence"": ""শিক্ষার্থীরা উদাহরণে একেবারে শুরু থেকে তৈরি বা বিকশিত অনুশীলন করে।""}, {""phrase"": ""একেবারে শুরু থেকে তৈরি বা বিকশিত"", ""example_sentence"": ""শিক্ষার্থীরা উদাহরণে একেবারে শুরু থেকে তৈরি বা বিকশিত অনুশীলন করে।""}, {""phrase"": ""একেবারে শুরু থেকে তৈরি বা বিকশিত"", ""example_sentence"": ""শিক্ষার্থীরা উদাহরণে একেবারে শুরু থেকে তৈরি বা বিকশিত অনুশীলন করে।""}]",from the beginning; from scratch; completely,from the top down; partially; from an existing base,B2,"05 - Time, Scheduling & Process",The charity built its volunteer system from the ground up in just six months.,The একেবারে শুরু থেকে তৈরি বা বিকশিত করেছিল।,"nonprofit team building a volunteer program from scratch with planning boards and community notes. Realistic contemporary setting, natural lighting, clear facial expressions, accurate everyday details, documentary photography style.","[""They built the bakery from the ground up."", ""The coach rebuilt the team from the ground up."", ""She learned the role from the ground up.""]"
Idiom,in the pipeline,/ɪn ðə paɪplaɪn/,een thuh PEYEPLEYEN,ইন দা পাইপ্লাইন,Being planned or developed for the future,ভবিষ্যতের জন্য পরিকল্পিত বা তৈরি হচ্ছে,"[{""phrase"": ""be in the pipeline"", ""example_sentence"": ""The team wants to be in the pipeline during the project.""}, {""phrase"": ""stay in the pipeline"", ""example_sentence"": ""Good planning helped them stay in the pipeline all week.""}, {""phrase"": ""remain in the pipeline"", ""example_sentence"": ""The company tried to remain in the pipeline after the review.""}]","[{""phrase"": ""ভবিষ্যতের জন্য পরিকল্পিত বা তৈরি হচ্ছে"", ""example_sentence"": ""শিক্ষার্থীরা উদাহরণে ভবিষ্যতের জন্য পরিকল্পিত বা তৈরি হচ্ছে অনুশীলন করে।""}, {""phrase"": ""ভবিষ্যতের জন্য পরিকল্পিত বা তৈরি হচ্ছে"", ""example_sentence"": ""শিক্ষার্থীরা উদাহরণে ভবিষ্যতের জন্য পরিকল্পিত বা তৈরি হচ্ছে অনুশীলন করে।""}, {""phrase"": ""ভবিষ্যতের জন্য পরিকল্পিত বা তৈরি হচ্ছে"", ""example_sentence"": ""শিক্ষার্থীরা উদাহরণে ভবিষ্যতের জন্য পরিকল্পিত বা তৈরি হচ্ছে অনুশীলন করে।""}]",planned; in development; coming soon,completed; canceled; not planned,B1,"03 - Plans, Decisions & Strategy",Two new online courses are already in the pipeline for next term.,Two ভবিষ্যতের জন্য পরিকল্পিত বা তৈরি হচ্ছে করেছিল।,"education team planning future online courses on a whiteboard and laptops. Realistic contemporary setting, natural lighting, clear facial expressions, accurate everyday details, documentary photography style.","[""Two updates are in the pipeline."", ""A new park is in the pipeline for next year."", ""Several ideas are already in the pipeline.""]"
Idiom,miles ahead,/maɪlz əhɛd/,MEYELZ uh-HED,মাইলজ আহেড,Significantly better or more advanced than others,অন্যদের চেয়ে অনেক ভালো বা অগ্রসর,"[{""phrase"": ""miles ahead for the team"", ""example_sentence"": ""That decision became miles ahead for the team after the results came in.""}, {""phrase"": ""miles ahead in the project"", ""example_sentence"": ""Everyone could see miles ahead in the project by the end of the week.""}, {""phrase"": ""miles ahead during the review"", ""example_sentence"": ""The feedback showed miles ahead during the review and helped us improve.""}]","[{""phrase"": ""দলের জন্য অন্যদের চেয়ে অনেক ভালো বা অগ্রসর"", ""example_sentence"": ""শিক্ষার্থীরা উদাহরণে দলের জন্য অন্যদের চেয়ে অনেক ভালো বা অগ্রসর অনুশীলন করে।""}, {""phrase"": ""প্রকল্পে অন্যদের চেয়ে অনেক ভালো বা অগ্রসর"", ""example_sentence"": ""শিক্ষার্থীরা উদাহরণে প্রকল্পে অন্যদের চেয়ে অনেক ভালো বা অগ্রসর অনুশীলন করে।""}, {""phrase"": ""পর্যালোচনার সময় অন্যদের চেয়ে অনেক ভালো বা অগ্রসর"", ""example_sentence"": ""শিক্ষার্থীরা উদাহরণে পর্যালোচনার সময় অন্যদের চেয়ে অনেক ভালো বা অগ্রসর অনুশীলন করে।""}]",far better; much more advanced; well ahead,far behind; lagging; less advanced,A2,"06 - Progress, Success & Results",Miles ahead was important in the situation.,Miles অন্যদের চেয়ে অনেক ভালো বা অগ্রসর অবস্থায় ছিল।,"realistic daily-life scene matching the sentence, natural lighting, candid photography. Realistic contemporary setting, natural lighting, clear facial expressions, accurate everyday details, documentary photography style.","[""Miles ahead matters here."", ""Miles ahead can guide the choice."", ""This case shows miles ahead.""]"
Idiom,off the top of one's head,/ɔf ðə tɑp ʌv wʌnz hɛd/,AWF thuh TAHP uv wunz HED,অফ দা টাপ আভ ওয়ান্জ হেড,Recalled from memory without detailed research,বিস্তারিত গবেষণা ছাড়া স্মৃতি থেকে বলা,"[{""phrase"": ""be off the top of your head"", ""example_sentence"": ""The team wants to be off the top of your head during the project.""}, {""phrase"": ""stay off the top of your head"", ""example_sentence"": ""Good planning helped them stay off the top of your head all week.""}, {""phrase"": ""remain off the top of your head"", ""example_sentence"": ""The company tried to remain off the top of your head after the review.""}]","[{""phrase"": ""থাকা off top of আপনার head বিস্তারিত গবেষণা ছাড়া স্মৃতি থেকে বলা"", ""example_sentence"": ""শিক্ষার্থীরা উদাহরণে থাকা off top of আপনার head বিস্তারিত গবেষণা ছাড়া স্মৃতি থেকে বলা অনুশীলন করে।""}, {""phrase"": ""থাকা off top of আপনার head বিস্তারিত গবেষণা ছাড়া স্মৃতি থেকে বলা"", ""example_sentence"": ""শিক্ষার্থীরা উদাহরণে থাকা off top of আপনার head বিস্তারিত গবেষণা ছাড়া স্মৃতি থেকে বলা অনুশীলন করে।""}, {""phrase"": ""থাকা off top of আপনার head বিস্তারিত গবেষণা ছাড়া স্মৃতি থেকে বলা"", ""example_sentence"": ""শিক্ষার্থীরা উদাহরণে থাকা off top of আপনার head বিস্তারিত গবেষণা ছাড়া স্মৃতি থেকে বলা অনুশীলন করে।""}]",from memory; without checking; spontaneously,after research; with careful checking; from detailed notes,C1,"02 - Thinking, Learning & Understanding","In the library, the plan was off the top of one's head.","লাইব্রেরিতে, the বিস্তারিত গবেষণা ছাড়া স্মৃতি থেকে বলা অবস্থায় ছিল।","quiet library table with books, notebook, calculator, student concentrating. Realistic contemporary setting, natural lighting, clear facial expressions, accurate everyday details, documentary photography style.","[""The situation was off the top of one's head."", ""The team stayed off the top of one's head."", ""Everyone knew it was off the top of one's head.""]"
Idiom,on the agenda,/ɑn ðə ədʒɛndə/,on thuh OOHYENDOOH,অন দা আজেন্ডা,Listed as a topic for discussion,আলোচনার বিষয় হিসেবে তালিকাভুক্ত,"[{""phrase"": ""be on the agenda"", ""example_sentence"": ""The team wants to be on the agenda during the project.""}, {""phrase"": ""stay on the agenda"", ""example_sentence"": ""Good planning helped them stay on the agenda all week.""}, {""phrase"": ""remain on the agenda"", ""example_sentence"": ""The company tried to remain on the agenda after the review.""}]","[{""phrase"": ""আলোচনার বিষয় হিসেবে তালিকাভুক্ত"", ""example_sentence"": ""শিক্ষার্থীরা উদাহরণে আলোচনার বিষয় হিসেবে তালিকাভুক্ত অনুশীলন করে।""}, {""phrase"": ""আলোচনার বিষয় হিসেবে তালিকাভুক্ত"", ""example_sentence"": ""শিক্ষার্থীরা উদাহরণে আলোচনার বিষয় হিসেবে তালিকাভুক্ত অনুশীলন করে।""}, {""phrase"": ""আলোচনার বিষয় হিসেবে তালিকাভুক্ত"", ""example_sentence"": ""শিক্ষার্থীরা উদাহরণে আলোচনার বিষয় হিসেবে তালিকাভুক্ত অনুশীলন করে।""}]",scheduled for discussion; listed topic; planned item,off the agenda; not scheduled; not up for discussion,B1,01 - Communication & Discussion,Improving customer support is on the agenda for Monday's staff meeting.,Improving আলোচনার বিষয় হিসেবে তালিকাভুক্ত অবস্থায় ছিল।,"meeting agenda on a screen or printed sheet with customer support listed as a topic. Realistic contemporary setting, natural lighting, clear facial expressions, accurate everyday details, documentary photography style.","[""Safety is on the agenda today."", ""The pay review is on the agenda for Friday."", ""Better training should be on the agenda.""]"
Idiom,put in perspective,/pʊt ɪn pɚspɛktɪv/,PUT een PERSPEKTEEV,পুট ইন পারস্পেক্টিভ,To understand something relative to its context,প্রেক্ষাপটের সঙ্গে মিলিয়ে কোনো কিছু বোঝা,"[{""phrase"": ""put in perspective during the project"", ""example_sentence"": ""The team tried to put in perspective during the project this week.""}, {""phrase"": ""put in perspective in the meeting"", ""example_sentence"": ""She tried to put in perspective in the meeting without creating confusion.""}, {""phrase"": ""put in perspective before the deadline"", ""example_sentence"": ""They agreed to put in perspective before the deadline and report back.""}]","[{""phrase"": ""প্রকল্প চলাকালে প্রেক্ষাপটের সঙ্গে মিলিয়ে কোনো কিছু বোঝা"", ""example_sentence"": ""শিক্ষার্থীরা উদাহরণে প্রকল্প চলাকালে প্রেক্ষাপটের সঙ্গে মিলিয়ে কোনো কিছু বোঝা অনুশীলন করে।""}, {""phrase"": ""মিটিংয়ে প্রেক্ষাপটের সঙ্গে মিলিয়ে কোনো কিছু বোঝা"", ""example_sentence"": ""শিক্ষার্থীরা উদাহরণে মিটিংয়ে প্রেক্ষাপটের সঙ্গে মিলিয়ে কোনো কিছু বোঝা অনুশীলন করে।""}, {""phrase"": ""সময়সীমার আগে প্রেক্ষাপটের সঙ্গে মিলিয়ে কোনো কিছু বোঝা"", ""example_sentence"": ""শিক্ষার্থীরা উদাহরণে সময়সীমার আগে প্রেক্ষাপটের সঙ্গে মিলিয়ে কোনো কিছু বোঝা অনুশীলন করে।""}]",contextualize; see in context; compare fairly,exaggerate; misjudge; view out of context,B1,"02 - Thinking, Learning & Understanding","After reading the report, Leila had to put in perspective.","রিপোর্ট পড়ার পর, লেইলাকে প্রেক্ষাপটের সঙ্গে মিলিয়ে কোনো কিছু বোঝা প্রয়োজন হয়েছিল।","team looking at a project board and stepping back to view the whole plan. Realistic contemporary setting, natural lighting, clear facial expressions, accurate everyday details, documentary photography style.","[""We should put in perspective before making a choice."", ""Hana needed to put in perspective after reading the report."", ""The coach asked the team to put in perspective and breathe.""]"
Idiom,the jury is still out,/ðə dʒʊri ɪz stɪl aʊt/,thuh YOOREE EEZ STEEL out,দা জুরি ইজ স্টিল আউট,The decision or conclusion has not yet been reached,সিদ্ধান্ত বা উপসংহার এখনো হয়নি,"[{""phrase"": ""the jury is still out for the team"", ""example_sentence"": ""That decision became the jury is still out for the team after the results came in.""}, {""phrase"": ""the jury is still out in the project"", ""example_sentence"": ""Everyone could see the jury is still out in the project by the end of the week.""}, {""phrase"": ""the jury is still out during the review"", ""example_sentence"": ""The feedback showed the jury is still out during the review and helped us improve.""}]","[{""phrase"": ""দলের জন্য সিদ্ধান্ত বা উপসংহার এখনো হয়নি"", ""example_sentence"": ""শিক্ষার্থীরা উদাহরণে দলের জন্য সিদ্ধান্ত বা উপসংহার এখনো হয়নি অনুশীলন করে।""}, {""phrase"": ""প্রকল্পে সিদ্ধান্ত বা উপসংহার এখনো হয়নি"", ""example_sentence"": ""শিক্ষার্থীরা উদাহরণে প্রকল্পে সিদ্ধান্ত বা উপসংহার এখনো হয়নি অনুশীলন করে।""}, {""phrase"": ""পর্যালোচনার সময় সিদ্ধান্ত বা উপসংহার এখনো হয়নি"", ""example_sentence"": ""শিক্ষার্থীরা উদাহরণে পর্যালোচনার সময় সিদ্ধান্ত বা উপসংহার এখনো হয়নি অনুশীলন করে।""}]",undecided; not yet proven; conclusion pending,decision is final; settled; proven,C1,"03 - Plans, Decisions & Strategy",The jury is still out was important in the situation.,The সিদ্ধান্ত বা উপসংহার এখনো হয়নি অবস্থায় ছিল।,"realistic school scene matching the sentence, clear action and natural colors. Realistic contemporary setting, natural lighting, clear facial expressions, accurate everyday details, documentary photography style.","[""The jury is still out matters here."", ""The jury is still out can guide the choice."", ""This case shows the jury is still out.""]"
Idiom,throw light on,/θroʊ laɪt ɑn/,THROH LYT on,থ্রো লাইট অন,To make something clearer or better understood,কোনো কিছু আরও স্পষ্ট বা বোধগম্য করা,"[{""phrase"": ""throw light on the issue"", ""example_sentence"": ""The team tried to throw light on the issue this week.""}, {""phrase"": ""throw light on the data"", ""example_sentence"": ""She tried to throw light on the data without creating confusion.""}, {""phrase"": ""throw light on the cause"", ""example_sentence"": ""They agreed to throw light on the cause and report back.""}]","[{""phrase"": ""সমস্যাটি বোধগম্য করা"", ""example_sentence"": ""শিক্ষার্থীরা উদাহরণে সমস্যাটি বোধগম্য করা অনুশীলন করে।""}, {""phrase"": ""ডেটাটি বোধগম্য করা"", ""example_sentence"": ""শিক্ষার্থীরা উদাহরণে ডেটাটি বোধগম্য করা অনুশীলন করে।""}, {""phrase"": ""কারণটি বোধগম্য করা"", ""example_sentence"": ""শিক্ষার্থীরা উদাহরণে কারণটি বোধগম্য করা অনুশীলন করে।""}]",clarify; explain; illuminate,obscure; confuse; hide,B1,"02 - Thinking, Learning & Understanding","After the news spread, Hana had to throw light on.","খবরটি ছড়িয়ে পড়ার পর, হানাকে কোনো কিছু আরও স্পষ্ট বা বোধগম্য করা প্রয়োজন হয়েছিল।","people discussing information in a realistic office or school hallway. Realistic contemporary setting, natural lighting, clear facial expressions, accurate everyday details, documentary photography style.","[""Please throw light on with me after the call."", ""Mason tried to throw light on before rumors spread."", ""The update helped everyone throw light on.""]"
Idiom,to be on the safe side,/tu bi ɑn ðə seɪf saɪd/,too BEE on thuh SAYF SEYED,টু বি অন দা সেইফ সাইড,To act cautiously to avoid potential problems,সম্ভাব্য সমস্যা এড়াতে সতর্কভাবে কাজ করা,"[{""phrase"": ""to be on the safe side during planning"", ""example_sentence"": ""We decided to be on the safe side during planning and check every detail.""}, {""phrase"": ""to be on the safe side before the trip"", ""example_sentence"": ""They chose to be on the safe side before the trip and leave early.""}, {""phrase"": ""to be on the safe side with extra copies"", ""example_sentence"": ""The teacher preferred to be on the safe side with extra copies for the exam.""}]","[{""phrase"": ""চলাকালে planning সম্ভাব্য সমস্যা এড়াতে সতর্কভাবে কাজ করা"", ""example_sentence"": ""শিক্ষার্থীরা উদাহরণে চলাকালে planning সম্ভাব্য সমস্যা এড়াতে সতর্কভাবে কাজ করা অনুশীলন করে।""}, {""phrase"": ""ভ্রমণ আগে সম্ভাব্য সমস্যা এড়াতে সতর্কভাবে কাজ করা"", ""example_sentence"": ""শিক্ষার্থীরা উদাহরণে ভ্রমণ আগে সম্ভাব্য সমস্যা এড়াতে সতর্কভাবে কাজ করা অনুশীলন করে।""}, {""phrase"": ""with অতিরিক্ত copies সম্ভাব্য সমস্যা এড়াতে সতর্কভাবে কাজ করা"", ""example_sentence"": ""শিক্ষার্থীরা উদাহরণে with অতিরিক্ত copies সম্ভাব্য সমস্যা এড়াতে সতর্কভাবে কাজ করা অনুশীলন করে।""}]",act cautiously; avoid risk; be careful,take a risk; be careless; gamble,C1,"07 - Problems, Difficulty & Risk","To be on the safe side, Maya saved a second copy of the report in the cloud.",ব্যক্তিটি সম্ভাব্য সমস্যা এড়াতে সতর্কভাবে কাজ করা করেছিল।,"young professional saving documents on laptop and cloud storage, cautious office workflow. Realistic contemporary setting, natural lighting, clear facial expressions, accurate everyday details, documentary photography style.","[""To be on the safe side, lock the back door."", ""To be on the safe side, bring an extra charger."", ""To be on the safe side, print one more copy.""]"
Idiom,under the microscope,/ʌndɚ ðə maɪkrəskoʊp/,OOHNDER thuh MEYEKROOHSKOHP,আন্ডার দা মাইক্রোস্কোপ,Being closely examined and scrutinized,খুব ঘনিষ্ঠভাবে পরীক্ষা করা হচ্ছে,"[{""phrase"": ""be under the microscope"", ""example_sentence"": ""The team wants to be under the microscope during the project.""}, {""phrase"": ""stay under the microscope"", ""example_sentence"": ""Good planning helped them stay under the microscope all week.""}, {""phrase"": ""remain under the microscope"", ""example_sentence"": ""The company tried to remain under the microscope after the review.""}]","[{""phrase"": ""খুব ঘনিষ্ঠভাবে পরীক্ষা করা হচ্ছে"", ""example_sentence"": ""শিক্ষার্থীরা উদাহরণে খুব ঘনিষ্ঠভাবে পরীক্ষা করা হচ্ছে অনুশীলন করে।""}, {""phrase"": ""খুব ঘনিষ্ঠভাবে পরীক্ষা করা হচ্ছে"", ""example_sentence"": ""শিক্ষার্থীরা উদাহরণে খুব ঘনিষ্ঠভাবে পরীক্ষা করা হচ্ছে অনুশীলন করে।""}, {""phrase"": ""খুব ঘনিষ্ঠভাবে পরীক্ষা করা হচ্ছে"", ""example_sentence"": ""শিক্ষার্থীরা উদাহরণে খুব ঘনিষ্ঠভাবে পরীক্ষা করা হচ্ছে অনুশীলন করে।""}]",closely examined; scrutinized; inspected,ignored; overlooked; not examined,B1,"02 - Thinking, Learning & Understanding","After the data leak, the company's security system was under the microscope.",ব্যক্তিটি খুব ঘনিষ্ঠভাবে পরীক্ষা করা হচ্ছে অবস্থায় ছিল।,"cybersecurity team closely examining system dashboards and reports after a data breach. Realistic contemporary setting, natural lighting, clear facial expressions, accurate everyday details, documentary photography style.","[""The team was under the microscope after the error."", ""Her report is under the microscope now."", ""The budget will be under the microscope this week.""]"
Idiom,up to speed,/ʌp tu spid/,up too SPEED,আপ টু স্পিড,Fully informed about the current situation,বর্তমান পরিস্থিতি সম্পর্কে পুরোপুরি অবগত,"[{""phrase"": ""be up to speed"", ""example_sentence"": ""The team wants to be up to speed during the project.""}, {""phrase"": ""stay up to speed"", ""example_sentence"": ""Good planning helped them stay up to speed all week.""}, {""phrase"": ""remain up to speed"", ""example_sentence"": ""The company tried to remain up to speed after the review.""}]","[{""phrase"": ""বর্তমান পরিস্থিতি সম্পর্কে পুরোপুরি অবগত"", ""example_sentence"": ""শিক্ষার্থীরা উদাহরণে বর্তমান পরিস্থিতি সম্পর্কে পুরোপুরি অবগত অনুশীলন করে।""}, {""phrase"": ""বর্তমান পরিস্থিতি সম্পর্কে পুরোপুরি অবগত"", ""example_sentence"": ""শিক্ষার্থীরা উদাহরণে বর্তমান পরিস্থিতি সম্পর্কে পুরোপুরি অবগত অনুশীলন করে।""}, {""phrase"": ""বর্তমান পরিস্থিতি সম্পর্কে পুরোপুরি অবগত"", ""example_sentence"": ""শিক্ষার্থীরা উদাহরণে বর্তমান পরিস্থিতি সম্পর্কে পুরোপুরি অবগত অনুশীলন করে।""}]",fully informed; updated; caught up,out of date; uninformed; behind,B1,01 - Communication & Discussion,"After one training session, the new assistant was already up to speed.",ব্যক্তিটি বর্তমান পরিস্থিতি সম্পর্কে পুরোপুরি অবগত অবস্থায় ছিল।,"new office assistant learning quickly in training with mentor, laptop and notes visible. Realistic contemporary setting, natural lighting, clear facial expressions, accurate everyday details, documentary photography style.","[""The new hire is already up to speed."", ""Please get me up to speed before the call."", ""After one lesson, the class was up to speed.""]"
Idiom,a calculated risk,/ə kælkjəleɪtɪd rɪsk/,uh KALKYOOHLAYTEED REESK,আ ক্যালকুলেটেড রিস্ক,A risk taken after careful consideration of outcomes,ফলাফল ভেবে নেওয়া ঝুঁকি,"[{""phrase"": ""a calculated risk for the team"", ""example_sentence"": ""That decision became a calculated risk for the team after the results came in.""}, {""phrase"": ""a calculated risk in the project"", ""example_sentence"": ""Everyone could see a calculated risk in the project by the end of the week.""}, {""phrase"": ""a calculated risk during the review"", ""example_sentence"": ""The feedback showed a calculated risk during the review and helped us improve.""}]","[{""phrase"": ""দলের জন্য ফলাফল ভেবে নেওয়া ঝুঁকি"", ""example_sentence"": ""শিক্ষার্থীরা উদাহরণে দলের জন্য ফলাফল ভেবে নেওয়া ঝুঁকি অনুশীলন করে।""}, {""phrase"": ""প্রকল্পে ফলাফল ভেবে নেওয়া ঝুঁকি"", ""example_sentence"": ""শিক্ষার্থীরা উদাহরণে প্রকল্পে ফলাফল ভেবে নেওয়া ঝুঁকি অনুশীলন করে।""}, {""phrase"": ""পর্যালোচনার সময় ফলাফল ভেবে নেওয়া ঝুঁকি"", ""example_sentence"": ""শিক্ষার্থীরা উদাহরণে পর্যালোচনার সময় ফলাফল ভেবে নেওয়া ঝুঁকি অনুশীলন করে।""}]",considered gamble; informed risk; measured risk,reckless risk; careless gamble; safe choice,B1,"07 - Problems, Difficulty & Risk",A calculated risk was important in the situation.,A ফলাফল ভেবে নেওয়া ঝুঁকি অবস্থায় ছিল।,"employee in a tense office conversation after missing deadlines. Realistic contemporary setting, natural lighting, clear facial expressions, accurate everyday details, documentary photography style.","[""A calculated risk matters here."", ""A calculated risk can guide the choice."", ""This case shows a calculated risk.""]"
Idiom,back-of-the-envelope calculation,/bæk ʌv ðə ɛnvəloʊp kælkjəleɪʃən/,BACK uv thuh EN-vuh-lohp KALKYOOHLAYSHOOHN,ব্যাক আভ দা এন্ভালোপ ক্যালকুলেশন,A quick rough estimate done informally,অনানুষ্ঠানিক দ্রুত আনুমানিক হিসাব,"[{""phrase"": ""back-of-the-envelope calculation for the team"", ""example_sentence"": ""That decision became back-of-the-envelope calculation for the team after the results came in.""}, {""phrase"": ""back-of-the-envelope calculation in the project"", ""example_sentence"": ""Everyone could see back-of-the-envelope calculation in the project by the end of the week.""}, {""phrase"": ""back-of-the-envelope calculation during the review"", ""example_sentence"": ""The feedback showed back-of-the-envelope calculation during the review and helped us improve.""}]","[{""phrase"": ""দলের জন্য অনানুষ্ঠানিক দ্রুত আনুমানিক হিসাব"", ""example_sentence"": ""শিক্ষার্থীরা উদাহরণে দলের জন্য অনানুষ্ঠানিক দ্রুত আনুমানিক হিসাব অনুশীলন করে।""}, {""phrase"": ""প্রকল্পে অনানুষ্ঠানিক দ্রুত আনুমানিক হিসাব"", ""example_sentence"": ""শিক্ষার্থীরা উদাহরণে প্রকল্পে অনানুষ্ঠানিক দ্রুত আনুমানিক হিসাব অনুশীলন করে।""}, {""phrase"": ""পর্যালোচনার সময় অনানুষ্ঠানিক দ্রুত আনুমানিক হিসাব"", ""example_sentence"": ""শিক্ষার্থীরা উদাহরণে পর্যালোচনার সময় অনানুষ্ঠানিক দ্রুত আনুমানিক হিসাব অনুশীলন করে।""}]",rough estimate; quick calculation; approximate figure,precise calculation; detailed analysis; exact figure,A2,"02 - Thinking, Learning & Understanding",A quick back-of-the-envelope calculation showed that the trip would cost about five hundred dollars.,A অনানুষ্ঠানিক দ্রুত আনুমানিক হিসাব করেছিল।,"person making a rough travel cost estimate on scrap paper at a cafe table. Realistic contemporary setting, natural lighting, clear facial expressions, accurate everyday details, documentary photography style.","[""I made a back-of-the-envelope calculation."", ""A back-of-the-envelope calculation showed the trip was possible."", ""His back-of-the-envelope calculation was close to the real cost.""]"
Idiom,best of both worlds,/bɛst ʌv boʊθ wɝldz/,BEST uv BOHTH WERLDZ,বেস্ট আভ বোথ ওয়ারল্ড্জ,A situation that combines the advantages of two options,দুটি বিকল্পের সুবিধা একসঙ্গে থাকা পরিস্থিতি,"[{""phrase"": ""best of both worlds for the team"", ""example_sentence"": ""That decision became best of both worlds for the team after the results came in.""}, {""phrase"": ""best of both worlds in the project"", ""example_sentence"": ""Everyone could see best of both worlds in the project by the end of the week.""}, {""phrase"": ""best of both worlds during the review"", ""example_sentence"": ""The feedback showed best of both worlds during the review and helped us improve.""}]","[{""phrase"": ""দলের জন্য দুটি বিকল্পের সুবিধা একসঙ্গে থাকা পরিস্থিতি"", ""example_sentence"": ""শিক্ষার্থীরা উদাহরণে দলের জন্য দুটি বিকল্পের সুবিধা একসঙ্গে থাকা পরিস্থিতি অনুশীলন করে।""}, {""phrase"": ""প্রকল্পে দুটি বিকল্পের সুবিধা একসঙ্গে থাকা পরিস্থিতি"", ""example_sentence"": ""শিক্ষার্থীরা উদাহরণে প্রকল্পে দুটি বিকল্পের সুবিধা একসঙ্গে থাকা পরিস্থিতি অনুশীলন করে।""}, {""phrase"": ""পর্যালোচনার সময় দুটি বিকল্পের সুবিধা একসঙ্গে থাকা পরিস্থিতি"", ""example_sentence"": ""শিক্ষার্থীরা উদাহরণে পর্যালোচনার সময় দুটি বিকল্পের সুবিধা একসঙ্গে থাকা পরিস্থিতি অনুশীলন করে।""}]",combined advantages; ideal combination; two benefits together,worst of both worlds; combined disadvantages,B2,"03 - Plans, Decisions & Strategy",Working from home three days a week gave Maya the best of both worlds.,Working দুটি বিকল্পের সুবিধা একসঙ্গে থাকা পরিস্থিতি করেছিল।,"professional enjoying hybrid work setup with home desk and office calendar, balanced lifestyle. Realistic contemporary setting, natural lighting, clear facial expressions, accurate everyday details, documentary photography style.","[""Hybrid work gives her the best of both worlds."", ""The new plan offers the best of both worlds."", ""Living near the city and the beach is the best of both worlds.""]"
Idiom,bring to light,/brɪŋ tu laɪt/,BRING too LYT,ব্রিং টু লাইট,To reveal something previously hidden or unknown,আগে লুকানো বা অজানা কিছু প্রকাশ করা,"[{""phrase"": ""bring to light new evidence"", ""example_sentence"": ""The team tried to bring to light new evidence this week.""}, {""phrase"": ""bring to light hidden problems"", ""example_sentence"": ""She tried to bring to light hidden problems without creating confusion.""}, {""phrase"": ""bring to light important facts"", ""example_sentence"": ""They agreed to bring to light important facts and report back.""}]","[{""phrase"": ""নতুন evidence অজানা কিছু প্রকাশ করা"", ""example_sentence"": ""শিক্ষার্থীরা উদাহরণে নতুন evidence অজানা কিছু প্রকাশ করা অনুশীলন করে।""}, {""phrase"": ""hidden problems অজানা কিছু প্রকাশ করা"", ""example_sentence"": ""শিক্ষার্থীরা উদাহরণে hidden problems অজানা কিছু প্রকাশ করা অনুশীলন করে।""}, {""phrase"": ""important facts অজানা কিছু প্রকাশ করা"", ""example_sentence"": ""শিক্ষার্থীরা উদাহরণে important facts অজানা কিছু প্রকাশ করা অনুশীলন করে।""}]",reveal; expose; uncover,hide; cover up; keep secret,B1,"02 - Thinking, Learning & Understanding","Before the afternoon call, Daniel had to bring to light.","বিকেলের কলের আগে, ড্যানিয়েলকে আগে লুকানো বা অজানা কিছু প্রকাশ করা প্রয়োজন হয়েছিল।","coworkers having a brief check-in near desks with laptops and notebooks. Realistic contemporary setting, natural lighting, clear facial expressions, accurate everyday details, documentary photography style.","[""Please bring to light with me after the call."", ""Aisha tried to bring to light before rumors spread."", ""The update helped everyone bring to light.""]"
Idiom,cross that bridge when one comes to it,/krɔs ðæt brɪdʒ wɛn wʌn kʌmz tu ɪt/,KRAWS that BREEY WEN wun KOOHMZ too EET,ক্রস দ্যাট ব্রিজ ওয়েন ওয়ান কামজ টু ইট,To deal with a problem when it actually occurs,সমস্যা সত্যিই এলে তখন তা সামলানো,"[{""phrase"": ""cross that bridge when one comes to it during the project"", ""example_sentence"": ""The team tried to cross that bridge when one comes to it during the project this week.""}, {""phrase"": ""cross that bridge when one comes to it in the meeting"", ""example_sentence"": ""She tried to cross that bridge when one comes to it in the meeting without creating confusion.""}, {""phrase"": ""cross that bridge when one comes to it before the deadline"", ""example_sentence"": ""They agreed to cross that bridge when one comes to it before the deadline and report back.""}]","[{""phrase"": ""প্রকল্প চলাকালে সমস্যা সত্যিই এলে তখন তা সামলানো"", ""example_sentence"": ""শিক্ষার্থীরা উদাহরণে প্রকল্প চলাকালে সমস্যা সত্যিই এলে তখন তা সামলানো অনুশীলন করে।""}, {""phrase"": ""মিটিংয়ে সমস্যা সত্যিই এলে তখন তা সামলানো"", ""example_sentence"": ""শিক্ষার্থীরা উদাহরণে মিটিংয়ে সমস্যা সত্যিই এলে তখন তা সামলানো অনুশীলন করে।""}, {""phrase"": ""সময়সীমার আগে সমস্যা সত্যিই এলে তখন তা সামলানো"", ""example_sentence"": ""শিক্ষার্থীরা উদাহরণে সময়সীমার আগে সমস্যা সত্যিই এলে তখন তা সামলানো অনুশীলন করে।""}]",deal with later; handle it when needed; wait until it arises,plan ahead; deal with it now; prepare in advance,C1,"03 - Plans, Decisions & Strategy",The team decided to cross that bridge when they came to it instead of worrying months ahead.,দলটি সমস্যা সত্যিই এলে তখন তা সামলানো করার সিদ্ধান্ত নিয়েছিল।,"small team working under visible time pressure with wall clock and papers. Realistic contemporary setting, natural lighting, clear facial expressions, accurate everyday details, documentary photography style.","[""Lucas had to cross that bridge when one comes to it when the safe option was gone."", ""The team felt nervous but chose to cross that bridge when one comes to it."", ""After the warning, he knew he was cross that bridge when one comes to it.""]"
Idiom,hit the mark,/hɪt ðə mɑrk/,HIT thuh MAHRK,হিট দা মার্ক,To achieve the intended goal precisely,নির্দিষ্ট লক্ষ্য ঠিকভাবে অর্জন করা,"[{""phrase"": ""hit the mark with the message"", ""example_sentence"": ""The team tried to hit the mark with the message this week.""}, {""phrase"": ""hit the mark in the campaign"", ""example_sentence"": ""She tried to hit the mark in the campaign without creating confusion.""}, {""phrase"": ""hit the mark on the first try"", ""example_sentence"": ""They agreed to hit the mark on the first try and report back.""}]","[{""phrase"": ""with বার্তা নির্দিষ্ট লক্ষ্য ঠিকভাবে অর্জন করা"", ""example_sentence"": ""শিক্ষার্থীরা উদাহরণে with বার্তা নির্দিষ্ট লক্ষ্য ঠিকভাবে অর্জন করা অনুশীলন করে।""}, {""phrase"": ""campaignে নির্দিষ্ট লক্ষ্য ঠিকভাবে অর্জন করা"", ""example_sentence"": ""শিক্ষার্থীরা উদাহরণে campaignে নির্দিষ্ট লক্ষ্য ঠিকভাবে অর্জন করা অনুশীলন করে।""}, {""phrase"": ""first tryে নির্দিষ্ট লক্ষ্য ঠিকভাবে অর্জন করা"", ""example_sentence"": ""শিক্ষার্থীরা উদাহরণে first tryে নির্দিষ্ট লক্ষ্য ঠিকভাবে অর্জন করা অনুশীলন করে।""}]",achieve target; succeed precisely; be accurate,miss the mark; fail; be inaccurate,B1,"06 - Progress, Success & Results","Once the new system was live, Lucas had to hit the mark over the next few days.","নতুন সিস্টেম চালু হলে, was নির্দিষ্ট লক্ষ্য ঠিকভাবে অর্জন করা অবস্থায় ছিল।","employees using a new system as progress indicators rise on a screen. Realistic contemporary setting, natural lighting, clear facial expressions, accurate everyday details, documentary photography style.","[""The idea began to hit the mark after the first test."", ""Our small changes helped the project hit the mark."", ""The new plan finally hit the mark with parents and staff.""]"
Idiom,in the black,/ɪn ðə blæk/,een thuh BLAK,ইন দা ব্ল্যাক,Operating at a profit financially,আর্থিকভাবে লাভে চলা,"[{""phrase"": ""be in the black"", ""example_sentence"": ""The team wants to be in the black during the project.""}, {""phrase"": ""stay in the black"", ""example_sentence"": ""Good planning helped them stay in the black all week.""}, {""phrase"": ""remain in the black"", ""example_sentence"": ""The company tried to remain in the black after the review.""}]","[{""phrase"": ""আর্থিকভাবে লাভে চলা"", ""example_sentence"": ""শিক্ষার্থীরা উদাহরণে আর্থিকভাবে লাভে চলা অনুশীলন করে।""}, {""phrase"": ""আর্থিকভাবে লাভে চলা"", ""example_sentence"": ""শিক্ষার্থীরা উদাহরণে আর্থিকভাবে লাভে চলা অনুশীলন করে।""}, {""phrase"": ""আর্থিকভাবে লাভে চলা"", ""example_sentence"": ""শিক্ষার্থীরা উদাহরণে আর্থিকভাবে লাভে চলা অনুশীলন করে।""}]",profitable; making money; financially positive,in the red; losing money; unprofitable,B1,"10 - Money, Business, Technology & Movement","Thanks to a strong summer, the small cafe was back in the black by September.",ব্যক্তিটি আর্থিকভাবে লাভে চলা অবস্থায় ছিল।,"cafe owner smiling over positive sales reports at the counter after a good season. Realistic contemporary setting, natural lighting, clear facial expressions, accurate everyday details, documentary photography style.","[""The shop is finally in the black."", ""By summer, the cafe was back in the black."", ""Strong ticket sales kept the club in the black.""]"
Idiom,in the red,/ɪn ðə rɛd/,een thuh RED,ইন দা রেড,Operating at a loss financially,আর্থিকভাবে ক্ষতিতে চলা,"[{""phrase"": ""be in the red"", ""example_sentence"": ""The team wants to be in the red during the project.""}, {""phrase"": ""stay in the red"", ""example_sentence"": ""Good planning helped them stay in the red all week.""}, {""phrase"": ""remain in the red"", ""example_sentence"": ""The company tried to remain in the red after the review.""}]","[{""phrase"": ""আর্থিকভাবে ক্ষতিতে চলা"", ""example_sentence"": ""শিক্ষার্থীরা উদাহরণে আর্থিকভাবে ক্ষতিতে চলা অনুশীলন করে।""}, {""phrase"": ""আর্থিকভাবে ক্ষতিতে চলা"", ""example_sentence"": ""শিক্ষার্থীরা উদাহরণে আর্থিকভাবে ক্ষতিতে চলা অনুশীলন করে।""}, {""phrase"": ""আর্থিকভাবে ক্ষতিতে চলা"", ""example_sentence"": ""শিক্ষার্থীরা উদাহরণে আর্থিকভাবে ক্ষতিতে চলা অনুশীলন করে।""}]",unprofitable; losing money; financially negative,in the black; profitable; making money,B1,"10 - Money, Business, Technology & Movement","After the slow winter, the family shop was still in the red.",ব্যক্তিটি আর্থিকভাবে ক্ষতিতে চলা অবস্থায় ছিল।,"small shop owner reviewing negative sales figures and bills in a quiet store. Realistic contemporary setting, natural lighting, clear facial expressions, accurate everyday details, documentary photography style.","[""The company stayed in the red for two months."", ""The hotel was in the red after the storm."", ""Rising costs pushed the shop into the red.""]"
Idiom,keep one's head above water,/kip wʌnz hɛd əbʌv wɔtɚ/,KEEP wunz HED OOHBOOHV WAWTER,কিপ ওয়ান্জ হেড আবাভ ওয়টার,To barely manage to survive or cope,কষ্ট করে টিকে থাকা বা সামলানো,"[{""phrase"": ""keep your head above water during the project"", ""example_sentence"": ""The team tried to keep your head above water during the project this week.""}, {""phrase"": ""keep your head above water in the meeting"", ""example_sentence"": ""She tried to keep your head above water in the meeting without creating confusion.""}, {""phrase"": ""keep your head above water before the deadline"", ""example_sentence"": ""They agreed to keep your head above water before the deadline and report back.""}]","[{""phrase"": ""keep আপনার head above water চলাকালে প্রকল্প কষ্ট করে টিকে থাকা"", ""example_sentence"": ""শিক্ষার্থীরা উদাহরণে keep আপনার head above water চলাকালে প্রকল্প কষ্ট করে টিকে থাকা অনুশীলন করে।""}, {""phrase"": ""keep আপনার head above water মধ্যে মিটিং কষ্ট করে টিকে থাকা"", ""example_sentence"": ""শিক্ষার্থীরা উদাহরণে keep আপনার head above water মধ্যে মিটিং কষ্ট করে টিকে থাকা অনুশীলন করে।""}, {""phrase"": ""keep আপনার head above water আগে সময়সীমা কষ্ট করে টিকে থাকা"", ""example_sentence"": ""শিক্ষার্থীরা উদাহরণে keep আপনার head above water আগে সময়সীমা কষ্ট করে টিকে থাকা অনুশীলন করে।""}]",barely cope; manage to survive; stay afloat,sink; fail to cope; be overwhelmed,C1,"07 - Problems, Difficulty & Risk","When the road was closed, The team had to keep their head above water.",ব্যক্তিটি কষ্ট করে টিকে থাকা বা সামলানো অবস্থায় ছিল।,"people facing a difficult decision beside a closed road sign or blocked route. Realistic contemporary setting, natural lighting, clear facial expressions, accurate everyday details, documentary photography style.","[""Omar had to keep their head above water when the safe option was gone."", ""The team felt nervous but chose to keep their head above water."", ""After the warning, he knew he was keep their head above water.""]"
Idiom,light at the end of the tunnel,/laɪt æt ðə ɛnd ʌv ðə tʌnəl/,LYT at thuh END uv thuh TOOHNOOHL,লাইট অ্যাট দা এন্ড আভ দা টানাল,A sign of improvement after a long difficulty,দীর্ঘ কঠিন সময়ের পর উন্নতির লক্ষণ,"[{""phrase"": ""light at the end of the tunnel during the project"", ""example_sentence"": ""The team tried to light at the end of the tunnel during the project this week.""}, {""phrase"": ""light at the end of the tunnel in the meeting"", ""example_sentence"": ""She tried to light at the end of the tunnel in the meeting without creating confusion.""}, {""phrase"": ""light at the end of the tunnel before the deadline"", ""example_sentence"": ""They agreed to light at the end of the tunnel before the deadline and report back.""}]","[{""phrase"": ""প্রকল্প চলাকালে দীর্ঘ কঠিন সময়ের পর উন্নতির লক্ষণ"", ""example_sentence"": ""শিক্ষার্থীরা উদাহরণে প্রকল্প চলাকালে দীর্ঘ কঠিন সময়ের পর উন্নতির লক্ষণ অনুশীলন করে।""}, {""phrase"": ""মিটিংয়ে দীর্ঘ কঠিন সময়ের পর উন্নতির লক্ষণ"", ""example_sentence"": ""শিক্ষার্থীরা উদাহরণে মিটিংয়ে দীর্ঘ কঠিন সময়ের পর উন্নতির লক্ষণ অনুশীলন করে।""}, {""phrase"": ""সময়সীমার আগে দীর্ঘ কঠিন সময়ের পর উন্নতির লক্ষণ"", ""example_sentence"": ""শিক্ষার্থীরা উদাহরণে সময়সীমার আগে দীর্ঘ কঠিন সময়ের পর উন্নতির লক্ষণ অনুশীলন করে।""}]",hopeful sign; sign of improvement; end in sight,no hope; continued difficulty; no clear end,C1,"06 - Progress, Success & Results","After months of repairs, the reopened bridge felt like light at the end of the tunnel.",ব্যক্তিটি দীর্ঘ কঠিন সময়ের পর উন্নতির লক্ষণ করেছিল।,"town residents seeing a repaired bridge reopen after a long difficult period. Realistic contemporary setting, natural lighting, clear facial expressions, accurate everyday details, documentary photography style.","[""The new grant was light at the end of the tunnel."", ""Seeing the final draft felt like light at the end of the tunnel."", ""The reopened bridge gave the town light at the end of the tunnel.""]"
Idiom,make the most of,/meɪk ðə moʊst ʌv/,MAYK thuh MOHST uv,মেইক দা মোস্ট আভ,To use an opportunity as well as possible,সুযোগটি সর্বোত্তমভাবে ব্যবহার করা,"[{""phrase"": ""make the most of the opportunity"", ""example_sentence"": ""The team tried to make the most of the opportunity this week.""}, {""phrase"": ""make the most of your time"", ""example_sentence"": ""She tried to make the most of your time without creating confusion.""}, {""phrase"": ""make the most of the weekend"", ""example_sentence"": ""They agreed to make the most of the weekend and report back.""}]","[{""phrase"": ""opportunity সুযোগটি সর্বোত্তমভাবে ব্যবহার করা"", ""example_sentence"": ""শিক্ষার্থীরা উদাহরণে opportunity সুযোগটি সর্বোত্তমভাবে ব্যবহার করা অনুশীলন করে।""}, {""phrase"": ""আপনার সময় সুযোগটি সর্বোত্তমভাবে ব্যবহার করা"", ""example_sentence"": ""শিক্ষার্থীরা উদাহরণে আপনার সময় সুযোগটি সর্বোত্তমভাবে ব্যবহার করা অনুশীলন করে।""}, {""phrase"": ""সপ্তাহান্তটি সুযোগটি সর্বোত্তমভাবে ব্যবহার করা"", ""example_sentence"": ""শিক্ষার্থীরা উদাহরণে সপ্তাহান্তটি সুযোগটি সর্বোত্তমভাবে ব্যবহার করা অনুশীলন করে।""}]",use well; take advantage of; maximize,waste; squander; miss the opportunity,B2,"06 - Progress, Success & Results","During the short lunch break, Chloe tried to make the most of the sunshine and walked to the park.",ব্যক্তিটি সুযোগটি সর্বোত্তমভাবে ব্যবহার করা করেছিল।,"Young woman enjoying a short sunny lunch break in a small park near the office, realistic urban daily-life photography.","[""We should make the most of the extra hour before class."", ""She made the most of her weekend in the mountains."", ""He wants to make the most of every training session.""]"
Idiom,on borrowed time,/ɑn bɑroʊd taɪm/,on BAHROHD TEYEM,অন বারোড টাইম,Continuing past an expected endpoint,প্রত্যাশিত শেষ সময়ের পরও চলতে থাকা,"[{""phrase"": ""be on borrowed time"", ""example_sentence"": ""The team wants to be on borrowed time during the project.""}, {""phrase"": ""stay on borrowed time"", ""example_sentence"": ""Good planning helped them stay on borrowed time all week.""}, {""phrase"": ""remain on borrowed time"", ""example_sentence"": ""The company tried to remain on borrowed time after the review.""}]","[{""phrase"": ""প্রত্যাশিত শেষ সময়ের পরও চলতে থাকা"", ""example_sentence"": ""শিক্ষার্থীরা উদাহরণে প্রত্যাশিত শেষ সময়ের পরও চলতে থাকা অনুশীলন করে।""}, {""phrase"": ""প্রত্যাশিত শেষ সময়ের পরও চলতে থাকা"", ""example_sentence"": ""শিক্ষার্থীরা উদাহরণে প্রত্যাশিত শেষ সময়ের পরও চলতে থাকা অনুশীলন করে।""}, {""phrase"": ""প্রত্যাশিত শেষ সময়ের পরও চলতে থাকা"", ""example_sentence"": ""শিক্ষার্থীরা উদাহরণে প্রত্যাশিত শেষ সময়ের পরও চলতে থাকা অনুশীলন করে।""}]",past expected end; temporary survival; limited time left,secure future; plenty of time; normal lifespan,B1,"05 - Time, Scheduling & Process","With its old engine failing every week, the school bus was clearly on borrowed time.",ব্যক্তিটি প্রত্যাশিত শেষ সময়ের পরও চলতে থাকা অবস্থায় ছিল।,"aging school bus in a depot with mechanic inspecting engine, signs of wear visible. Realistic contemporary setting, natural lighting, clear facial expressions, accurate everyday details, documentary photography style.","[""That old laptop is on borrowed time."", ""The bridge is on borrowed time without repairs."", ""Their plan felt like it was on borrowed time.""]"
Idiom,take a rain check,/teɪk ə reɪn tʃɛk/,TAYK uh RAYN CHEK,টেইক আ রেইন চেক,To decline now but accept an offer at a later time,এখন না বলে পরে প্রস্তাব গ্রহণ করা,"[{""phrase"": ""take a rain check on dinner"", ""example_sentence"": ""The team tried to take a rain check on dinner this week.""}, {""phrase"": ""take a rain check for next week"", ""example_sentence"": ""She tried to take a rain check for next week without creating confusion.""}, {""phrase"": ""take a rain check after work"", ""example_sentence"": ""They agreed to take a rain check after work and report back.""}]","[{""phrase"": ""উপর dinner এখন না বলে পরে প্রস্তাব গ্রহণ করা"", ""example_sentence"": ""শিক্ষার্থীরা উদাহরণে উপর dinner এখন না বলে পরে প্রস্তাব গ্রহণ করা অনুশীলন করে।""}, {""phrase"": ""জন্য next week এখন না বলে পরে প্রস্তাব গ্রহণ করা"", ""example_sentence"": ""শিক্ষার্থীরা উদাহরণে জন্য next week এখন না বলে পরে প্রস্তাব গ্রহণ করা অনুশীলন করে।""}, {""phrase"": ""পরে কাজ এখন না বলে পরে প্রস্তাব গ্রহণ করা"", ""example_sentence"": ""শিক্ষার্থীরা উদাহরণে পরে কাজ এখন না বলে পরে প্রস্তাব গ্রহণ করা অনুশীলন করে।""}]",postpone acceptance; decline for now; accept later,accept now; commit immediately; refuse permanently,B2,"05 - Time, Scheduling & Process","Because the doctor was busy, Nora decided to take a rain check the appointment until Monday.",ব্যক্তিটি এখন না বলে পরে প্রস্তাব গ্রহণ করা অবস্থায় ছিল।,"clinic reception desk, patient speaking with receptionist, appointment calendar visible. Realistic contemporary setting, natural lighting, clear facial expressions, accurate everyday details, documentary photography style.","[""We had to take a rain check the match because of the rain."", ""Ben will take a rain check the meeting until Tuesday."", ""They chose to take a rain check the trip for one week.""]"
Idiom,the point of no return,/ðə pɔɪnt ʌv noʊ rɪtɝn/,thuh POINT uv NOH REETERN,দা পয়েন্ট আভ নো রিটারন,The stage after which reversal is impossible,যে পর্যায়ের পর ফিরে আসা অসম্ভব,"[{""phrase"": ""the point of no return for the team"", ""example_sentence"": ""That decision became the point of no return for the team after the results came in.""}, {""phrase"": ""the point of no return in the project"", ""example_sentence"": ""Everyone could see the point of no return in the project by the end of the week.""}, {""phrase"": ""the point of no return during the review"", ""example_sentence"": ""The feedback showed the point of no return during the review and helped us improve.""}]","[{""phrase"": ""দলের জন্য যে পর্যায়ের পর ফিরে আসা অসম্ভব"", ""example_sentence"": ""শিক্ষার্থীরা উদাহরণে দলের জন্য যে পর্যায়ের পর ফিরে আসা অসম্ভব অনুশীলন করে।""}, {""phrase"": ""প্রকল্পে যে পর্যায়ের পর ফিরে আসা অসম্ভব"", ""example_sentence"": ""শিক্ষার্থীরা উদাহরণে প্রকল্পে যে পর্যায়ের পর ফিরে আসা অসম্ভব অনুশীলন করে।""}, {""phrase"": ""পর্যালোচনার সময় যে পর্যায়ের পর ফিরে আসা অসম্ভব"", ""example_sentence"": ""শিক্ষার্থীরা উদাহরণে পর্যালোচনার সময় যে পর্যায়ের পর ফিরে আসা অসম্ভব অনুশীলন করে।""}]",irreversible stage; final turning point; no going back,reversible stage; still able to turn back,C1,"07 - Problems, Difficulty & Risk",The point of no return was important in the situation.,The যে পর্যায়ের পর ফিরে আসা অসম্ভব অবস্থায় ছিল।,"small team working under visible time pressure with wall clock and papers. Realistic contemporary setting, natural lighting, clear facial expressions, accurate everyday details, documentary photography style.","[""The point of no return matters here."", ""The point of no return can guide the choice."", ""This case shows the point of no return.""]"
Idiom,get one's ducks in a row,/ɡɛt wʌnz dʌks ɪn ə roʊ/,GET wunz DOOHKS een uh ROH,গেট ওয়ান্জ ডাকস ইন আ রো,To organize everything before taking action,পদক্ষেপের আগে সবকিছু গুছিয়ে নেওয়া,"[{""phrase"": ""get your ducks in a row before the meeting"", ""example_sentence"": ""The team tried to get your ducks in a row before the meeting this week.""}, {""phrase"": ""get your ducks in a row for the application"", ""example_sentence"": ""She tried to get your ducks in a row for the application without creating confusion.""}, {""phrase"": ""get your ducks in a row during planning"", ""example_sentence"": ""They agreed to get your ducks in a row during planning and report back.""}]","[{""phrase"": ""get আপনার ducks মধ্যে একটি row আগে মিটিং পদক্ষেপের আগে সবকিছু গুছিয়ে নেওয়া"", ""example_sentence"": ""শিক্ষার্থীরা উদাহরণে get আপনার ducks মধ্যে একটি row আগে মিটিং পদক্ষেপের আগে সবকিছু গুছিয়ে নেওয়া অনুশীলন করে।""}, {""phrase"": ""get আপনার ducks মধ্যে একটি row জন্য আবেদন পদক্ষেপের আগে সবকিছু গুছিয়ে নেওয়া"", ""example_sentence"": ""শিক্ষার্থীরা উদাহরণে get আপনার ducks মধ্যে একটি row জন্য আবেদন পদক্ষেপের আগে সবকিছু গুছিয়ে নেওয়া অনুশীলন করে।""}, {""phrase"": ""get আপনার ducks মধ্যে একটি row চলাকালে planning পদক্ষেপের আগে সবকিছু গুছিয়ে নেওয়া"", ""example_sentence"": ""শিক্ষার্থীরা উদাহরণে get আপনার ducks মধ্যে একটি row চলাকালে planning পদক্ষেপের আগে সবকিছু গুছিয়ে নেওয়া অনুশীলন করে।""}]",get organized; prepare everything; arrange details,be disorganized; leave things unprepared,C1,"03 - Plans, Decisions & Strategy","In the hall, The team decided to get their ducks in a row the chairs in a straight line.","হলে, দলটি পদক্ষেপের আগে সবকিছু গুছিয়ে নেওয়ার সিদ্ধান্ত নিয়েছিল।","community hall with chairs being arranged neatly before an event. Realistic contemporary setting, natural lighting, clear facial expressions, accurate everyday details, documentary photography style.","[""Leo helped to get their ducks in a row the chairs before class."", ""We should get their ducks in a row the ideas more clearly."", ""The manager asked them to get their ducks in a row the files on the desk.""]"
Idiom,a tall order,/ə tɔl ɔrdɚ/,uh TAWL AWRDER,আ টল অর্ডার,A task that is very difficult to accomplish,সম্পন্ন করা খুব কঠিন কাজ,"[{""phrase"": ""a tall order for the team"", ""example_sentence"": ""That decision became a tall order for the team after the results came in.""}, {""phrase"": ""a tall order in the project"", ""example_sentence"": ""Everyone could see a tall order in the project by the end of the week.""}, {""phrase"": ""a tall order during the review"", ""example_sentence"": ""The feedback showed a tall order during the review and helped us improve.""}]","[{""phrase"": ""দলের জন্য সম্পন্ন করা খুব কঠিন কাজ"", ""example_sentence"": ""শিক্ষার্থীরা উদাহরণে দলের জন্য সম্পন্ন করা খুব কঠিন কাজ অনুশীলন করে।""}, {""phrase"": ""প্রকল্পে সম্পন্ন করা খুব কঠিন কাজ"", ""example_sentence"": ""শিক্ষার্থীরা উদাহরণে প্রকল্পে সম্পন্ন করা খুব কঠিন কাজ অনুশীলন করে।""}, {""phrase"": ""পর্যালোচনার সময় সম্পন্ন করা খুব কঠিন কাজ"", ""example_sentence"": ""শিক্ষার্থীরা উদাহরণে পর্যালোচনার সময় সম্পন্ন করা খুব কঠিন কাজ অনুশীলন করে।""}]",difficult task; big challenge; demanding goal,easy task; simple request; small job,B1,"07 - Problems, Difficulty & Risk",Finishing the whole website in two days was a tall order for one designer.,Finishing সম্পন্ন করা খুব কঠিন কাজ অবস্থায় ছিল।,"single designer facing a large website task with tight two-day deadline on screen. Realistic contemporary setting, natural lighting, clear facial expressions, accurate everyday details, documentary photography style.","[""Finishing today is a tall order."", ""For one cook, that was a tall order."", ""Learning both systems in a week is a tall order.""]"
Idiom,cut one's losses,/kʌt wʌnz lɔsəz/,KUT wunz LAWSOOHZ,কাট ওয়ান্জ লসেজ,To stop doing something that is failing to limit damage,ক্ষতি কমাতে ব্যর্থ কাজ বন্ধ করা,"[{""phrase"": ""cut your losses early"", ""example_sentence"": ""The team tried to cut your losses early this week.""}, {""phrase"": ""cut your losses after the failure"", ""example_sentence"": ""She tried to cut your losses after the failure without creating confusion.""}, {""phrase"": ""cut your losses before costs rise"", ""example_sentence"": ""They agreed to cut your losses before costs rise and report back.""}]","[{""phrase"": ""cut আপনার losses early ক্ষতি কমাতে ব্যর্থ কাজ বন্ধ করা"", ""example_sentence"": ""শিক্ষার্থীরা উদাহরণে cut আপনার losses early ক্ষতি কমাতে ব্যর্থ কাজ বন্ধ করা অনুশীলন করে।""}, {""phrase"": ""cut আপনার losses পরে failure ক্ষতি কমাতে ব্যর্থ কাজ বন্ধ করা"", ""example_sentence"": ""শিক্ষার্থীরা উদাহরণে cut আপনার losses পরে failure ক্ষতি কমাতে ব্যর্থ কাজ বন্ধ করা অনুশীলন করে।""}, {""phrase"": ""cut আপনার losses আগে খরচগুলো rise ক্ষতি কমাতে ব্যর্থ কাজ বন্ধ করা"", ""example_sentence"": ""শিক্ষার্থীরা উদাহরণে cut আপনার losses আগে খরচগুলো rise ক্ষতি কমাতে ব্যর্থ কাজ বন্ধ করা অনুশীলন করে।""}]",stop a failing effort; limit damage; walk away,keep investing; double down; chase losses,B1,"07 - Problems, Difficulty & Risk","After several calls, The team had to cut their losses when no one answered.",ব্যক্তিটি ক্ষতি কমাতে ব্যর্থ কাজ বন্ধ করা করেছিল।,"office worker with phone in hand, frustrated after repeated calls. Realistic contemporary setting, natural lighting, clear facial expressions, accurate everyday details, documentary photography style.","[""After an hour, David decided to cut their losses."", ""Do not cut their losses before you check the answer again."", ""The team refused to cut their losses even after the setback.""]"
Idiom,in the long run,/ɪn ðə lɔŋ rʌn/,een thuh LAWNG RUN,ইন দা লং রান,Over an extended period of time ultimately,দীর্ঘ সময়ের শেষে,"[{""phrase"": ""be in the long run"", ""example_sentence"": ""The team wants to be in the long run during the project.""}, {""phrase"": ""stay in the long run"", ""example_sentence"": ""Good planning helped them stay in the long run all week.""}, {""phrase"": ""remain in the long run"", ""example_sentence"": ""The company tried to remain in the long run after the review.""}]","[{""phrase"": ""দীর্ঘ সময়ের শেষে"", ""example_sentence"": ""শিক্ষার্থীরা উদাহরণে দীর্ঘ সময়ের শেষে অনুশীলন করে।""}, {""phrase"": ""দীর্ঘ সময়ের শেষে"", ""example_sentence"": ""শিক্ষার্থীরা উদাহরণে দীর্ঘ সময়ের শেষে অনুশীলন করে।""}, {""phrase"": ""দীর্ঘ সময়ের শেষে"", ""example_sentence"": ""শিক্ষার্থীরা উদাহরণে দীর্ঘ সময়ের শেষে অনুশীলন করে।""}]",over time; eventually; ultimately,short term; immediately; right now,B2,"05 - Time, Scheduling & Process","At work, the plan was in the long run.","কর্মক্ষেত্রে, the দীর্ঘ সময়ের শেষে অবস্থায় ছিল।","realistic workplace scene matching the sentence, detailed environment and natural light. Realistic contemporary setting, natural lighting, clear facial expressions, accurate everyday details, documentary photography style.","[""The situation was in the long run."", ""The team stayed in the long run."", ""Everyone knew it was in the long run.""]"
Idiom,play hardball,/pleɪ hɑrdbɔl/,PLAY HAHRDBAWL,প্লেই হার্ডবল,To act aggressively and without compromise,আক্রমণাত্মক ও আপসহীনভাবে কাজ করা,"[{""phrase"": ""play hardball in negotiations"", ""example_sentence"": ""The team tried to play hardball in negotiations this week.""}, {""phrase"": ""play hardball with competitors"", ""example_sentence"": ""She tried to play hardball with competitors without creating confusion.""}, {""phrase"": ""play hardball during the deal"", ""example_sentence"": ""They agreed to play hardball during the deal and report back.""}]","[{""phrase"": ""মধ্যে negotiations আক্রমণাত্মক ও আপসহীনভাবে কাজ করা"", ""example_sentence"": ""শিক্ষার্থীরা উদাহরণে মধ্যে negotiations আক্রমণাত্মক ও আপসহীনভাবে কাজ করা অনুশীলন করে।""}, {""phrase"": ""with competitors আক্রমণাত্মক ও আপসহীনভাবে কাজ করা"", ""example_sentence"": ""শিক্ষার্থীরা উদাহরণে with competitors আক্রমণাত্মক ও আপসহীনভাবে কাজ করা অনুশীলন করে।""}, {""phrase"": ""deal চলাকালে আক্রমণাত্মক ও আপসহীনভাবে কাজ করা"", ""example_sentence"": ""শিক্ষার্থীরা উদাহরণে deal চলাকালে আক্রমণাত্মক ও আপসহীনভাবে কাজ করা অনুশীলন করে।""}]",act tough; negotiate aggressively; be uncompromising,play nice; compromise; use a soft approach,A2,"09 - Relationships, Feelings & Daily Life","After two missed deadlines, Ivy had to play hardball.","দুটি সময়সীমা মিস করার পর, আইভিকে আক্রমণাত্মক ও আপসহীনভাবে কাজ করা প্রয়োজন হয়েছিল।","employee in a tense office conversation after missing deadlines. Realistic contemporary setting, natural lighting, clear facial expressions, accurate everyday details, documentary photography style.","[""Ryan had to play hardball when the safe option was gone."", ""The team felt nervous but chose to play hardball."", ""After the warning, he knew he was play hardball.""]"
Idiom,off the record,/ɔf ðə rəkɔrd/,AWF thuh RIH-kord,অফ দা রাকর্ড,Not to be officially documented or published,আনুষ্ঠানিকভাবে নথিভুক্ত বা প্রকাশযোগ্য নয়,"[{""phrase"": ""be off the record"", ""example_sentence"": ""The team wants to be off the record during the project.""}, {""phrase"": ""stay off the record"", ""example_sentence"": ""Good planning helped them stay off the record all week.""}, {""phrase"": ""remain off the record"", ""example_sentence"": ""The company tried to remain off the record after the review.""}]","[{""phrase"": ""আনুষ্ঠানিকভাবে নথিভুক্ত বা প্রকাশযোগ্য নয়"", ""example_sentence"": ""শিক্ষার্থীরা উদাহরণে আনুষ্ঠানিকভাবে নথিভুক্ত বা প্রকাশযোগ্য নয় অনুশীলন করে।""}, {""phrase"": ""আনুষ্ঠানিকভাবে নথিভুক্ত বা প্রকাশযোগ্য নয়"", ""example_sentence"": ""শিক্ষার্থীরা উদাহরণে আনুষ্ঠানিকভাবে নথিভুক্ত বা প্রকাশযোগ্য নয় অনুশীলন করে।""}, {""phrase"": ""আনুষ্ঠানিকভাবে নথিভুক্ত বা প্রকাশযোগ্য নয়"", ""example_sentence"": ""শিক্ষার্থীরা উদাহরণে আনুষ্ঠানিকভাবে নথিভুক্ত বা প্রকাশযোগ্য নয় অনুশীলন করে।""}]",unofficial; not for publication; confidential,on the record; official; publishable,B1,01 - Communication & Discussion,"After the interview, the mayor shared one concern off the record.",ব্যক্তিটি আনুষ্ঠানিকভাবে নথিভুক্ত বা প্রকাশযোগ্য নয় করেছিল।,"quiet conversation between mayor and reporter after an interview, cameras lowered. Realistic contemporary setting, natural lighting, clear facial expressions, accurate everyday details, documentary photography style.","[""He shared one comment off the record."", ""The source spoke off the record after the meeting."", ""They asked that the details stay off the record.""]"
Idiom,on the record,/ɑn ðə rəkɔrd/,on thuh RIH-kord,অন দা রাকর্ড,Officially stated and able to be published,আনুষ্ঠানিকভাবে বলা এবং প্রকাশযোগ্য,"[{""phrase"": ""be on the record"", ""example_sentence"": ""The team wants to be on the record during the project.""}, {""phrase"": ""stay on the record"", ""example_sentence"": ""Good planning helped them stay on the record all week.""}, {""phrase"": ""remain on the record"", ""example_sentence"": ""The company tried to remain on the record after the review.""}]","[{""phrase"": ""আনুষ্ঠানিকভাবে বলা এবং প্রকাশযোগ্য"", ""example_sentence"": ""শিক্ষার্থীরা উদাহরণে আনুষ্ঠানিকভাবে বলা এবং প্রকাশযোগ্য অনুশীলন করে।""}, {""phrase"": ""আনুষ্ঠানিকভাবে বলা এবং প্রকাশযোগ্য"", ""example_sentence"": ""শিক্ষার্থীরা উদাহরণে আনুষ্ঠানিকভাবে বলা এবং প্রকাশযোগ্য অনুশীলন করে।""}, {""phrase"": ""আনুষ্ঠানিকভাবে বলা এবং প্রকাশযোগ্য"", ""example_sentence"": ""শিক্ষার্থীরা উদাহরণে আনুষ্ঠানিকভাবে বলা এবং প্রকাশযোগ্য অনুশীলন করে।""}]",official; publicly stated; documented,off the record; unofficial; confidential,B1,01 - Communication & Discussion,The company spokesperson confirmed on the record that the store would reopen Monday.,The আনুষ্ঠানিকভাবে বলা এবং প্রকাশযোগ্য করেছিল।,"spokesperson speaking at a press microphone, official statement about store reopening. Realistic contemporary setting, natural lighting, clear facial expressions, accurate everyday details, documentary photography style.","[""The minister confirmed it on the record."", ""Her answer is now on the record."", ""The school put its decision on the record.""]"
Idiom,bite the hand that feeds you,/baɪt ðə hænd ðæt fidz ju/,BYT thuh HAND that FEEDZ YOO,বাইট দা হ্যান্ড দ্যাট ফিডজ ইউ,To harm or oppose someone who supports you,যে সহায়তা করে তার ক্ষতি বা বিরোধিতা করা,"[{""phrase"": ""bite the hand that feeds you during the project"", ""example_sentence"": ""The team tried to bite the hand that feeds you during the project this week.""}, {""phrase"": ""bite the hand that feeds you in the meeting"", ""example_sentence"": ""She tried to bite the hand that feeds you in the meeting without creating confusion.""}, {""phrase"": ""bite the hand that feeds you before the deadline"", ""example_sentence"": ""They agreed to bite the hand that feeds you before the deadline and report back.""}]","[{""phrase"": ""প্রকল্প চলাকালে বিরোধিতা করা"", ""example_sentence"": ""শিক্ষার্থীরা উদাহরণে প্রকল্প চলাকালে বিরোধিতা করা অনুশীলন করে।""}, {""phrase"": ""মিটিংয়ে বিরোধিতা করা"", ""example_sentence"": ""শিক্ষার্থীরা উদাহরণে মিটিংয়ে বিরোধিতা করা অনুশীলন করে।""}, {""phrase"": ""সময়সীমার আগে বিরোধিতা করা"", ""example_sentence"": ""শিক্ষার্থীরা উদাহরণে সময়সীমার আগে বিরোধিতা করা অনুশীলন করে।""}]",betray a supporter; harm a benefactor; be ungrateful,show gratitude; support a benefactor; stay loyal,C1,"09 - Relationships, Feelings & Daily Life",Sam warned the intern not to bite the hand that feeds you by insulting the sponsor online.,স্যাম যে সহায়তা করে তার ক্ষতি বা বিরোধিতা করা করেছিল।,"realistic daily-life scene matching the sentence, natural lighting, candid photography. Realistic contemporary setting, natural lighting, clear facial expressions, accurate everyday details, documentary photography style.","[""Ella had to bite the hand that feeds you before lunch."", ""We decided to bite the hand that feeds you during the meeting."", ""They want to bite the hand that feeds you this week.""]"
Idiom,cash cow,/kæʃ kaʊ/,CASH KOW,ক্যাশ কাউ,A product or business that generates reliable profit,নিয়মিত লাভ দেয় এমন পণ্য বা ব্যবসা,"[{""phrase"": ""cash cow during the project"", ""example_sentence"": ""The team tried to cash cow during the project this week.""}, {""phrase"": ""cash cow in the meeting"", ""example_sentence"": ""She tried to cash cow in the meeting without creating confusion.""}, {""phrase"": ""cash cow before the deadline"", ""example_sentence"": ""They agreed to cash cow before the deadline and report back.""}]","[{""phrase"": ""প্রকল্প চলাকালে নিয়মিত লাভ দেয় এমন পণ্য বা ব্যবসা"", ""example_sentence"": ""শিক্ষার্থীরা উদাহরণে প্রকল্প চলাকালে নিয়মিত লাভ দেয় এমন পণ্য বা ব্যবসা অনুশীলন করে।""}, {""phrase"": ""মিটিংয়ে নিয়মিত লাভ দেয় এমন পণ্য বা ব্যবসা"", ""example_sentence"": ""শিক্ষার্থীরা উদাহরণে মিটিংয়ে নিয়মিত লাভ দেয় এমন পণ্য বা ব্যবসা অনুশীলন করে।""}, {""phrase"": ""সময়সীমার আগে নিয়মিত লাভ দেয় এমন পণ্য বা ব্যবসা"", ""example_sentence"": ""শিক্ষার্থীরা উদাহরণে সময়সীমার আগে নিয়মিত লাভ দেয় এমন পণ্য বা ব্যবসা অনুশীলন করে।""}]",reliable money-maker; profitable product; steady revenue source,money pit; loss maker; unprofitable product,A2,"10 - Money, Business, Technology & Movement",The company's basic phone plan is still its biggest cash cow.,The নিয়মিত লাভ দেয় এমন পণ্য বা ব্যবসা অবস্থায় ছিল।,"telecom office dashboard showing a simple phone plan generating steady profits. Realistic contemporary setting, natural lighting, clear facial expressions, accurate everyday details, documentary photography style.","[""That product is their cash cow."", ""The cafe became a cash cow during summer."", ""For years, the basic plan was a cash cow.""]"
Idiom,pull the plug,/pʊl ðə plʌɡ/,PULL thuh PLUG,পুল দা প্লাগ,To stop or terminate a project or system,প্রকল্প বা সিস্টেম বন্ধ বা শেষ করা,"[{""phrase"": ""pull the plug on the project"", ""example_sentence"": ""The team tried to pull the plug on the project this week.""}, {""phrase"": ""pull the plug after the test"", ""example_sentence"": ""She tried to pull the plug after the test without creating confusion.""}, {""phrase"": ""pull the plug before launch"", ""example_sentence"": ""They agreed to pull the plug before launch and report back.""}]","[{""phrase"": ""প্রকল্পে শেষ করা"", ""example_sentence"": ""শিক্ষার্থীরা উদাহরণে প্রকল্পে শেষ করা অনুশীলন করে।""}, {""phrase"": ""test পরে শেষ করা"", ""example_sentence"": ""শিক্ষার্থীরা উদাহরণে test পরে শেষ করা অনুশীলন করে।""}, {""phrase"": ""আগে launch শেষ করা"", ""example_sentence"": ""শিক্ষার্থীরা উদাহরণে আগে launch শেষ করা অনুশীলন করে।""}]",stop; terminate; cancel,keep going; continue funding; launch,B1,"05 - Time, Scheduling & Process","Near the deadline, Jonah had to pull the plug to avoid wasting more time.",Near প্রকল্প বা সিস্টেম বন্ধ বা শেষ করা করেছিল।,"student at desk deciding to stop struggling with a task, books and notes scattered. Realistic contemporary setting, natural lighting, clear facial expressions, accurate everyday details, documentary photography style.","[""After an hour, Leila decided to pull the plug."", ""Do not pull the plug before you check the answer again."", ""The team refused to pull the plug even after the setback.""]"
Idiom,all hands on deck,/ɔl hændz ɑn dɛk/,ALL HANDZ on DEK,অল হ্যান্ডজ অন ডেক,Everyone must contribute to address a situation,পরিস্থিতি সামলাতে সবাইকে অবদান রাখতে হবে,"[{""phrase"": ""all hands on deck for the team"", ""example_sentence"": ""That decision became all hands on deck for the team after the results came in.""}, {""phrase"": ""all hands on deck in the project"", ""example_sentence"": ""Everyone could see all hands on deck in the project by the end of the week.""}, {""phrase"": ""all hands on deck during the review"", ""example_sentence"": ""The feedback showed all hands on deck during the review and helped us improve.""}]","[{""phrase"": ""দলের জন্য পরিস্থিতি সামলাতে সবাইকে অবদান রাখতে হবে"", ""example_sentence"": ""শিক্ষার্থীরা উদাহরণে দলের জন্য পরিস্থিতি সামলাতে সবাইকে অবদান রাখতে হবে অনুশীলন করে।""}, {""phrase"": ""প্রকল্পে পরিস্থিতি সামলাতে সবাইকে অবদান রাখতে হবে"", ""example_sentence"": ""শিক্ষার্থীরা উদাহরণে প্রকল্পে পরিস্থিতি সামলাতে সবাইকে অবদান রাখতে হবে অনুশীলন করে।""}, {""phrase"": ""পর্যালোচনার সময় পরিস্থিতি সামলাতে সবাইকে অবদান রাখতে হবে"", ""example_sentence"": ""শিক্ষার্থীরা উদাহরণে পর্যালোচনার সময় পরিস্থিতি সামলাতে সবাইকে অবদান রাখতে হবে অনুশীলন করে।""}]",everyone helps; full team effort; collective action,limited help; stand down; few people involved,B2,"04 - Work, Responsibility & Productivity",All hands on deck was important in the situation.,All পরিস্থিতি সামলাতে সবাইকে অবদান রাখতে হবে অবস্থায় ছিল।,"team members gathered around a table, supporting a plan shown on a laptop and printed notes. Realistic contemporary setting, natural lighting, clear facial expressions, accurate everyday details, documentary photography style.","[""All hands on deck matters here."", ""All hands on deck can guide the choice."", ""This case shows all hands on deck.""]"
Idiom,brass tacks,/bræs tæks/,BRAS TAKS,ব্র্যাস ট্যাক্স,The most basic essential facts of a matter,কোনো বিষয়ের সবচেয়ে মৌলিক গুরুত্বপূর্ণ তথ্য,"[{""phrase"": ""brass tacks for the team"", ""example_sentence"": ""That decision became brass tacks for the team after the results came in.""}, {""phrase"": ""brass tacks in the project"", ""example_sentence"": ""Everyone could see brass tacks in the project by the end of the week.""}, {""phrase"": ""brass tacks during the review"", ""example_sentence"": ""The feedback showed brass tacks during the review and helped us improve.""}]","[{""phrase"": ""দলের জন্য কোনো বিষয়ের সবচেয়ে মৌলিক গুরুত্বপূর্ণ তথ্য"", ""example_sentence"": ""শিক্ষার্থীরা উদাহরণে দলের জন্য কোনো বিষয়ের সবচেয়ে মৌলিক গুরুত্বপূর্ণ তথ্য অনুশীলন করে।""}, {""phrase"": ""প্রকল্পে কোনো বিষয়ের সবচেয়ে মৌলিক গুরুত্বপূর্ণ তথ্য"", ""example_sentence"": ""শিক্ষার্থীরা উদাহরণে প্রকল্পে কোনো বিষয়ের সবচেয়ে মৌলিক গুরুত্বপূর্ণ তথ্য অনুশীলন করে।""}, {""phrase"": ""পর্যালোচনার সময় কোনো বিষয়ের সবচেয়ে মৌলিক গুরুত্বপূর্ণ তথ্য"", ""example_sentence"": ""শিক্ষার্থীরা উদাহরণে পর্যালোচনার সময় কোনো বিষয়ের সবচেয়ে মৌলিক গুরুত্বপূর্ণ তথ্য অনুশীলন করে।""}]",essentials; practical facts; core details,vague talk; side issues; nonessentials,A2,01 - Communication & Discussion,"For the manager, brass tacks meant cost, time, and staff numbers.",ব্যক্তিটি কোনো বিষয়ের সবচেয়ে মৌলিক গুরুত্বপূর্ণ তথ্য করেছিল।,"manager focusing on core facts like cost time and staffing on a planning board. Realistic contemporary setting, natural lighting, clear facial expressions, accurate everyday details, documentary photography style.","[""Let us focus on brass tacks."", ""For the owner, brass tacks meant cost and time."", ""The meeting moved from ideas to brass tacks.""]"
Idiom,buy-in,/baɪ ɪn/,by een,বাই ইন,Agreement and commitment from stakeholders,সংশ্লিষ্টদের সম্মতি ও অঙ্গীকার,"[{""phrase"": ""buy-in for the team"", ""example_sentence"": ""That decision became buy-in for the team after the results came in.""}, {""phrase"": ""buy-in in the project"", ""example_sentence"": ""Everyone could see buy-in in the project by the end of the week.""}, {""phrase"": ""buy-in during the review"", ""example_sentence"": ""The feedback showed buy-in during the review and helped us improve.""}]","[{""phrase"": ""দলের জন্য সংশ্লিষ্টদের সম্মতি ও অঙ্গীকার"", ""example_sentence"": ""শিক্ষার্থীরা উদাহরণে দলের জন্য সংশ্লিষ্টদের সম্মতি ও অঙ্গীকার অনুশীলন করে।""}, {""phrase"": ""প্রকল্পে সংশ্লিষ্টদের সম্মতি ও অঙ্গীকার"", ""example_sentence"": ""শিক্ষার্থীরা উদাহরণে প্রকল্পে সংশ্লিষ্টদের সম্মতি ও অঙ্গীকার অনুশীলন করে।""}, {""phrase"": ""পর্যালোচনার সময় সংশ্লিষ্টদের সম্মতি ও অঙ্গীকার"", ""example_sentence"": ""শিক্ষার্থীরা উদাহরণে পর্যালোচনার সময় সংশ্লিষ্টদের সম্মতি ও অঙ্গীকার অনুশীলন করে।""}]",agreement; support; commitment,resistance; opposition; refusal,A2,"09 - Relationships, Feelings & Daily Life","Without teacher buy-in, the new reading program could not succeed.",Without সংশ্লিষ্টদের সম্মতি ও অঙ্গীকার করেছিল।,"school leadership presenting a reading program and seeking commitment from teachers. Realistic contemporary setting, natural lighting, clear facial expressions, accurate everyday details, documentary photography style.","[""We still need buy-in from teachers."", ""Without buy-in, the plan will fail."", ""The manager earned buy-in through clear updates.""]"
Idiom,cold call,/koʊld kɔl/,KOHLD KAWL,কোল্ড কল,To contact a potential customer without prior connection,আগের পরিচয় ছাড়া সম্ভাব্য গ্রাহকের সঙ্গে যোগাযোগ করা,"[{""phrase"": ""cold call for the team"", ""example_sentence"": ""That decision became cold call for the team after the results came in.""}, {""phrase"": ""cold call in the project"", ""example_sentence"": ""Everyone could see cold call in the project by the end of the week.""}, {""phrase"": ""cold call during the review"", ""example_sentence"": ""The feedback showed cold call during the review and helped us improve.""}]","[{""phrase"": ""দলের জন্য আগের পরিচয় ছাড়া সম্ভাব্য গ্রাহকের সঙ্গে যোগাযোগ করা"", ""example_sentence"": ""শিক্ষার্থীরা উদাহরণে দলের জন্য আগের পরিচয় ছাড়া সম্ভাব্য গ্রাহকের সঙ্গে যোগাযোগ করা অনুশীলন করে।""}, {""phrase"": ""প্রকল্পে আগের পরিচয় ছাড়া সম্ভাব্য গ্রাহকের সঙ্গে যোগাযোগ করা"", ""example_sentence"": ""শিক্ষার্থীরা উদাহরণে প্রকল্পে আগের পরিচয় ছাড়া সম্ভাব্য গ্রাহকের সঙ্গে যোগাযোগ করা অনুশীলন করে।""}, {""phrase"": ""পর্যালোচনার সময় আগের পরিচয় ছাড়া সম্ভাব্য গ্রাহকের সঙ্গে যোগাযোগ করা"", ""example_sentence"": ""শিক্ষার্থীরা উদাহরণে পর্যালোচনার সময় আগের পরিচয় ছাড়া সম্ভাব্য গ্রাহকের সঙ্গে যোগাযোগ করা অনুশীলন করে।""}]",unsolicited contact; prospecting call; reach out unexpectedly,warm call; scheduled call; contacted by referral,A2,01 - Communication & Discussion,"During the day, Mason had to cold call.","দিনের মধ্যে, মেসনকে আগের পরিচয় ছাড়া সম্ভাব্য গ্রাহকের সঙ্গে যোগাযোগ করা প্রয়োজন হয়েছিল।","realistic daily-life scene matching the sentence, natural lighting, candid photography. Realistic contemporary setting, natural lighting, clear facial expressions, accurate everyday details, documentary photography style.","[""Nina had to cold call before lunch."", ""We decided to cold call during the meeting."", ""They want to cold call this week.""]"
Idiom,fire on all cylinders,/faɪɚ ɑn ɔl sɪləndɚz/,FIRE on ALL SEELOOHNDERZ,ফায়ার অন অল সিলান্ডারজ,To operate at maximum effort and efficiency,সর্বোচ্চ চেষ্টা ও দক্ষতায় কাজ করা,"[{""phrase"": ""fire on all cylinders at work"", ""example_sentence"": ""The team tried to fire on all cylinders at work this week.""}, {""phrase"": ""fire on all cylinders during the launch"", ""example_sentence"": ""She tried to fire on all cylinders during the launch without creating confusion.""}, {""phrase"": ""fire on all cylinders after the upgrade"", ""example_sentence"": ""They agreed to fire on all cylinders after the upgrade and report back.""}]","[{""phrase"": ""কর্মস্থলে সর্বোচ্চ চেষ্টা ও দক্ষতায় কাজ করা"", ""example_sentence"": ""শিক্ষার্থীরা উদাহরণে কর্মস্থলে সর্বোচ্চ চেষ্টা ও দক্ষতায় কাজ করা অনুশীলন করে।""}, {""phrase"": ""launch চলাকালে সর্বোচ্চ চেষ্টা ও দক্ষতায় কাজ করা"", ""example_sentence"": ""শিক্ষার্থীরা উদাহরণে launch চলাকালে সর্বোচ্চ চেষ্টা ও দক্ষতায় কাজ করা অনুশীলন করে।""}, {""phrase"": ""upgrade পরে সর্বোচ্চ চেষ্টা ও দক্ষতায় কাজ করা"", ""example_sentence"": ""শিক্ষার্থীরা উদাহরণে upgrade পরে সর্বোচ্চ চেষ্টা ও দক্ষতায় কাজ করা অনুশীলন করে।""}]",perform at full capacity; work very efficiently; operate strongly,underperform; run poorly; operate below capacity,B2,"04 - Work, Responsibility & Productivity","On her first day, Nina had to fire on all cylinders without waiting for extra help.","তার প্রথম দিনে, নিনাকে অতিরিক্ত সাহায্যের অপেক্ষা না করে সর্বোচ্চ চেষ্টা ও দক্ষতায় কাজ করা প্রয়োজন হয়েছিল।","new employee arriving energetic and immediately starting tasks at a desk. Realistic contemporary setting, natural lighting, clear facial expressions, accurate everyday details, documentary photography style.","[""Adam was ready to fire on all cylinders on day one."", ""The volunteers fire on all cylinders when the event got busy."", ""If everyone fire on all cylinders, we can finish today.""]"
Idiom,in a nutshell,/ɪn ə nʌtʃɛl/,een uh NOOHCHEL,ইন আ নাচেল,Summarized very briefly and concisely,খুব সংক্ষেপে বলা,"[{""phrase"": ""be in a nutshell"", ""example_sentence"": ""The team wants to be in a nutshell during the project.""}, {""phrase"": ""stay in a nutshell"", ""example_sentence"": ""Good planning helped them stay in a nutshell all week.""}, {""phrase"": ""remain in a nutshell"", ""example_sentence"": ""The company tried to remain in a nutshell after the review.""}]","[{""phrase"": ""খুব সংক্ষেপে বলা"", ""example_sentence"": ""শিক্ষার্থীরা উদাহরণে খুব সংক্ষেপে বলা অনুশীলন করে।""}, {""phrase"": ""খুব সংক্ষেপে বলা"", ""example_sentence"": ""শিক্ষার্থীরা উদাহরণে খুব সংক্ষেপে বলা অনুশীলন করে।""}, {""phrase"": ""খুব সংক্ষেপে বলা"", ""example_sentence"": ""শিক্ষার্থীরা উদাহরণে খুব সংক্ষেপে বলা অনুশীলন করে।""}]",brief summary; concise explanation; short version,long explanation; full detail; expanded account,B1,01 - Communication & Discussion,"In a nutshell, the new policy saves time and reduces paper waste.",ব্যক্তিটি খুব সংক্ষেপে বলা করেছিল।,"office presentation slide summarizing a simple policy change, staff listening. Realistic contemporary setting, natural lighting, clear facial expressions, accurate everyday details, documentary photography style.","[""In a nutshell, the plan saves time."", ""In a nutshell, sales rose and costs fell."", ""In a nutshell, we need better training.""]"
Idiom,the devil is in the details,/ðə dɛvəl ɪz ɪn ðə dɪteɪlz/,thuh DEVOOHL EEZ een thuh DEETAYLZ,দা ডেভিল ইজ ইন দা ডিটেইলজ,Small overlooked details can cause major problems,ছোট উপেক্ষিত বিষয় বড় সমস্যা সৃষ্টি করতে পারে,"[{""phrase"": ""the devil is in the details for the team"", ""example_sentence"": ""That decision became the devil is in the details for the team after the results came in.""}, {""phrase"": ""the devil is in the details in the project"", ""example_sentence"": ""Everyone could see the devil is in the details in the project by the end of the week.""}, {""phrase"": ""the devil is in the details during the review"", ""example_sentence"": ""The feedback showed the devil is in the details during the review and helped us improve.""}]","[{""phrase"": ""দলের জন্য ছোট উপেক্ষিত বিষয় বড় সমস্যা সৃষ্টি করতে পারে"", ""example_sentence"": ""শিক্ষার্থীরা উদাহরণে দলের জন্য ছোট উপেক্ষিত বিষয় বড় সমস্যা সৃষ্টি করতে পারে অনুশীলন করে।""}, {""phrase"": ""প্রকল্পে ছোট উপেক্ষিত বিষয় বড় সমস্যা সৃষ্টি করতে পারে"", ""example_sentence"": ""শিক্ষার্থীরা উদাহরণে প্রকল্পে ছোট উপেক্ষিত বিষয় বড় সমস্যা সৃষ্টি করতে পারে অনুশীলন করে।""}, {""phrase"": ""পর্যালোচনার সময় ছোট উপেক্ষিত বিষয় বড় সমস্যা সৃষ্টি করতে পারে"", ""example_sentence"": ""শিক্ষার্থীরা উদাহরণে পর্যালোচনার সময় ছোট উপেক্ষিত বিষয় বড় সমস্যা সৃষ্টি করতে পারে অনুশীলন করে।""}]",details matter; small issues cause problems; hidden complications,big picture is enough; details are harmless; no hidden issues,C1,"07 - Problems, Difficulty & Risk","As they checked the final design, the engineer reminded the team that the devil is in the details.",As ছোট উপেক্ষিত বিষয় বড় সমস্যা সৃষ্টি করতে পারে অবস্থায় ছিল।,"Engineering team reviewing a final design closely, ruler, laptop, and technical drawings on the table, realistic professional scene.","[""With safety checks, the devil is in the details."", ""The recipe looked easy, but the devil is in the details."", ""She knew the devil is in the details when she reviewed the contract.""]"
